timestamp,machine_id,production_count,quality_score,temperature,operator
2025-01-01 00:00:00,M1,51.0,,66.59898120110252,OpA
2025-01-01 00:00:00,M2,49.0,0.0989486742982661,71.29239372882458,OpB
2025-01-01 00:00:00,M3,49.0,0.16820564330879595,70.75248001065091,OpC
2025-01-01 00:00:00,M4,53.0,0.2571437957738035,68.88797497785359,OpB
2025-01-01 01:00:00,M1,50.0,0.11733710543853783,70.36022056790303,OpC
2025-01-01 01:00:00,M2,32.0,0.6726208927166742,71.36599340192525,OpA
2025-01-01 01:00:00,M3,48.0,0.2652326563699218,73.5400626436957,OpB
2025-01-01 01:00:00,M4,54.0,0.039864194227655574,72.75700199388649,OpA
2025-01-01 02:00:00,M1,56.0,0.11512353764738771,74.46812430242942,OpA
2025-01-01 02:00:00,M2,51.0,0.07291706209579829,,OpC
2025-01-01 02:00:00,M3,57.0,,73.87156761148798,OpA
2025-01-01 02:00:00,M4,56.0,0.15225729166962457,74.52946132164507,OpC
2025-01-01 03:00:00,M1,51.0,0.06953777547987111,75.32665899188099,OpB
2025-01-01 03:00:00,M2,,0.4185817823281984,77.20049897099071,OpC
2025-01-01 03:00:00,M3,44.0,0.2925602182031092,74.12916979547575,OpB
2025-01-01 03:00:00,M4,65.0,0.26968403496472837,73.59147386873411,OpC
2025-01-01 04:00:00,M1,48.0,0.3319193862361086,79.3567132134594,OpC
2025-01-01 04:00:00,M2,48.0,0.16392131157288467,74.64466033135146,OpB
2025-01-01 04:00:00,M3,51.0,0.4274893964657956,81.19376494990777,OpB
2025-01-01 04:00:00,M4,47.0,0.1240266259720778,76.1285564644432,OpC
2025-01-01 05:00:00,M1,,0.10045149818136881,76.00084032339899,OpA
2025-01-01 05:00:00,M2,49.0,0.2425267234058576,80.95256215615814,OpB
2025-01-01 05:00:00,M3,49.0,,78.91131268708837,OpB
2025-01-01 05:00:00,M4,,0.30270480959033796,80.7434951851033,OpB
2025-01-01 06:00:00,M1,49.0,0.10166681672938098,78.39595462441417,OpA
2025-01-01 06:00:00,M2,47.0,0.38513991209685794,,OpB
2025-01-01 06:00:00,M3,48.0,0.18035726505779381,80.51681297654848,OpC
2025-01-01 06:00:00,M4,41.0,0.44698846496172445,77.95470689748937,OpB
2025-01-01 07:00:00,M1,48.0,0.3650382394293543,79.00820023078984,OpA
2025-01-01 07:00:00,M2,41.0,0.4142804389714221,80.95106744300125,OpC
2025-01-01 07:00:00,M3,54.0,0.2879109007972197,82.03170433597339,OpC
2025-01-01 07:00:00,M4,37.0,0.4346043224058789,78.06283927135595,OpA
2025-01-01 08:00:00,M1,43.0,0.5102350570671319,75.61620649333493,OpB
2025-01-01 08:00:00,M2,40.0,0.0443473548565323,81.7302657971853,OpB
2025-01-01 08:00:00,M3,50.0,0.3828117377050885,77.68620561029441,OpB
2025-01-01 08:00:00,M4,54.0,0.047229005731654665,75.23294906880787,OpC
2025-01-01 09:00:00,M1,61.0,0.46279803204221115,75.83814246453234,OpC
2025-01-01 09:00:00,M2,43.0,0.5400041833502446,76.94700740053975,OpA
2025-01-01 09:00:00,M3,52.0,0.24030373391992407,75.78844170449469,OpC
2025-01-01 09:00:00,M4,50.0,0.2640205110021077,78.65045103537557,OpA
2025-01-01 10:00:00,M1,54.0,,73.7836065054764,OpC
2025-01-01 10:00:00,M2,50.0,0.5910157622725364,76.99684055461134,OpB
2025-01-01 10:00:00,M3,55.0,0.6342069290242134,75.55635522355915,OpB
2025-01-01 10:00:00,M4,54.0,0.4819868216561252,74.13617293306913,OpB
2025-01-01 11:00:00,M1,50.0,0.08582937408161337,71.36244936267096,OpC
2025-01-01 11:00:00,M2,55.0,0.46973329504115036,73.1585510177741,OpB
2025-01-01 11:00:00,M3,53.0,0.32515812917904996,75.4450239074549,OpC
2025-01-01 11:00:00,M4,47.0,0.09633284068561404,70.86495601311341,OpA
2025-01-01 12:00:00,M1,49.0,0.7904805533522683,68.75872854903189,OpC
2025-01-01 12:00:00,M2,46.0,0.22356486117742375,70.29017961504162,OpB
2025-01-01 12:00:00,M3,56.0,,70.44723281179051,OpB
2025-01-01 12:00:00,M4,47.0,0.23558071335604217,69.74685497066004,OpA
2025-01-01 13:00:00,M1,50.0,,67.7944668356958,OpC
2025-01-01 13:00:00,M2,62.0,0.22215340684601004,67.74716645431654,OpC
2025-01-01 13:00:00,M3,51.0,0.2621539207524293,66.97668128128821,OpA
2025-01-01 13:00:00,M4,53.0,0.2187363655299598,66.02112475077813,OpB
2025-01-01 14:00:00,M1,46.0,,68.4227839050073,OpA
2025-01-01 14:00:00,M2,51.0,0.4970719888266643,65.51620366719156,OpA
2025-01-01 14:00:00,M3,64.0,0.7441779923097045,62.76746902951457,OpA
2025-01-01 14:00:00,M4,68.0,0.15902257130523723,65.26332728097773,OpA
2025-01-01 15:00:00,M1,54.0,0.07883090941431085,59.94764339181617,OpB
2025-01-01 15:00:00,M2,45.0,0.1955006640484899,64.4567911413013,OpC
2025-01-01 15:00:00,M3,46.0,0.3579306374531516,64.94335458261298,OpC
2025-01-01 15:00:00,M4,52.0,0.2313359179844273,61.62145614781356,OpC
2025-01-01 16:00:00,M1,60.0,0.4002233803659378,63.07492476646103,OpB
2025-01-01 16:00:00,M2,59.0,0.16220314283142181,61.03625608270923,OpA
2025-01-01 16:00:00,M3,45.0,0.32459081302834536,60.43598812593854,OpA
2025-01-01 16:00:00,M4,47.0,0.6148748570415993,64.62644364896988,OpC
2025-01-01 17:00:00,M1,43.0,0.4140959713716053,60.862780887625455,OpA
2025-01-01 17:00:00,M2,51.0,0.10100883584334593,62.23819910353245,OpB
2025-01-01 17:00:00,M3,47.0,0.18549229299254258,60.26439749782234,OpA
2025-01-01 17:00:00,M4,45.0,0.161757247381071,58.94861729313571,OpC
2025-01-01 18:00:00,M1,42.0,0.11745288075745675,60.105270681227296,OpA
2025-01-01 18:00:00,M2,48.0,0.12048444839275385,65.6590025495321,OpC
2025-01-01 18:00:00,M3,41.0,0.1488351826962627,57.41218133521712,OpA
2025-01-01 18:00:00,M4,40.0,0.33067759445427153,58.416147122518964,OpC
2025-01-01 19:00:00,M1,41.0,0.3714173975482038,60.96227804098505,OpC
2025-01-01 19:00:00,M2,36.0,0.39396798161742624,59.568431998694074,OpB
2025-01-01 19:00:00,M3,,0.11856585508146306,60.48838292121281,OpB
2025-01-01 19:00:00,M4,45.0,0.5214861194256305,62.061206453953275,OpC
2025-01-01 20:00:00,M1,,0.21777802083615375,62.78855867472457,OpC
2025-01-01 20:00:00,M2,53.0,0.37582619119611865,,OpC
2025-01-01 20:00:00,M3,46.0,,,OpB
2025-01-01 20:00:00,M4,52.0,0.4783507121603616,64.25071418185016,OpB
2025-01-01 21:00:00,M1,50.0,0.4429788566529264,60.249585877394644,OpB
2025-01-01 21:00:00,M2,62.0,,62.005312889728145,OpC
2025-01-01 21:00:00,M3,53.0,0.1412334010743106,64.00169558611171,OpC
2025-01-01 21:00:00,M4,47.0,0.23326867499221818,64.84628697908668,OpA
2025-01-01 22:00:00,M1,49.0,0.17189186455333422,67.45813890284542,OpA
2025-01-01 22:00:00,M2,61.0,0.14457416857146912,67.9380504882941,OpB
2025-01-01 22:00:00,M3,42.0,0.0782704864447722,64.78049915877092,OpB
2025-01-01 22:00:00,M4,45.0,,63.22854185985036,OpC
2025-01-01 23:00:00,M1,58.0,0.18255530291576275,66.33899865531536,OpC
2025-01-01 23:00:00,M2,50.0,0.5599892735391516,65.22403708966698,OpC
2025-01-01 23:00:00,M3,40.0,,64.73898588752292,OpC
2025-01-01 23:00:00,M4,51.0,0.09983206392534191,67.02633556493744,OpA
2025-01-02 00:00:00,M1,44.0,0.5035683953289678,74.71128750295871,OpA
2025-01-02 00:00:00,M2,52.0,0.19925578993205809,70.2374695367091,OpB
2025-01-02 00:00:00,M3,38.0,0.42856000289109636,67.69344643947336,OpA
2025-01-02 00:00:00,M4,42.0,0.15234727744502552,69.70747655446348,OpA
2025-01-02 01:00:00,M1,36.0,0.6137090035026831,72.63331974298822,OpC
2025-01-02 01:00:00,M2,43.0,0.13655814206158648,79.01881027747712,OpA
2025-01-02 01:00:00,M3,53.0,0.43380539891386966,70.44164122171247,OpB
2025-01-02 01:00:00,M4,58.0,0.6104734699716432,74.54132403183942,OpB
2025-01-02 02:00:00,M1,65.0,0.2679201545086745,75.02467726339705,OpA
2025-01-02 02:00:00,M2,55.0,0.12567541305845456,75.03585317991082,OpC
2025-01-02 02:00:00,M3,46.0,0.17926890657994843,76.01717501570113,OpA
2025-01-02 02:00:00,M4,41.0,0.4423435981559043,75.02621656848365,OpB
2025-01-02 03:00:00,M1,57.0,0.3357762526970245,74.23232173386617,OpB
2025-01-02 03:00:00,M2,61.0,0.11507825016229553,74.78267617156497,OpB
2025-01-02 03:00:00,M3,56.0,0.6811755049367844,77.79996922581871,OpC
2025-01-02 03:00:00,M4,38.0,0.06186577133993014,79.6329514338189,OpB
2025-01-02 04:00:00,M1,44.0,0.32330142740979034,77.39761002082571,OpC
2025-01-02 04:00:00,M2,35.0,0.14623473465064862,75.60693023657565,OpA
2025-01-02 04:00:00,M3,52.0,0.08848330413577031,80.08916248552443,OpC
2025-01-02 04:00:00,M4,39.0,0.09441107517489168,78.26560479168106,OpB
2025-01-02 05:00:00,M1,49.0,0.4101838546426666,80.39226141361758,OpA
2025-01-02 05:00:00,M2,42.0,,80.04570439330702,OpA
2025-01-02 05:00:00,M3,47.0,0.4355548296876806,,OpC
2025-01-02 05:00:00,M4,,0.2004811793775227,80.18895603122903,OpB
2025-01-02 06:00:00,M1,49.0,,,OpC
2025-01-02 06:00:00,M2,44.0,0.3373027544979211,80.66367507109277,OpB
2025-01-02 06:00:00,M3,63.0,0.4022582060475838,81.32551903484308,OpC
2025-01-02 06:00:00,M4,,0.11684794379984301,80.83124406651511,OpA
2025-01-02 07:00:00,M1,40.0,0.36815898722647467,76.08783644334873,OpC
2025-01-02 07:00:00,M2,35.0,0.5197123428927616,77.7251913976431,OpB
2025-01-02 07:00:00,M3,55.0,0.11405904838752436,79.84885853019068,OpC
2025-01-02 07:00:00,M4,40.0,0.2900915388262556,80.58907360281898,OpB
2025-01-02 08:00:00,M1,60.0,0.5214791901269071,80.41692670698438,OpB
2025-01-02 08:00:00,M2,45.0,,74.39511924938434,OpA
2025-01-02 08:00:00,M3,46.0,0.3658752757413161,77.13408800573342,OpA
2025-01-02 08:00:00,M4,41.0,,82.02418270461335,OpB
2025-01-02 09:00:00,M1,47.0,0.1027624836987382,75.2108253648008,OpA
2025-01-02 09:00:00,M2,51.0,0.24459645758834808,78.1994623104631,OpA
2025-01-02 09:00:00,M3,49.0,0.1094305025217117,76.12549779365618,OpC
2025-01-02 09:00:00,M4,55.0,0.56654817004251,78.22140149032717,OpC
2025-01-02 10:00:00,M1,49.0,,,OpC
2025-01-02 10:00:00,M2,62.0,0.4223068603551604,79.00154166257312,OpC
2025-01-02 10:00:00,M3,58.0,0.35515846680303925,75.73662864915754,OpC
2025-01-02 10:00:00,M4,,0.23339353404990992,76.51737625235802,OpC
2025-01-02 11:00:00,M1,50.0,0.33792285154725554,71.81300345532664,OpA
2025-01-02 11:00:00,M2,53.0,0.3415756920317275,72.48738058551628,OpB
2025-01-02 11:00:00,M3,51.0,0.2511996400632418,67.42980855361901,OpA
2025-01-02 11:00:00,M4,44.0,0.35483517697265327,71.86428558133795,OpC
2025-01-02 12:00:00,M1,47.0,0.32971510414075134,70.47172539954205,OpA
2025-01-02 12:00:00,M2,44.0,0.1801649295024394,70.8901342602163,OpA
2025-01-02 12:00:00,M3,50.0,0.1591201118183565,65.74944699293651,OpA
2025-01-02 12:00:00,M4,50.0,0.31400426609585474,71.98661064011898,OpA
2025-01-02 13:00:00,M1,50.0,0.51660084107116,68.11691047071683,OpB
2025-01-02 13:00:00,M2,44.0,0.24971419817019402,68.54907683949585,OpA
2025-01-02 13:00:00,M3,54.0,0.48650889967234545,65.47313149041412,OpB
2025-01-02 13:00:00,M4,51.0,0.27203159373131547,69.1593614572277,OpB
2025-01-02 14:00:00,M1,40.0,0.09572410913179136,63.71684109834974,OpB
2025-01-02 14:00:00,M2,57.0,0.0779822770194001,67.13502335357849,OpB
2025-01-02 14:00:00,M3,58.0,0.6127237029520896,64.5007229106465,OpB
2025-01-02 14:00:00,M4,43.0,0.19906332134077773,69.03144597480616,OpA
2025-01-02 15:00:00,M1,46.0,0.09758943717413457,63.78587385582434,OpC
2025-01-02 15:00:00,M2,45.0,,64.22570346137827,OpC
2025-01-02 15:00:00,M3,58.0,0.23516188319282283,65.89652360667237,OpC
2025-01-02 15:00:00,M4,48.0,0.0693600853103739,63.41731455979425,OpA
2025-01-02 16:00:00,M1,43.0,0.24233532731857862,61.59656482894262,OpB
2025-01-02 16:00:00,M2,53.0,0.428050760041498,,OpA
2025-01-02 16:00:00,M3,50.0,0.06687707929795332,61.23725338871027,OpA
2025-01-02 16:00:00,M4,64.0,0.19506352045171613,59.40578564681154,OpB
2025-01-02 17:00:00,M1,57.0,0.1163692659628723,,OpA
2025-01-02 17:00:00,M2,43.0,0.07827085027243373,61.06139004312728,OpC
2025-01-02 17:00:00,M3,45.0,0.3059439401076367,59.36405751572326,OpC
2025-01-02 17:00:00,M4,,0.03464951774395484,56.093462549484116,OpC
2025-01-02 18:00:00,M1,66.0,0.08724260555683494,58.80630224162467,OpB
2025-01-02 18:00:00,M2,37.0,0.31397193556440833,58.59246846225423,OpA
2025-01-02 18:00:00,M3,45.0,0.31083913910934247,62.19599811312779,OpB
2025-01-02 18:00:00,M4,42.0,0.14277303100896863,58.00538324211975,OpA
2025-01-02 19:00:00,M1,,0.35234799696651886,60.412952269200424,OpA
2025-01-02 19:00:00,M2,57.0,0.4205689641220129,60.65257897897779,OpB
2025-01-02 19:00:00,M3,43.0,0.18906152983628344,59.9835218408216,OpA
2025-01-02 19:00:00,M4,53.0,0.26046019473655013,59.16820406490832,OpC
2025-01-02 20:00:00,M1,46.0,0.2299325890380138,63.5912591892101,OpC
2025-01-02 20:00:00,M2,66.0,0.3585190359842178,58.23654165379595,OpB
2025-01-02 20:00:00,M3,38.0,0.3555734488161933,64.29086813252738,OpC
2025-01-02 20:00:00,M4,50.0,0.5422445961637401,61.842787981131615,OpB
2025-01-02 21:00:00,M1,35.0,0.7073036262373538,63.3214988875218,OpA
2025-01-02 21:00:00,M2,48.0,0.1205774402757218,64.70154987988474,OpA
2025-01-02 21:00:00,M3,53.0,0.16565125775620335,62.18445279039386,OpC
2025-01-02 21:00:00,M4,41.0,0.07232125102030033,60.66332403022251,OpC
2025-01-02 22:00:00,M1,53.0,0.3573536462494565,67.36743541343903,OpC
2025-01-02 22:00:00,M2,52.0,0.1950032680981509,65.08643542977353,OpB
2025-01-02 22:00:00,M3,54.0,,67.01344418611295,OpB
2025-01-02 22:00:00,M4,46.0,0.1266745747711939,62.943857095168596,OpB
2025-01-02 23:00:00,M1,58.0,0.3229553411317715,68.3942706704221,OpC
2025-01-02 23:00:00,M2,55.0,0.28341385757483206,,OpA
2025-01-02 23:00:00,M3,59.0,0.1237696670028329,67.89684336154347,OpA
2025-01-02 23:00:00,M4,58.0,0.665658829385735,66.60625609819674,OpA
2025-01-03 00:00:00,M1,,0.5038272359089202,66.97177098165704,OpA
2025-01-03 00:00:00,M2,47.0,0.6095870702794498,73.68246486184643,OpA
2025-01-03 00:00:00,M3,48.0,0.44380574623457647,71.10527395130515,OpA
2025-01-03 00:00:00,M4,49.0,0.2806803403885435,70.97160587849031,OpC
2025-01-03 01:00:00,M1,44.0,,72.90164214741353,OpA
2025-01-03 01:00:00,M2,39.0,0.14242926477674422,71.78248308611884,OpB
2025-01-03 01:00:00,M3,52.0,0.15690220254463808,73.541447469606,OpA
2025-01-03 01:00:00,M4,50.0,,,OpB
2025-01-03 02:00:00,M1,53.0,0.14060523688104176,75.33856232437006,OpA
2025-01-03 02:00:00,M2,55.0,0.20788978448393017,74.60345193475494,OpC
2025-01-03 02:00:00,M3,57.0,0.15342707390657853,74.68905360501084,OpB
2025-01-03 02:00:00,M4,38.0,0.47562350756985433,73.8630996924561,OpC
2025-01-03 03:00:00,M1,48.0,0.2884550417842199,74.55274149959791,OpA
2025-01-03 03:00:00,M2,44.0,0.30315617574585874,76.43415190197997,OpA
2025-01-03 03:00:00,M3,35.0,0.31065700551812325,78.10127124841529,OpB
2025-01-03 03:00:00,M4,43.0,0.17703142940200395,78.88574604443099,OpB
2025-01-03 04:00:00,M1,48.0,0.722106248791564,,OpC
2025-01-03 04:00:00,M2,49.0,0.2069171234966011,77.16824095772347,OpC
2025-01-03 04:00:00,M3,55.0,0.11983445513787513,73.1989728337834,OpA
2025-01-03 04:00:00,M4,55.0,0.19096919696899745,78.84041915512336,OpB
2025-01-03 05:00:00,M1,61.0,0.2530632614151429,82.11893677628746,OpA
2025-01-03 05:00:00,M2,43.0,0.22048946352973414,80.46132843955843,OpB
2025-01-03 05:00:00,M3,40.0,0.2121285908291086,80.55867831461337,OpB
2025-01-03 05:00:00,M4,54.0,0.5083847155545438,81.87787484535949,OpB
2025-01-03 06:00:00,M1,58.0,0.3106590552493974,79.49094500344485,OpB
2025-01-03 06:00:00,M2,50.0,0.4254638316198926,,OpA
2025-01-03 06:00:00,M3,48.0,0.09317992455154432,79.41679277847682,OpB
2025-01-03 06:00:00,M4,48.0,0.2313780796891808,80.72192870641501,OpB
2025-01-03 07:00:00,M1,33.0,0.39100795670984073,78.11768624008279,OpC
2025-01-03 07:00:00,M2,55.0,0.43260061054576093,79.44772601430937,OpA
2025-01-03 07:00:00,M3,45.0,0.6989205157627123,82.33567668818598,OpC
2025-01-03 07:00:00,M4,47.0,0.5708823815256718,80.46956105303963,OpC
2025-01-03 08:00:00,M1,49.0,0.4164215825270496,79.78601576904136,OpA
2025-01-03 08:00:00,M2,49.0,0.32011913149294124,,OpA
2025-01-03 08:00:00,M3,,0.3722963597663248,78.02930120897952,OpB
2025-01-03 08:00:00,M4,50.0,0.23175147197335255,79.27925544404484,OpA
2025-01-03 09:00:00,M1,44.0,0.12294491291885529,80.01749767621892,OpB
2025-01-03 09:00:00,M2,41.0,0.38859892538877655,76.74211590416637,OpA
2025-01-03 09:00:00,M3,53.0,,75.76007502647126,OpB
2025-01-03 09:00:00,M4,47.0,0.07676436273403218,77.33617427227982,OpC
2025-01-03 10:00:00,M1,50.0,0.7097547996418021,71.81112682903476,OpC
2025-01-03 10:00:00,M2,57.0,0.1706662956981795,73.55262241004542,OpC
2025-01-03 10:00:00,M3,48.0,0.503831853017266,,OpA
2025-01-03 10:00:00,M4,60.0,0.2169906998902444,74.03137692526157,OpB
2025-01-03 11:00:00,M1,43.0,0.2489896882782076,73.6924205616038,OpC
2025-01-03 11:00:00,M2,54.0,0.32630742038553384,72.47618532071148,OpA
2025-01-03 11:00:00,M3,45.0,0.17345335080050875,73.38342600612937,OpB
2025-01-03 11:00:00,M4,49.0,0.44377912530491687,68.22883695208785,OpB
2025-01-03 12:00:00,M1,44.0,,67.88272315414842,OpA
2025-01-03 12:00:00,M2,,0.19947912447956576,66.40643881184064,OpB
2025-01-03 12:00:00,M3,55.0,0.12089526850420514,70.80159888946433,OpA
2025-01-03 12:00:00,M4,61.0,0.5418019008017539,71.1134183666528,OpC
2025-01-03 13:00:00,M1,46.0,0.2873716212318662,72.43555748288804,OpB
2025-01-03 13:00:00,M2,55.0,0.5127669266990003,69.7804488295343,OpC
2025-01-03 13:00:00,M3,52.0,0.11019063030203291,66.37103827259635,OpB
2025-01-03 13:00:00,M4,54.0,0.30340572747437217,67.30232187471015,OpC
2025-01-03 14:00:00,M1,53.0,0.38539257560758206,62.04276552709189,OpA
2025-01-03 14:00:00,M2,47.0,0.723286337043556,65.84641979388954,OpA
2025-01-03 14:00:00,M3,53.0,0.19371413355408806,65.42393875881544,OpB
2025-01-03 14:00:00,M4,47.0,0.48808104135185915,65.29684384129695,OpC
2025-01-03 15:00:00,M1,57.0,0.40056326601881914,61.957715694809714,OpC
2025-01-03 15:00:00,M2,48.0,,63.00211939827965,OpC
2025-01-03 15:00:00,M3,,0.1889367699545811,64.47958622489165,OpB
2025-01-03 15:00:00,M4,63.0,0.3471435524944113,62.58300221798791,OpA
2025-01-03 16:00:00,M1,55.0,0.30443676545072307,64.07478732952777,OpB
2025-01-03 16:00:00,M2,49.0,0.027836614782865154,61.11030995075762,OpC
2025-01-03 16:00:00,M3,58.0,0.2078238709768569,64.21885485483035,OpC
2025-01-03 16:00:00,M4,58.0,0.07306172875590514,61.86818586812772,OpC
2025-01-03 17:00:00,M1,50.0,0.515522214369588,59.45951923506475,OpA
2025-01-03 17:00:00,M2,56.0,0.39800309713584286,55.23665744226744,OpB
2025-01-03 17:00:00,M3,45.0,0.24659707617002374,63.124291561309526,OpC
2025-01-03 17:00:00,M4,46.0,0.08865807298214928,60.59886361692653,OpC
2025-01-03 18:00:00,M1,48.0,0.3079607510675111,60.25218294877562,OpA
2025-01-03 18:00:00,M2,47.0,0.34105750291551096,59.26238536705125,OpC
2025-01-03 18:00:00,M3,59.0,0.17004821435350698,55.337444201419856,OpA
2025-01-03 18:00:00,M4,42.0,0.4081418928497206,59.8976937588464,OpA
2025-01-03 19:00:00,M1,46.0,0.28952094867947703,58.46331133971824,OpA
2025-01-03 19:00:00,M2,52.0,0.2965907266056334,62.696319291266164,OpA
2025-01-03 19:00:00,M3,56.0,0.5049746622416333,60.01952287299705,OpA
2025-01-03 19:00:00,M4,55.0,0.2535903236900055,59.77527818327494,OpB
2025-01-03 20:00:00,M1,32.0,,64.61107199860086,OpC
2025-01-03 20:00:00,M2,54.0,0.5476874946491979,62.49662667395359,OpB
2025-01-03 20:00:00,M3,59.0,0.11206636078272618,60.64239081941899,OpC
2025-01-03 20:00:00,M4,42.0,0.2228247752246728,60.41615244185153,OpA
2025-01-03 21:00:00,M1,42.0,0.24061017001405294,63.90888183352457,OpC
2025-01-03 21:00:00,M2,44.0,0.22441335433280452,66.09332395863518,OpA
2025-01-03 21:00:00,M3,46.0,0.14582435081027853,62.92605208953956,OpA
2025-01-03 21:00:00,M4,56.0,0.28353603059232385,62.224337424744775,OpB
2025-01-03 22:00:00,M1,53.0,0.4239114777270909,64.098929698205,OpC
2025-01-03 22:00:00,M2,51.0,0.2858322545854391,66.88294719614208,OpC
2025-01-03 22:00:00,M3,57.0,,63.74544269144558,OpB
2025-01-03 22:00:00,M4,46.0,0.5921767959649233,63.82715706101749,OpA
2025-01-03 23:00:00,M1,57.0,0.07712959597718273,,OpA
2025-01-03 23:00:00,M2,49.0,0.12055589535779035,69.98280875664777,OpC
2025-01-03 23:00:00,M3,54.0,0.25381149272719444,68.0911755068675,OpB
2025-01-03 23:00:00,M4,53.0,0.5600568970784545,69.35005647480013,OpC
2025-01-04 00:00:00,M1,57.0,0.41958467019123974,71.45893978899709,OpC
2025-01-04 00:00:00,M2,50.0,0.03858498488350975,70.42041074706401,OpC
2025-01-04 00:00:00,M3,54.0,0.24407160228801855,66.90423972221465,OpA
2025-01-04 00:00:00,M4,51.0,0.37522228623575526,69.5901859373015,OpC
2025-01-04 01:00:00,M1,60.0,0.6899691949067795,73.25134905914796,OpC
2025-01-04 01:00:00,M2,50.0,0.24157286718741905,74.10491540643872,OpC
2025-01-04 01:00:00,M3,35.0,0.4656875105719811,73.06822119484441,OpB
2025-01-04 01:00:00,M4,58.0,0.22424908291239543,72.58045586350427,OpA
2025-01-04 02:00:00,M1,49.0,0.11968445647777587,71.71242442107093,OpC
2025-01-04 02:00:00,M2,52.0,0.38933677161601515,,OpB
2025-01-04 02:00:00,M3,,0.13342589168986457,81.10740421200187,OpA
2025-01-04 02:00:00,M4,45.0,,74.45763940236658,OpC
2025-01-04 03:00:00,M1,62.0,0.4979012813764531,77.49839596433667,OpC
2025-01-04 03:00:00,M2,60.0,0.3663642141893997,,OpC
2025-01-04 03:00:00,M3,35.0,0.3723617264400703,,OpC
2025-01-04 03:00:00,M4,44.0,0.06518390025320055,73.81159714310354,OpA
2025-01-04 04:00:00,M1,39.0,0.011287119433283144,77.23113492607243,OpB
2025-01-04 04:00:00,M2,53.0,0.14012213121051184,78.01324784419664,OpC
2025-01-04 04:00:00,M3,60.0,0.29667940056340764,79.38055627636456,OpA
2025-01-04 04:00:00,M4,52.0,0.15877020436749575,81.42531600628364,OpC
2025-01-04 05:00:00,M1,40.0,0.383855500907428,75.60161199656201,OpC
2025-01-04 05:00:00,M2,54.0,0.1997128261814313,80.78781545865282,OpA
2025-01-04 05:00:00,M3,45.0,0.14960417744956853,81.05563978899283,OpB
2025-01-04 05:00:00,M4,53.0,0.3154765676169054,,OpA
2025-01-04 06:00:00,M1,62.0,0.09628127924620479,78.49045714014272,OpB
2025-01-04 06:00:00,M2,,0.08609287442438679,80.81083283670209,OpA
2025-01-04 06:00:00,M3,57.0,0.3430610106303078,81.04194955867378,OpA
2025-01-04 06:00:00,M4,40.0,0.17232496361528307,83.82210416234176,OpA
2025-01-04 07:00:00,M1,41.0,0.36428052546110484,80.63991797055203,OpB
2025-01-04 07:00:00,M2,52.0,0.0946462658013296,,OpB
2025-01-04 07:00:00,M3,,0.3988199982139902,80.45972097459453,OpC
2025-01-04 07:00:00,M4,43.0,0.14724473574466035,81.82067726731108,OpB
2025-01-04 08:00:00,M1,51.0,0.38670484808026145,79.80959816106221,OpB
2025-01-04 08:00:00,M2,48.0,0.19506083678766323,75.67268589829735,OpB
2025-01-04 08:00:00,M3,48.0,0.3526327273686829,80.84062125179705,OpB
2025-01-04 08:00:00,M4,54.0,0.11484008035588072,76.71938020679572,OpB
2025-01-04 09:00:00,M1,52.0,0.35603835011579743,75.70078780542022,OpC
2025-01-04 09:00:00,M2,33.0,0.3024427783107651,79.21475613893888,OpC
2025-01-04 09:00:00,M3,49.0,,78.02335281729746,OpB
2025-01-04 09:00:00,M4,51.0,0.25127277107826457,77.07959841519043,OpA
2025-01-04 10:00:00,M1,51.0,0.11312772839477435,76.21135612304701,OpB
2025-01-04 10:00:00,M2,55.0,0.289901997131244,75.60110056899236,OpB
2025-01-04 10:00:00,M3,49.0,0.190033543567193,76.68422884121414,OpC
2025-01-04 10:00:00,M4,53.0,0.2885053147239585,77.4962835775706,OpB
2025-01-04 11:00:00,M1,52.0,0.23176754350698534,72.44215869897776,OpC
2025-01-04 11:00:00,M2,50.0,0.44270418365788006,71.11713991649763,OpA
2025-01-04 11:00:00,M3,38.0,0.12910150956084437,75.34256446610591,OpB
2025-01-04 11:00:00,M4,38.0,,,OpA
2025-01-04 12:00:00,M1,51.0,0.32804103839034876,72.43468591784637,OpA
2025-01-04 12:00:00,M2,56.0,0.1558623002666891,70.53266667401267,OpC
2025-01-04 12:00:00,M3,46.0,0.16418424829055253,70.20306294521623,OpB
2025-01-04 12:00:00,M4,60.0,0.6137741225250924,67.79453663235296,OpB
2025-01-04 13:00:00,M1,48.0,0.362111488063775,69.09659295005171,OpB
2025-01-04 13:00:00,M2,41.0,0.3267753172505767,68.83929030184804,OpA
2025-01-04 13:00:00,M3,65.0,0.3339448813015909,68.22148845082495,OpB
2025-01-04 13:00:00,M4,39.0,0.762891964431234,65.86409165887598,OpB
2025-01-04 14:00:00,M1,43.0,0.20137302809720056,63.61705228070315,OpB
2025-01-04 14:00:00,M2,41.0,0.34167544392618937,63.32082350234275,OpA
2025-01-04 14:00:00,M3,45.0,0.3614392560780503,63.43326237663634,OpA
2025-01-04 14:00:00,M4,43.0,0.17832600769255047,66.15016463882766,OpB
2025-01-04 15:00:00,M1,,0.37485225220859586,58.76338725051268,OpB
2025-01-04 15:00:00,M2,54.0,0.1245262501736197,62.00211277998263,OpB
2025-01-04 15:00:00,M3,47.0,0.38788827015387567,60.92429032158179,OpA
2025-01-04 15:00:00,M4,51.0,0.5647944299346018,61.581563681162216,OpA
2025-01-04 16:00:00,M1,40.0,0.19298069608465152,,OpA
2025-01-04 16:00:00,M2,51.0,0.36995357461137396,59.3228160769836,OpA
2025-01-04 16:00:00,M3,33.0,0.1414280717412308,55.10443832095905,OpA
2025-01-04 16:00:00,M4,56.0,0.1208137782627351,62.01856749806932,OpC
2025-01-04 17:00:00,M1,51.0,0.14817225681523824,58.78984147302834,OpA
2025-01-04 17:00:00,M2,50.0,0.42897247246969183,62.96689033740661,OpC
2025-01-04 17:00:00,M3,51.0,0.22847862146314435,62.913859764679,OpB
2025-01-04 17:00:00,M4,57.0,0.26266190407596485,60.454292319343836,OpC
2025-01-04 18:00:00,M1,62.0,0.21210242257830939,59.636510766049774,OpB
2025-01-04 18:00:00,M2,44.0,0.2735719187826608,57.76531065207455,OpC
2025-01-04 18:00:00,M3,58.0,,,OpA
2025-01-04 18:00:00,M4,42.0,0.1578129864646546,59.0265790160454,OpB
2025-01-04 19:00:00,M1,44.0,0.3516633844058349,59.419728968248734,OpC
2025-01-04 19:00:00,M2,44.0,0.3231040695429744,63.6662799199218,OpC
2025-01-04 19:00:00,M3,54.0,0.09604708541946212,,OpA
2025-01-04 19:00:00,M4,60.0,0.3054324387496761,57.39372539833576,OpA
2025-01-04 20:00:00,M1,49.0,0.2549772473497607,62.28189321640624,OpA
2025-01-04 20:00:00,M2,51.0,0.07620215315289645,61.67468167862719,OpB
2025-01-04 20:00:00,M3,66.0,0.23631850555669148,59.29161866762643,OpC
2025-01-04 20:00:00,M4,44.0,0.0396008843874006,61.10456619495586,OpB
2025-01-04 21:00:00,M1,53.0,0.5070154149354841,61.84476106622789,OpC
2025-01-04 21:00:00,M2,47.0,0.18506926212651953,66.06751135856221,OpC
2025-01-04 21:00:00,M3,44.0,0.6496769804176187,65.51279881560917,OpB
2025-01-04 21:00:00,M4,47.0,0.04133858443557909,60.9389585858108,OpB
2025-01-04 22:00:00,M1,32.0,0.35455368059222,65.83143000484966,OpA
2025-01-04 22:00:00,M2,51.0,0.1717357887687044,64.94586534046557,OpC
2025-01-04 22:00:00,M3,69.0,0.21945200992145777,64.95773787769402,OpC
2025-01-04 22:00:00,M4,60.0,0.5514280409216669,62.67315377964335,OpB
2025-01-04 23:00:00,M1,32.0,,64.2140836919826,OpA
2025-01-04 23:00:00,M2,41.0,,68.84710044523958,OpB
2025-01-04 23:00:00,M3,48.0,0.37875364187237043,71.08764056844397,OpB
2025-01-04 23:00:00,M4,50.0,0.39302733449740135,65.93412211669123,OpA
2025-01-05 00:00:00,M1,46.0,0.758121245836832,69.59905896586412,OpC
2025-01-05 00:00:00,M2,37.0,0.3106276978387399,67.69781780349925,OpC
2025-01-05 00:00:00,M3,51.0,0.13892382049562715,67.54749322363409,OpC
2025-01-05 00:00:00,M4,48.0,0.42162614184043645,68.5690713190016,OpA
2025-01-05 01:00:00,M1,58.0,0.035961056014709246,69.30664579415739,OpB
2025-01-05 01:00:00,M2,45.0,0.1920945882661148,76.57105577568545,OpB
2025-01-05 01:00:00,M3,49.0,,73.29719820698656,OpC
2025-01-05 01:00:00,M4,48.0,0.04226435915059109,75.69032214077346,OpB
2025-01-05 02:00:00,M1,39.0,0.18185205385616526,75.81534635062873,OpB
2025-01-05 02:00:00,M2,49.0,0.3032877713098616,76.02622935322569,OpA
2025-01-05 02:00:00,M3,53.0,0.09085677964550681,73.49412656457277,OpC
2025-01-05 02:00:00,M4,42.0,0.399663991133173,73.00168611277171,OpC
2025-01-05 03:00:00,M1,43.0,0.47959660301537005,76.22592676666987,OpA
2025-01-05 03:00:00,M2,49.0,0.14652040887739892,76.94621041403875,OpB
2025-01-05 03:00:00,M3,57.0,,77.218328765095,OpB
2025-01-05 03:00:00,M4,56.0,0.20605219899342214,74.18174892509785,OpC
2025-01-05 04:00:00,M1,55.0,0.19429100018412282,75.24257560236347,OpA
2025-01-05 04:00:00,M2,58.0,0.08397461747241458,81.68704190484824,OpB
2025-01-05 04:00:00,M3,43.0,0.2047910885618899,,OpA
2025-01-05 04:00:00,M4,51.0,0.1501695090700257,78.72067500003448,OpC
2025-01-05 05:00:00,M1,48.0,0.36703075230949206,79.10670835587541,OpB
2025-01-05 05:00:00,M2,56.0,0.22980201279735418,79.09274148732867,OpA
2025-01-05 05:00:00,M3,45.0,0.09173387661949114,79.5548555946763,OpB
2025-01-05 05:00:00,M4,48.0,0.04089770561847221,79.27064683956637,OpC
2025-01-05 06:00:00,M1,44.0,0.17615840699282723,78.10436649071161,OpC
2025-01-05 06:00:00,M2,47.0,0.4072248384452196,77.1501655784684,OpC
2025-01-05 06:00:00,M3,59.0,,,OpB
2025-01-05 06:00:00,M4,54.0,0.314914815025256,79.92595084410856,OpB
2025-01-05 07:00:00,M1,52.0,0.4214514382561265,80.27434700569685,OpA
2025-01-05 07:00:00,M2,60.0,0.5974588294333938,80.22971325763692,OpB
2025-01-05 07:00:00,M3,52.0,0.5364004557411787,84.41654525800739,OpC
2025-01-05 07:00:00,M4,65.0,0.11700884758652495,81.61091942161623,OpB
2025-01-05 08:00:00,M1,45.0,0.2705351379834181,80.73355029534387,OpB
2025-01-05 08:00:00,M2,64.0,0.1620917905211381,74.53453711972075,OpC
2025-01-05 08:00:00,M3,48.0,0.05207694317533898,80.55734895617026,OpC
2025-01-05 08:00:00,M4,61.0,0.684039582692201,79.68443466509916,OpB
2025-01-05 09:00:00,M1,52.0,0.47586541263220566,79.50630545114835,OpC
2025-01-05 09:00:00,M2,36.0,0.14351013170435736,75.61665533907346,OpA
2025-01-05 09:00:00,M3,53.0,0.4276655751952086,79.52388439696816,OpB
2025-01-05 09:00:00,M4,53.0,0.1447039016501887,76.02590469957455,OpA
2025-01-05 10:00:00,M1,54.0,0.3357228478934877,74.98440866192657,OpA
2025-01-05 10:00:00,M2,46.0,0.25737088532934516,74.88867505434914,OpC
2025-01-05 10:00:00,M3,50.0,0.1826078252671445,75.3316669656884,OpA
2025-01-05 10:00:00,M4,58.0,,77.16966297387596,OpA
2025-01-05 11:00:00,M1,51.0,0.15742263682270793,73.82550839441413,OpC
2025-01-05 11:00:00,M2,,0.12510415706618366,70.534304844076,OpB
2025-01-05 11:00:00,M3,49.0,0.2324732424674062,71.03623748278156,OpB
2025-01-05 11:00:00,M4,53.0,0.5152435452118194,,OpC
2025-01-05 12:00:00,M1,50.0,0.07973240880301244,72.52632611059568,OpC
2025-01-05 12:00:00,M2,48.0,0.34600759852353474,72.12833031374286,OpA
2025-01-05 12:00:00,M3,45.0,0.11881167117240328,67.92664042157091,OpB
2025-01-05 12:00:00,M4,51.0,0.09197724216043587,72.44634321549646,OpA
2025-01-05 13:00:00,M1,50.0,0.035336452268235514,71.20414832998269,OpB
2025-01-05 13:00:00,M2,40.0,,69.01951125199369,OpA
2025-01-05 13:00:00,M3,51.0,0.11014073176543368,68.83153615227761,OpA
2025-01-05 13:00:00,M4,46.0,0.06791446422836761,67.68495826550453,OpB
2025-01-05 14:00:00,M1,,0.2587550951219751,63.53463266568556,OpA
2025-01-05 14:00:00,M2,52.0,0.2590730394247196,65.61509479977597,OpA
2025-01-05 14:00:00,M3,40.0,0.13372186336457323,70.3559790331859,OpC
2025-01-05 14:00:00,M4,51.0,0.21475140844957102,66.33489825974004,OpA
2025-01-05 15:00:00,M1,44.0,0.13634392520240068,64.35593719850854,OpB
2025-01-05 15:00:00,M2,57.0,0.2910982296531943,62.344051442134706,OpC
2025-01-05 15:00:00,M3,64.0,0.3261222370355594,64.99759543766145,OpA
2025-01-05 15:00:00,M4,55.0,0.6428215395276341,65.67438699404782,OpB
2025-01-05 16:00:00,M1,66.0,0.32762854796657886,60.799006631170684,OpA
2025-01-05 16:00:00,M2,47.0,0.2274603291761877,60.856047840728685,OpB
2025-01-05 16:00:00,M3,,0.5219851135370542,59.15044961108458,OpC
2025-01-05 16:00:00,M4,60.0,0.4994401403484637,62.0774696198253,OpC
2025-01-05 17:00:00,M1,50.0,0.42969185161638646,61.16890522604083,OpA
2025-01-05 17:00:00,M2,52.0,0.36221718684300763,59.62129816521953,OpA
2025-01-05 17:00:00,M3,49.0,0.1142818564803807,56.45428318013196,OpC
2025-01-05 17:00:00,M4,42.0,0.07912980770268896,59.53099597594535,OpB
2025-01-05 18:00:00,M1,56.0,0.15163648124842857,58.429266580502826,OpC
2025-01-05 18:00:00,M2,39.0,0.06096838104025207,60.27111241431333,OpC
2025-01-05 18:00:00,M3,53.0,,58.958548961795955,OpB
2025-01-05 18:00:00,M4,38.0,0.15670130151969802,54.08582613813434,OpA
2025-01-05 19:00:00,M1,53.0,0.5266457534834944,61.93070723925201,OpA
2025-01-05 19:00:00,M2,45.0,0.3360562802020104,58.33055125004603,OpB
2025-01-05 19:00:00,M3,52.0,0.574672343648645,62.574093038858734,OpB
2025-01-05 19:00:00,M4,51.0,0.17390770783737605,64.94686168500944,OpA
2025-01-05 20:00:00,M1,52.0,0.09549051643008521,58.09073263257818,OpA
2025-01-05 20:00:00,M2,51.0,0.23812846403755109,62.27296625868547,OpA
2025-01-05 20:00:00,M3,50.0,0.0382711750946947,60.59183390894767,OpB
2025-01-05 20:00:00,M4,51.0,0.12024799894979323,,OpA
2025-01-05 21:00:00,M1,44.0,0.36768930839890657,63.12465359601961,OpA
2025-01-05 21:00:00,M2,42.0,0.1934820749088223,63.26005517418772,OpA
2025-01-05 21:00:00,M3,43.0,,61.696449243841904,OpC
2025-01-05 21:00:00,M4,61.0,0.19090704007327838,60.745277472640794,OpC
2025-01-05 22:00:00,M1,54.0,0.15743319879044357,68.26421066370088,OpA
2025-01-05 22:00:00,M2,51.0,0.2466302666025029,64.70614956140835,OpB
2025-01-05 22:00:00,M3,60.0,0.1269831697347642,64.10280541114152,OpA
2025-01-05 22:00:00,M4,43.0,0.32945780763567994,62.06138834031228,OpA
2025-01-05 23:00:00,M1,64.0,0.2648205810075156,66.53675233119743,OpA
2025-01-05 23:00:00,M2,45.0,0.09820863315751581,66.64328517689832,OpA
2025-01-05 23:00:00,M3,48.0,0.221736880846198,68.53045106719912,OpA
2025-01-05 23:00:00,M4,49.0,0.34146068769587856,65.83060347388128,OpC
2025-01-06 00:00:00,M1,47.0,0.32434740338408435,67.50073682755009,OpC
2025-01-06 00:00:00,M2,38.0,0.4962374511343069,70.07958148655761,OpC
2025-01-06 00:00:00,M3,62.0,0.19943147993729768,73.3130426601328,OpC
2025-01-06 00:00:00,M4,40.0,,70.74823535959018,OpB
2025-01-06 01:00:00,M1,54.0,0.10882567460649047,73.39018422656308,OpB
2025-01-06 01:00:00,M2,,0.2663394895357332,72.49562306519469,OpA
2025-01-06 01:00:00,M3,48.0,0.529785650045617,71.02585379378581,OpA
2025-01-06 01:00:00,M4,52.0,0.1465981477351568,70.1681689515752,OpC
2025-01-06 02:00:00,M1,52.0,0.12393357807410474,75.51077675393023,OpB
2025-01-06 02:00:00,M2,55.0,0.15689812272970252,79.0007311339305,OpB
2025-01-06 02:00:00,M3,53.0,0.1794435359544267,76.24263662487024,OpA
2025-01-06 02:00:00,M4,51.0,0.34532635012184654,75.1255407355974,OpA
2025-01-06 03:00:00,M1,42.0,0.40996860392330225,78.44015104584756,OpA
2025-01-06 03:00:00,M2,61.0,0.3647903956448969,77.58769409044254,OpC
2025-01-06 03:00:00,M3,53.0,0.24694952305424406,78.61179650948115,OpA
2025-01-06 03:00:00,M4,63.0,0.230348544809288,77.5775588297232,OpA
2025-01-06 04:00:00,M1,52.0,0.4445959296430676,77.77621894704578,OpB
2025-01-06 04:00:00,M2,53.0,0.17690263204699688,81.8826200358719,OpB
2025-01-06 04:00:00,M3,60.0,0.29820391657077294,76.98613644702415,OpA
2025-01-06 04:00:00,M4,56.0,0.31860783577355495,74.7158036985867,OpB
2025-01-06 05:00:00,M1,61.0,0.17136462740410927,79.33316811170346,OpA
2025-01-06 05:00:00,M2,53.0,0.3808876832706588,79.01468050670208,OpA
2025-01-06 05:00:00,M3,49.0,0.03851567879966506,77.75855899525392,OpC
2025-01-06 05:00:00,M4,57.0,0.38097581233762307,82.59923379893011,OpA
2025-01-06 06:00:00,M1,58.0,0.39684053620121956,82.86965194182133,OpB
2025-01-06 06:00:00,M2,43.0,0.08100061309938891,80.5330998277179,OpB
2025-01-06 06:00:00,M3,55.0,,81.83364757753465,OpB
2025-01-06 06:00:00,M4,59.0,,81.92478935583682,OpC
2025-01-06 07:00:00,M1,46.0,0.1134336477771518,,OpA
2025-01-06 07:00:00,M2,50.0,0.4139490694598847,80.5407679056786,OpA
2025-01-06 07:00:00,M3,65.0,0.5044025246045571,82.20862710738317,OpA
2025-01-06 07:00:00,M4,52.0,0.2359660051749945,79.01508245044758,OpC
2025-01-06 08:00:00,M1,56.0,0.2874123537314962,74.03292609551778,OpB
2025-01-06 08:00:00,M2,,0.1103512419227546,80.84620757533258,OpB
2025-01-06 08:00:00,M3,48.0,,76.44134620941442,OpB
2025-01-06 08:00:00,M4,52.0,0.5101783122890147,77.14677972346546,OpB
2025-01-06 09:00:00,M1,59.0,0.38827388301721844,,OpC
2025-01-06 09:00:00,M2,55.0,0.6251266703933337,77.02672515530666,OpA
2025-01-06 09:00:00,M3,52.0,0.042213087035241965,78.85072342910027,OpC
2025-01-06 09:00:00,M4,48.0,0.3031124734768206,78.46315940315378,OpC
2025-01-06 10:00:00,M1,47.0,0.02828489772537334,74.66284965858934,OpC
2025-01-06 10:00:00,M2,54.0,0.5299453901956547,73.77844745606637,OpA
2025-01-06 10:00:00,M3,52.0,0.34071117433313586,74.2138012268399,OpB
2025-01-06 10:00:00,M4,43.0,0.34786304321212613,76.35281158106041,OpC
2025-01-06 11:00:00,M1,49.0,0.14854618965244737,73.3513999919205,OpC
2025-01-06 11:00:00,M2,,0.029157361449833906,73.46855807413714,OpC
2025-01-06 11:00:00,M3,61.0,0.10340331920830993,,OpB
2025-01-06 11:00:00,M4,47.0,0.11016954226949259,71.06223541903405,OpC
2025-01-06 12:00:00,M1,40.0,0.22783677453858497,69.62604453361988,OpA
2025-01-06 12:00:00,M2,51.0,0.2091987638719275,69.84420524382459,OpA
2025-01-06 12:00:00,M3,71.0,0.19575895239816,70.33136960887043,OpC
2025-01-06 12:00:00,M4,54.0,0.2051679566327726,72.22389328021397,OpA
2025-01-06 13:00:00,M1,51.0,0.16986504136972133,70.83907910599666,OpC
2025-01-06 13:00:00,M2,46.0,0.1316380045295513,68.78279687046171,OpB
2025-01-06 13:00:00,M3,56.0,0.47073019896685503,66.51729903257758,OpC
2025-01-06 13:00:00,M4,55.0,0.37905280135421815,66.97405080183076,OpC
2025-01-06 14:00:00,M1,39.0,0.1769550465702552,61.9028626536119,OpA
2025-01-06 14:00:00,M2,64.0,0.12712361152416682,65.28528183791495,OpC
2025-01-06 14:00:00,M3,46.0,0.41644607427717284,64.6583578703416,OpB
2025-01-06 14:00:00,M4,40.0,0.37358179973717526,64.68958052740165,OpB
2025-01-06 15:00:00,M1,43.0,0.46694996343525547,63.48514862478577,OpB
2025-01-06 15:00:00,M2,47.0,0.33262263470641756,59.21586531611882,OpA
2025-01-06 15:00:00,M3,50.0,0.4139415896704764,64.72583569289584,OpB
2025-01-06 15:00:00,M4,36.0,0.20972865650492484,62.85684913787214,OpA
2025-01-06 16:00:00,M1,46.0,0.2560681197181623,60.597067427557086,OpA
2025-01-06 16:00:00,M2,,0.3854303186627975,60.233014660636115,OpA
2025-01-06 16:00:00,M3,54.0,0.15301447768198528,62.35258672248718,OpC
2025-01-06 16:00:00,M4,54.0,0.4885151363331639,62.19040992619338,OpC
2025-01-06 17:00:00,M1,49.0,0.39223920464987777,61.74611744986815,OpA
2025-01-06 17:00:00,M2,,0.38200371275832673,62.17224662745123,OpA
2025-01-06 17:00:00,M3,59.0,0.3102197328196855,59.17072932170831,OpA
2025-01-06 17:00:00,M4,45.0,0.2686613598426013,61.030627445600295,OpA
2025-01-06 18:00:00,M1,54.0,0.08727478126294436,65.68851835913509,OpA
2025-01-06 18:00:00,M2,58.0,0.20970498150040637,60.27814528470326,OpB
2025-01-06 18:00:00,M3,54.0,0.27595439094217955,62.62912363948003,OpC
2025-01-06 18:00:00,M4,43.0,0.3048754982600217,59.86911274085977,OpB
2025-01-06 19:00:00,M1,40.0,0.24970086870076796,65.27508913590411,OpC
2025-01-06 19:00:00,M2,44.0,0.457356736893204,66.88557207846081,OpA
2025-01-06 19:00:00,M3,52.0,0.2318193099846859,61.577263162362826,OpA
2025-01-06 19:00:00,M4,62.0,0.1962669965068398,59.70500170964186,OpA
2025-01-06 20:00:00,M1,51.0,0.3941703209618796,60.83515620295084,OpC
2025-01-06 20:00:00,M2,44.0,0.1099231135118484,60.558378858545005,OpA
2025-01-06 20:00:00,M3,46.0,0.12073861053713077,57.4879862342154,OpA
2025-01-06 20:00:00,M4,52.0,0.17989990323571808,61.398636173699,OpC
2025-01-06 21:00:00,M1,41.0,0.4764043069139752,62.741292861604755,OpA
2025-01-06 21:00:00,M2,57.0,0.06546722075119679,63.595881613871846,OpA
2025-01-06 21:00:00,M3,57.0,0.24562673087326564,63.40429064726265,OpC
2025-01-06 21:00:00,M4,58.0,0.3595861408913127,62.71302960250569,OpA
2025-01-06 22:00:00,M1,56.0,0.08397727275522827,65.83824017443945,OpB
2025-01-06 22:00:00,M2,57.0,0.5222833211953674,69.03492776428796,OpB
2025-01-06 22:00:00,M3,49.0,0.0680701381442372,62.38455651249993,OpA
2025-01-06 22:00:00,M4,62.0,0.5351900174639703,66.96455030021555,OpA
2025-01-06 23:00:00,M1,55.0,0.2616104212076766,66.08163340396456,OpA
2025-01-06 23:00:00,M2,48.0,0.18882643447071765,64.97647009816548,OpC
2025-01-06 23:00:00,M3,34.0,,68.107802851274,OpC
2025-01-06 23:00:00,M4,45.0,0.28460892425704076,66.7607005161237,OpC
2025-01-07 00:00:00,M1,38.0,0.2296445813801334,69.82606328061394,OpB
2025-01-07 00:00:00,M2,57.0,0.10752071407188692,71.68079432858485,OpA
2025-01-07 00:00:00,M3,50.0,0.2313839414520922,70.02066522285277,OpC
2025-01-07 00:00:00,M4,53.0,0.2234511287994793,71.7010696964539,OpB
2025-01-07 01:00:00,M1,53.0,0.1930069974502396,73.73203033017755,OpA
2025-01-07 01:00:00,M2,60.0,0.07578285574505303,73.27573106653362,OpA
2025-01-07 01:00:00,M3,47.0,0.24594934148088105,72.25622187037733,OpA
2025-01-07 01:00:00,M4,59.0,0.6357945494785451,73.24307847425041,OpB
2025-01-07 02:00:00,M1,,0.3454541882156284,73.83770097338024,OpA
2025-01-07 02:00:00,M2,50.0,0.232522974016009,77.85664009443622,OpB
2025-01-07 02:00:00,M3,60.0,0.1547493454187971,75.8360365672368,OpC
2025-01-07 02:00:00,M4,52.0,0.3863120104617471,75.71811407953334,OpC
2025-01-07 03:00:00,M1,38.0,0.3043583555390938,74.89706544796086,OpA
2025-01-07 03:00:00,M2,38.0,0.5254608677205649,80.42369857875075,OpA
2025-01-07 03:00:00,M3,65.0,0.15910247129986546,72.33827975234279,OpA
2025-01-07 03:00:00,M4,42.0,0.19800854010196567,78.51578530974996,OpB
2025-01-07 04:00:00,M1,46.0,0.20304564147108944,74.34407205591071,OpC
2025-01-07 04:00:00,M2,44.0,0.26797811172473535,79.22796345774013,OpB
2025-01-07 04:00:00,M3,59.0,0.10889891916234737,77.48909794801341,OpB
2025-01-07 04:00:00,M4,45.0,0.22048993609591874,80.49117774129587,OpB
2025-01-07 05:00:00,M1,46.0,0.11334997704976812,81.10839175797217,OpB
2025-01-07 05:00:00,M2,,0.3578964411915194,79.93839999382747,OpB
2025-01-07 05:00:00,M3,42.0,0.10108370406752695,78.10300333611369,OpA
2025-01-07 05:00:00,M4,59.0,0.0895763859898425,81.57404693676565,OpB
2025-01-07 06:00:00,M1,65.0,,80.00276856459513,OpA
2025-01-07 06:00:00,M2,50.0,,78.82569573573258,OpA
2025-01-07 06:00:00,M3,49.0,0.10085036660904584,75.80004541805395,OpC
2025-01-07 06:00:00,M4,70.0,0.23867776989388512,80.76165954639391,OpA
2025-01-07 07:00:00,M1,49.0,0.28034670762997194,79.05655002353429,OpA
2025-01-07 07:00:00,M2,65.0,0.09813464996074173,76.75866017735963,OpC
2025-01-07 07:00:00,M3,39.0,0.10871337819605942,,OpC
2025-01-07 07:00:00,M4,50.0,0.29791097432324953,80.80040859043302,OpC
2025-01-07 08:00:00,M1,50.0,0.0901723179856581,82.77883346723257,OpB
2025-01-07 08:00:00,M2,59.0,,76.62693147289137,OpA
2025-01-07 08:00:00,M3,52.0,0.3686719608663344,78.39325999873819,OpC
2025-01-07 08:00:00,M4,54.0,0.48560913232314434,79.12703865731805,OpB
2025-01-07 09:00:00,M1,45.0,0.21460680142711597,79.70268083695767,OpA
2025-01-07 09:00:00,M2,45.0,0.3453155577798447,79.86238186059228,OpB
2025-01-07 09:00:00,M3,58.0,0.134914187744034,79.15158926325866,OpB
2025-01-07 09:00:00,M4,53.0,0.3139390624582286,77.62445523937875,OpC
2025-01-07 10:00:00,M1,54.0,,75.97105253640123,OpC
2025-01-07 10:00:00,M2,40.0,0.6061658394822779,,OpB
2025-01-07 10:00:00,M3,38.0,0.3625749612599107,70.76284750470538,OpC
2025-01-07 10:00:00,M4,46.0,0.30249877365725836,74.89125952490573,OpC
2025-01-07 11:00:00,M1,52.0,0.06362598754590147,71.43441755694766,OpB
2025-01-07 11:00:00,M2,45.0,,71.17259394908467,OpB
2025-01-07 11:00:00,M3,52.0,0.20805814692920843,70.39791882128537,OpA
2025-01-07 11:00:00,M4,51.0,0.3405676952281765,72.83769477626892,OpB
2025-01-07 12:00:00,M1,,0.5470234104631833,70.37577461187631,OpB
2025-01-07 12:00:00,M2,37.0,0.14906803651878106,69.47427938189804,OpA
2025-01-07 12:00:00,M3,45.0,0.05685398025686082,69.91104281265532,OpA
2025-01-07 12:00:00,M4,50.0,0.4316357054113203,67.50258478571804,OpB
2025-01-07 13:00:00,M1,50.0,0.5681567093050292,67.24025814707396,OpC
2025-01-07 13:00:00,M2,53.0,0.35118121392271673,67.79118301517927,OpB
2025-01-07 13:00:00,M3,49.0,0.2501221626387577,63.332467422201354,OpA
2025-01-07 13:00:00,M4,45.0,0.3051553809237178,64.6004727358123,OpA
2025-01-07 14:00:00,M1,47.0,0.584441919133838,66.13287559825056,OpC
2025-01-07 14:00:00,M2,62.0,0.554136880167352,63.2284497186639,OpA
2025-01-07 14:00:00,M3,50.0,0.43650248665563013,66.99396215635846,OpA
2025-01-07 14:00:00,M4,50.0,0.16294027842003012,65.88060295406771,OpB
2025-01-07 15:00:00,M1,53.0,0.43135979991692674,64.33699934621112,OpB
2025-01-07 15:00:00,M2,46.0,0.2831209638697719,64.43249215506458,OpA
2025-01-07 15:00:00,M3,44.0,0.23879126783126578,63.128219704670364,OpA
2025-01-07 15:00:00,M4,42.0,0.41914489175801917,66.08689863329344,OpA
2025-01-07 16:00:00,M1,45.0,0.5689450682168884,61.991564784500284,OpC
2025-01-07 16:00:00,M2,59.0,0.12945586343862345,,OpC
2025-01-07 16:00:00,M3,37.0,0.39339637341196443,64.24073918622281,OpA
2025-01-07 16:00:00,M4,48.0,0.287731310356863,63.97783331961638,OpA
2025-01-07 17:00:00,M1,45.0,0.16728912612648797,57.39016175072546,OpB
2025-01-07 17:00:00,M2,56.0,0.3306884807151035,60.72378717250273,OpB
2025-01-07 17:00:00,M3,62.0,0.22918384675245576,59.11871342058249,OpA
2025-01-07 17:00:00,M4,57.0,0.19351807914092736,61.776898687140196,OpB
2025-01-07 18:00:00,M1,52.0,,61.13262230673912,OpC
2025-01-07 18:00:00,M2,50.0,0.22517518959930344,61.06835979912371,OpB
2025-01-07 18:00:00,M3,54.0,0.19692045249638815,60.925433050054764,OpC
2025-01-07 18:00:00,M4,42.0,0.03871703561375506,63.62254563965542,OpC
2025-01-07 19:00:00,M1,46.0,0.08776124142665626,60.395389627614016,OpC
2025-01-07 19:00:00,M2,,0.0164738891463083,57.91676676537754,OpC
2025-01-07 19:00:00,M3,53.0,0.1729072257626094,60.16578930727914,OpB
2025-01-07 19:00:00,M4,57.0,,60.14477504117728,OpA
2025-01-07 20:00:00,M1,77.0,0.5952840050112398,63.18596340472833,OpC
2025-01-07 20:00:00,M2,72.0,0.39952028036886184,63.366080800381106,OpA
2025-01-07 20:00:00,M3,46.0,0.6680715443427916,60.77816920057947,OpB
2025-01-07 20:00:00,M4,56.0,0.32121415256228886,59.885103694660344,OpB
2025-01-07 21:00:00,M1,53.0,0.07458164454046098,61.09656039514835,OpC
2025-01-07 21:00:00,M2,47.0,0.46971356480198334,60.65992754039945,OpA
2025-01-07 21:00:00,M3,50.0,0.13423991498973858,61.23749945005361,OpC
2025-01-07 21:00:00,M4,,0.4044073782309933,65.19260324683128,OpA
2025-01-07 22:00:00,M1,46.0,0.4941367224406825,62.39849768089514,OpB
2025-01-07 22:00:00,M2,55.0,0.6120727679397107,63.79006460438299,OpA
2025-01-07 22:00:00,M3,56.0,0.24598097646519834,66.0202509414926,OpA
2025-01-07 22:00:00,M4,43.0,0.17060320672607446,,OpC
2025-01-07 23:00:00,M1,41.0,0.24422376823963587,70.72283395732997,OpC
2025-01-07 23:00:00,M2,45.0,0.34462733909476484,70.23823538556509,OpA
2025-01-07 23:00:00,M3,56.0,0.28284374103643173,67.28009413192352,OpA
2025-01-07 23:00:00,M4,63.0,0.4890903704409443,65.44623249012163,OpB
2025-01-08 00:00:00,M1,56.0,0.2340911433925647,71.5848695074614,OpB
2025-01-08 00:00:00,M2,58.0,0.2203945461945642,66.9062926518933,OpC
2025-01-08 00:00:00,M3,60.0,0.4788236534264667,67.78919865727268,OpC
2025-01-08 00:00:00,M4,50.0,0.09440389716688406,70.73853929224565,OpC
2025-01-08 01:00:00,M1,59.0,,76.19780068302501,OpB
2025-01-08 01:00:00,M2,48.0,0.22956731288634674,,OpB
2025-01-08 01:00:00,M3,37.0,0.4177058323109952,75.07381213329646,OpA
2025-01-08 01:00:00,M4,67.0,0.6255090064987946,72.82710723785894,OpC
2025-01-08 02:00:00,M1,45.0,,74.30694300370745,OpB
2025-01-08 02:00:00,M2,34.0,,73.61854180991067,OpA
2025-01-08 02:00:00,M3,49.0,0.5145947311071538,76.85695469792279,OpB
2025-01-08 02:00:00,M4,54.0,0.252555919956522,75.57780656401293,OpA
2025-01-08 03:00:00,M1,52.0,0.24615843256541375,77.99904281637151,OpA
2025-01-08 03:00:00,M2,61.0,0.09639075249312758,77.81552996840978,OpC
2025-01-08 03:00:00,M3,58.0,0.520208656783591,74.55111036629866,OpB
2025-01-08 03:00:00,M4,47.0,0.2065505239887715,75.3567107178818,OpC
2025-01-08 04:00:00,M1,38.0,0.45112964287603613,78.42343964758955,OpA
2025-01-08 04:00:00,M2,49.0,0.052084824597110196,79.94215488231941,OpA
2025-01-08 04:00:00,M3,60.0,0.2329512333044081,79.52624698721306,OpA
2025-01-08 04:00:00,M4,50.0,0.3652630038683381,80.68240585073137,OpC
2025-01-08 05:00:00,M1,56.0,0.5250182888568339,78.95577059103877,OpA
2025-01-08 05:00:00,M2,53.0,0.038330783113299495,76.61396636357605,OpB
2025-01-08 05:00:00,M3,47.0,0.07612204244894467,79.21594063334942,OpC
2025-01-08 05:00:00,M4,51.0,,84.12332652815203,OpC
2025-01-08 06:00:00,M1,53.0,0.40406963730334305,80.42992276472359,OpC
2025-01-08 06:00:00,M2,50.0,0.6052036824853009,79.82119431479501,OpB
2025-01-08 06:00:00,M3,59.0,0.26867411738109764,81.05179320435225,OpB
2025-01-08 06:00:00,M4,55.0,0.1815501554157583,78.95709980286951,OpB
2025-01-08 07:00:00,M1,61.0,0.09732532438559946,77.6097481534901,OpB
2025-01-08 07:00:00,M2,41.0,0.08718782886267906,81.59092583349576,OpA
2025-01-08 07:00:00,M3,53.0,0.332699505209272,78.8709013225485,OpA
2025-01-08 07:00:00,M4,47.0,0.4230441186473836,80.2497536618173,OpB
2025-01-08 08:00:00,M1,64.0,0.29163050017231185,78.46414583316678,OpC
2025-01-08 08:00:00,M2,,0.5005286514487394,79.3064279014176,OpC
2025-01-08 08:00:00,M3,49.0,0.20052287656882736,78.74118911008108,OpC
2025-01-08 08:00:00,M4,42.0,0.10095956097727307,78.96641780253726,OpB
2025-01-08 09:00:00,M1,62.0,0.39535697555666754,76.37934575477617,OpA
2025-01-08 09:00:00,M2,57.0,0.06740087748703598,76.63234039554663,OpA
2025-01-08 09:00:00,M3,47.0,,73.17262534934648,OpB
2025-01-08 09:00:00,M4,52.0,0.2868370813447557,,OpA
2025-01-08 10:00:00,M1,48.0,0.04563081641739649,75.37646559262028,OpB
2025-01-08 10:00:00,M2,45.0,0.34282936555313454,70.7551107724586,OpB
2025-01-08 10:00:00,M3,53.0,0.7154985080557131,76.10512628233859,OpB
2025-01-08 10:00:00,M4,65.0,,75.87435939255928,OpB
2025-01-08 11:00:00,M1,49.0,0.1734599439276451,72.55943364017817,OpC
2025-01-08 11:00:00,M2,64.0,0.21393577928303223,71.88753092539221,OpA
2025-01-08 11:00:00,M3,52.0,0.07888214809950911,73.01925971421367,OpC
2025-01-08 11:00:00,M4,42.0,0.5649993837597549,74.15513768444288,OpC
2025-01-08 12:00:00,M1,40.0,,68.56246096036908,OpC
2025-01-08 12:00:00,M2,46.0,0.1547283863485856,72.4406655193872,OpA
2025-01-08 12:00:00,M3,48.0,0.24277891192514778,70.48207020189095,OpA
2025-01-08 12:00:00,M4,50.0,0.22773860598956064,67.30915760682049,OpA
2025-01-08 13:00:00,M1,56.0,0.3868888835333579,68.08332853644087,OpB
2025-01-08 13:00:00,M2,62.0,0.31326453249122876,64.61570096119102,OpB
2025-01-08 13:00:00,M3,51.0,0.11246151253302311,66.3878375514385,OpC
2025-01-08 13:00:00,M4,62.0,0.2452846724088452,66.22083903843918,OpB
2025-01-08 14:00:00,M1,45.0,0.3930611279338462,63.54254194490623,OpB
2025-01-08 14:00:00,M2,52.0,0.2929939652649633,63.31928456641316,OpA
2025-01-08 14:00:00,M3,39.0,0.2966935569997738,65.73990680290464,OpA
2025-01-08 14:00:00,M4,48.0,0.4295564203058551,62.882725412019965,OpA
2025-01-08 15:00:00,M1,47.0,0.10837216355777846,65.2198798083076,OpC
2025-01-08 15:00:00,M2,,0.15384265818753118,60.020762451018506,OpC
2025-01-08 15:00:00,M3,43.0,0.5100054682235365,66.59837214310286,OpC
2025-01-08 15:00:00,M4,46.0,0.19991108688044026,61.81407555883667,OpA
2025-01-08 16:00:00,M1,54.0,0.6167069901424804,58.28884958296482,OpC
2025-01-08 16:00:00,M2,48.0,0.3169150511563794,54.91654463547325,OpA
2025-01-08 16:00:00,M3,64.0,0.0683167744199455,,OpC
2025-01-08 16:00:00,M4,49.0,0.05815868421486236,58.767870813611175,OpB
2025-01-08 17:00:00,M1,61.0,0.3447834074724924,57.99392560524362,OpC
2025-01-08 17:00:00,M2,63.0,0.09462255229112637,61.01041244433612,OpB
2025-01-08 17:00:00,M3,47.0,0.49261367428670744,61.03310971331632,OpA
2025-01-08 17:00:00,M4,51.0,0.6308408689210476,62.45033850353683,OpB
2025-01-08 18:00:00,M1,53.0,0.15030327920605965,,OpB
2025-01-08 18:00:00,M2,53.0,0.2617681484512856,60.708557045161484,OpB
2025-01-08 18:00:00,M3,56.0,0.5586971384821889,61.08872135891693,OpB
2025-01-08 18:00:00,M4,49.0,0.1787797025014846,56.412224129334206,OpA
2025-01-08 19:00:00,M1,63.0,0.16123895280029193,59.3207159466236,OpB
2025-01-08 19:00:00,M2,48.0,0.10534411811998555,60.549601148981324,OpA
2025-01-08 19:00:00,M3,54.0,0.11034607825830439,64.01445907163635,OpC
2025-01-08 19:00:00,M4,45.0,0.2704801265026459,60.06254361694477,OpC
2025-01-08 20:00:00,M1,50.0,0.44002897559518106,59.736287503573394,OpA
2025-01-08 20:00:00,M2,41.0,0.4153481413196068,59.02909879246512,OpA
2025-01-08 20:00:00,M3,34.0,0.3097220403439694,61.53341135023749,OpB
2025-01-08 20:00:00,M4,49.0,,62.23825583384391,OpC
2025-01-08 21:00:00,M1,44.0,0.5341993224234863,63.92724036403783,OpB
2025-01-08 21:00:00,M2,53.0,0.3008672136390163,63.54891855839983,OpC
2025-01-08 21:00:00,M3,49.0,0.2704134794944694,62.18005796439302,OpB
2025-01-08 21:00:00,M4,55.0,0.2457809896433458,64.59719131702883,OpC
2025-01-08 22:00:00,M1,47.0,0.5395898915008976,67.37733149406505,OpA
2025-01-08 22:00:00,M2,42.0,0.646461806728617,66.04001837967822,OpC
2025-01-08 22:00:00,M3,51.0,,65.64039203021343,OpB
2025-01-08 22:00:00,M4,44.0,0.160595954209005,64.3396149727377,OpB
2025-01-08 23:00:00,M1,49.0,0.233515751118322,66.6249018282954,OpA
2025-01-08 23:00:00,M2,52.0,0.15294029374202786,69.00015647608153,OpA
2025-01-08 23:00:00,M3,49.0,0.4055254375996216,70.6454627655056,OpC
2025-01-08 23:00:00,M4,44.0,0.41433022117477636,67.42127175302397,OpA
2025-01-09 00:00:00,M1,53.0,0.14469927747886893,69.4930226994502,OpC
2025-01-09 00:00:00,M2,63.0,0.37348576713408754,70.68427635729579,OpC
2025-01-09 00:00:00,M3,46.0,0.07769694792475751,69.83078570041617,OpC
2025-01-09 00:00:00,M4,65.0,0.3024867548605765,67.2753911515105,OpA
2025-01-09 01:00:00,M1,51.0,0.34343951696567704,74.85431055155618,OpB
2025-01-09 01:00:00,M2,51.0,0.06463345605293665,71.05407273457917,OpB
2025-01-09 01:00:00,M3,35.0,0.42219573664215004,72.02406956449703,OpC
2025-01-09 01:00:00,M4,51.0,0.24747241079017973,76.08800986451128,OpA
2025-01-09 02:00:00,M1,51.0,0.028774942214358588,,OpA
2025-01-09 02:00:00,M2,58.0,0.2434341750726854,73.74465540982904,OpA
2025-01-09 02:00:00,M3,44.0,0.054227777698582544,75.06167700337076,OpA
2025-01-09 02:00:00,M4,51.0,0.11891627612540123,75.19190541639028,OpA
2025-01-09 03:00:00,M1,49.0,0.11040005873969834,73.92958499791115,OpC
2025-01-09 03:00:00,M2,43.0,0.29266557129091697,,OpC
2025-01-09 03:00:00,M3,45.0,0.2153266862993237,75.79075119247616,OpC
2025-01-09 03:00:00,M4,54.0,0.07083319918090883,79.47353216339104,OpA
2025-01-09 04:00:00,M1,49.0,0.11252245706822059,77.88192317873775,OpA
2025-01-09 04:00:00,M2,51.0,0.400378623936288,80.93982035125522,OpB
2025-01-09 04:00:00,M3,44.0,0.14275045173846473,75.90075493333742,OpA
2025-01-09 04:00:00,M4,41.0,0.33610379350471525,76.94848898491108,OpA
2025-01-09 05:00:00,M1,44.0,0.250913767799633,80.3744355982324,OpA
2025-01-09 05:00:00,M2,58.0,0.288021374882623,,OpA
2025-01-09 05:00:00,M3,71.0,0.19115797125108744,79.12541721497253,OpB
2025-01-09 05:00:00,M4,53.0,0.17939869438473807,78.65270411167161,OpA
2025-01-09 06:00:00,M1,50.0,0.15219374730490118,79.78245721152133,OpA
2025-01-09 06:00:00,M2,41.0,0.15675562559858702,79.37659829158314,OpB
2025-01-09 06:00:00,M3,69.0,0.20264212633198964,75.91978596588629,OpA
2025-01-09 06:00:00,M4,41.0,0.22446630377513493,79.72643694569365,OpB
2025-01-09 07:00:00,M1,55.0,0.1914555788724388,77.0708953893725,OpC
2025-01-09 07:00:00,M2,46.0,0.2000873503034449,78.58629486917786,OpA
2025-01-09 07:00:00,M3,52.0,0.1415934470898428,76.91615662206638,OpB
2025-01-09 07:00:00,M4,53.0,0.49326624048750944,80.15573232439904,OpA
2025-01-09 08:00:00,M1,46.0,0.2708314392814686,77.33980685748526,OpC
2025-01-09 08:00:00,M2,45.0,0.10727943169618108,77.94567434744991,OpB
2025-01-09 08:00:00,M3,58.0,0.1728627502758553,76.29541155721381,OpA
2025-01-09 08:00:00,M4,43.0,0.6032920680592273,80.93332419426078,OpA
2025-01-09 09:00:00,M1,44.0,0.25218606949695577,76.84435140132656,OpB
2025-01-09 09:00:00,M2,57.0,0.44615929709818597,76.66176933709909,OpC
2025-01-09 09:00:00,M3,47.0,0.039786235957413305,73.65125592193456,OpC
2025-01-09 09:00:00,M4,67.0,0.3617797399810184,78.24443036945794,OpA
2025-01-09 10:00:00,M1,42.0,,72.3227036423519,OpA
2025-01-09 10:00:00,M2,52.0,0.25209976801459055,71.85469525390916,OpA
2025-01-09 10:00:00,M3,45.0,0.7872153762650596,80.22592264062196,OpA
2025-01-09 10:00:00,M4,60.0,0.5357433593409665,77.9424341739917,OpC
2025-01-09 11:00:00,M1,58.0,0.25165454303724843,73.97517401089692,OpB
2025-01-09 11:00:00,M2,48.0,0.18012121180055843,69.13341064844776,OpB
2025-01-09 11:00:00,M3,46.0,,73.30774248989793,OpB
2025-01-09 11:00:00,M4,55.0,0.5452810559864856,75.00262042570483,OpA
2025-01-09 12:00:00,M1,57.0,0.03501799297280121,67.33850189743826,OpB
2025-01-09 12:00:00,M2,46.0,0.34006856414251657,72.52211885686546,OpC
2025-01-09 12:00:00,M3,58.0,0.3579454793900591,70.84486216497056,OpA
2025-01-09 12:00:00,M4,49.0,0.19942722924190986,68.72166701936676,OpA
2025-01-09 13:00:00,M1,60.0,0.32144761501041463,67.0144048740487,OpB
2025-01-09 13:00:00,M2,48.0,0.4848049442078204,68.1291336882619,OpA
2025-01-09 13:00:00,M3,50.0,0.3684002024547425,65.48218033709102,OpA
2025-01-09 13:00:00,M4,64.0,0.19434396343614455,66.02429833640996,OpA
2025-01-09 14:00:00,M1,47.0,0.37276660030955555,63.8717489320894,OpA
2025-01-09 14:00:00,M2,61.0,0.20074612478326567,66.95666900753355,OpB
2025-01-09 14:00:00,M3,41.0,0.34324101893039716,64.28472280446387,OpB
2025-01-09 14:00:00,M4,56.0,0.6480259464437806,64.63115243887127,OpA
2025-01-09 15:00:00,M1,53.0,0.48382938980308016,62.8254110023949,OpA
2025-01-09 15:00:00,M2,59.0,0.12317627041368547,63.529225475859405,OpC
2025-01-09 15:00:00,M3,60.0,0.12316558658924544,59.2144086779449,OpC
2025-01-09 15:00:00,M4,57.0,0.36862507301973524,62.83452192383453,OpB
2025-01-09 16:00:00,M1,50.0,0.06736761187650178,57.75340625773282,OpB
2025-01-09 16:00:00,M2,51.0,0.41358637595355563,62.90472650181488,OpA
2025-01-09 16:00:00,M3,54.0,0.5942616283354262,62.7842025756407,OpA
2025-01-09 16:00:00,M4,50.0,0.5566574741706417,58.05886193912349,OpC
2025-01-09 17:00:00,M1,51.0,,59.534981024394796,OpB
2025-01-09 17:00:00,M2,43.0,0.03563448646741569,,OpA
2025-01-09 17:00:00,M3,55.0,0.26513897545333337,65.12043290383423,OpC
2025-01-09 17:00:00,M4,56.0,0.2056035661360943,59.73926121044874,OpB
2025-01-09 18:00:00,M1,45.0,0.47985260198934204,58.04896936415348,OpC
2025-01-09 18:00:00,M2,53.0,0.5718591738670038,58.607846477086234,OpC
2025-01-09 18:00:00,M3,41.0,0.4894520506051537,62.18996074131806,OpA
2025-01-09 18:00:00,M4,43.0,,58.69137609923563,OpA
2025-01-09 19:00:00,M1,46.0,0.23951989359722567,61.011062917163486,OpC
2025-01-09 19:00:00,M2,47.0,0.3959185446931069,60.30918815940592,OpA
2025-01-09 19:00:00,M3,41.0,0.02571747480431916,65.17200829018005,OpC
2025-01-09 19:00:00,M4,,0.3228508376767566,58.249085586439975,OpB
2025-01-09 20:00:00,M1,54.0,0.30824692848457363,63.52008827452331,OpC
2025-01-09 20:00:00,M2,55.0,0.27327281605314124,60.86963384735883,OpA
2025-01-09 20:00:00,M3,50.0,0.2878879489512174,61.77732009713367,OpA
2025-01-09 20:00:00,M4,59.0,0.17935240387444903,63.95476836111831,OpB
2025-01-09 21:00:00,M1,42.0,0.2944463773192359,65.55851671856745,OpC
2025-01-09 21:00:00,M2,47.0,0.2596819590015339,62.02772674801057,OpC
2025-01-09 21:00:00,M3,56.0,0.238272549866721,,OpA
2025-01-09 21:00:00,M4,51.0,0.1637818486164524,62.78137614009883,OpB
2025-01-09 22:00:00,M1,,0.2605986097699171,68.51058884326072,OpA
2025-01-09 22:00:00,M2,58.0,0.364498300219932,62.78827401042466,OpA
2025-01-09 22:00:00,M3,57.0,0.1810310152207816,64.14477353780684,OpC
2025-01-09 22:00:00,M4,48.0,0.10567580164949467,63.95087976578328,OpB
2025-01-09 23:00:00,M1,59.0,0.3913928900455532,,OpB
2025-01-09 23:00:00,M2,44.0,0.44014357952394456,66.73797496502988,OpA
2025-01-09 23:00:00,M3,44.0,0.2910955412990839,68.90870946474122,OpC
2025-01-09 23:00:00,M4,56.0,0.3578731502660096,64.55091852726349,OpA
2025-01-10 00:00:00,M1,41.0,0.11635722297636683,,OpC
2025-01-10 00:00:00,M2,52.0,0.36243309586401584,69.03886206396749,OpB
2025-01-10 00:00:00,M3,57.0,0.1915542277932681,69.247603147517,OpC
2025-01-10 00:00:00,M4,53.0,,71.190920026313,OpA
2025-01-10 01:00:00,M1,53.0,0.28270100389655195,75.74076163708672,OpB
2025-01-10 01:00:00,M2,55.0,0.41165580881741176,71.18972390111715,OpC
2025-01-10 01:00:00,M3,46.0,0.18929333710189447,74.01612040502272,OpB
2025-01-10 01:00:00,M4,31.0,0.40728238485877577,73.35656423886131,OpC
2025-01-10 02:00:00,M1,44.0,0.019681116726216922,72.19383152533777,OpB
2025-01-10 02:00:00,M2,,0.28259270563155486,76.12634999815903,OpA
2025-01-10 02:00:00,M3,41.0,0.3467347238808839,78.22576347285566,OpC
2025-01-10 02:00:00,M4,45.0,0.12982603485803,73.46522745355023,OpB
2025-01-10 03:00:00,M1,51.0,0.3510855203991961,76.71193161169019,OpA
2025-01-10 03:00:00,M2,42.0,0.34390611386868875,76.2616637774891,OpB
2025-01-10 03:00:00,M3,56.0,0.24906138987496257,74.43226662350193,OpB
2025-01-10 03:00:00,M4,47.0,0.49610502240347165,75.28336097122,OpC
2025-01-10 04:00:00,M1,52.0,0.45158299785533557,78.25472937827743,OpA
2025-01-10 04:00:00,M2,45.0,0.14086655024221845,79.20573053977009,OpB
2025-01-10 04:00:00,M3,45.0,0.2712911976880874,80.81826687584527,OpC
2025-01-10 04:00:00,M4,48.0,0.15361986593246882,79.3425463953146,OpA
2025-01-10 05:00:00,M1,47.0,0.08197230653777138,78.32486231269195,OpC
2025-01-10 05:00:00,M2,55.0,0.43551403829395685,78.47801652809552,OpA
2025-01-10 05:00:00,M3,69.0,0.49202338937550744,78.3624647310865,OpA
2025-01-10 05:00:00,M4,52.0,0.3774584691510563,78.816753850721,OpA
2025-01-10 06:00:00,M1,45.0,0.2019901653468324,80.835722357749,OpB
2025-01-10 06:00:00,M2,48.0,0.5983090610026083,81.22095760569675,OpC
2025-01-10 06:00:00,M3,45.0,0.2777178460865292,80.46085228536494,OpB
2025-01-10 06:00:00,M4,61.0,0.17758697886792893,78.35319573429238,OpC
2025-01-10 07:00:00,M1,54.0,0.1602183156423215,78.30462159592273,OpC
2025-01-10 07:00:00,M2,45.0,0.21975872884664918,83.16730360180982,OpA
2025-01-10 07:00:00,M3,62.0,0.43161863296238645,83.37317138093277,OpC
2025-01-10 07:00:00,M4,53.0,0.2013185553389199,81.01696737229406,OpB
2025-01-10 08:00:00,M1,56.0,0.3214328704144798,81.94010996188152,OpB
2025-01-10 08:00:00,M2,36.0,0.5817748699692614,79.37645722237794,OpA
2025-01-10 08:00:00,M3,53.0,0.3108289471463146,77.95647445018189,OpB
2025-01-10 08:00:00,M4,44.0,0.24256097812155272,79.90990119360563,OpB
2025-01-10 09:00:00,M1,46.0,0.2786573835691908,76.81875515062073,OpA
2025-01-10 09:00:00,M2,51.0,0.459317357386471,79.65707338279894,OpC
2025-01-10 09:00:00,M3,51.0,0.518966781809183,80.78873199114308,OpB
2025-01-10 09:00:00,M4,55.0,0.3481370483940287,74.26509751825418,OpB
2025-01-10 10:00:00,M1,52.0,0.39796619312622694,78.67434173852519,OpB
2025-01-10 10:00:00,M2,56.0,0.4637766931963662,72.53759665595561,OpC
2025-01-10 10:00:00,M3,29.0,0.10464448393745894,75.9598105221297,OpC
2025-01-10 10:00:00,M4,53.0,0.1154506305646328,78.01071584739351,OpA
2025-01-10 11:00:00,M1,67.0,0.3155074370905168,70.7076750852348,OpB
2025-01-10 11:00:00,M2,50.0,0.24103511918859724,74.10934502656569,OpA
2025-01-10 11:00:00,M3,46.0,0.43298869022309017,74.30545960180471,OpA
2025-01-10 11:00:00,M4,53.0,0.4670460918664482,74.73945685086548,OpA
2025-01-10 12:00:00,M1,57.0,0.7461723331396217,,OpC
2025-01-10 12:00:00,M2,40.0,0.5329974529378952,73.64419097236485,OpA
2025-01-10 12:00:00,M3,55.0,0.5641080333744722,66.30611359836071,OpA
2025-01-10 12:00:00,M4,49.0,0.26494686607814166,,OpC
2025-01-10 13:00:00,M1,49.0,0.26519366389493704,68.69641801914503,OpC
2025-01-10 13:00:00,M2,47.0,0.15066577976297035,68.05834061024223,OpB
2025-01-10 13:00:00,M3,51.0,0.159917362638947,,OpC
2025-01-10 13:00:00,M4,58.0,0.34612363681109765,67.68991125802548,OpB
2025-01-10 14:00:00,M1,59.0,0.12286898070305971,68.00978256426109,OpA
2025-01-10 14:00:00,M2,52.0,0.5355397757867181,64.0522646659249,OpA
2025-01-10 14:00:00,M3,57.0,0.46107227649242577,67.20974241983596,OpA
2025-01-10 14:00:00,M4,53.0,0.08849203269551979,63.246711413196834,OpA
2025-01-10 15:00:00,M1,55.0,0.17603526073598608,63.704569394170605,OpC
2025-01-10 15:00:00,M2,49.0,0.23558352394800405,61.88900603502121,OpA
2025-01-10 15:00:00,M3,45.0,0.32676299926071495,64.82514453200625,OpC
2025-01-10 15:00:00,M4,44.0,,62.59217601959459,OpA
2025-01-10 16:00:00,M1,46.0,0.40511130664176126,63.429279088453946,OpC
2025-01-10 16:00:00,M2,55.0,0.22988484934211734,59.204616558103545,OpA
2025-01-10 16:00:00,M3,58.0,0.08603933727487366,61.778089949757224,OpC
2025-01-10 16:00:00,M4,50.0,0.17859534838723543,61.426486026116976,OpA
2025-01-10 17:00:00,M1,63.0,0.20183304665330917,55.63718052396727,OpC
2025-01-10 17:00:00,M2,,0.32230222558973853,61.31526200581975,OpB
2025-01-10 17:00:00,M3,54.0,0.52715194214386,57.305810494231196,OpB
2025-01-10 17:00:00,M4,61.0,,64.00881589205872,OpC
2025-01-10 18:00:00,M1,63.0,0.19944749644064833,59.94204477867177,OpC
2025-01-10 18:00:00,M2,46.0,0.25313197657376085,60.16299975588462,OpB
2025-01-10 18:00:00,M3,60.0,0.10539472568297538,62.23353951881858,OpA
2025-01-10 18:00:00,M4,,0.2041734431877899,62.24217309171995,OpC
2025-01-10 19:00:00,M1,48.0,0.24286221644421155,61.0825469774834,OpB
2025-01-10 19:00:00,M2,49.0,0.5721614962435205,,OpC
2025-01-10 19:00:00,M3,48.0,0.09308880599916348,60.5511298873521,OpB
2025-01-10 19:00:00,M4,47.0,0.168751101695627,62.51696137031298,OpB
2025-01-10 20:00:00,M1,55.0,0.34477386647802577,60.21426157163416,OpA
2025-01-10 20:00:00,M2,,0.11518277581564164,63.438323052276935,OpC
2025-01-10 20:00:00,M3,44.0,0.2141235563560466,62.642572467338766,OpB
2025-01-10 20:00:00,M4,56.0,0.2583285157355871,58.57872543855757,OpC
2025-01-10 21:00:00,M1,46.0,,61.448855176332465,OpC
2025-01-10 21:00:00,M2,61.0,0.21809856623385507,63.842089255877845,OpA
2025-01-10 21:00:00,M3,56.0,0.6031874827509864,62.45984093244778,OpB
2025-01-10 21:00:00,M4,49.0,0.4205544777079757,62.43400663809858,OpC
2025-01-10 22:00:00,M1,40.0,0.14607912796610836,67.18862255111783,OpB
2025-01-10 22:00:00,M2,44.0,0.08212726896943523,63.98521511478578,OpC
2025-01-10 22:00:00,M3,54.0,0.43435207526751335,66.47456715538708,OpB
2025-01-10 22:00:00,M4,38.0,0.19760878485956956,67.05236580404507,OpB
2025-01-10 23:00:00,M1,50.0,0.05083716570324943,68.35838685300523,OpC
2025-01-10 23:00:00,M2,39.0,0.1952926460678828,66.20444548671796,OpA
2025-01-10 23:00:00,M3,58.0,0.5202024712618435,69.34212074559754,OpA
2025-01-10 23:00:00,M4,31.0,0.4915000309440443,66.87991437512223,OpA
2025-01-11 00:00:00,M1,46.0,0.4205661665797291,73.33194894030551,OpB
2025-01-11 00:00:00,M2,48.0,0.26051341136621736,66.72340005428657,OpA
2025-01-11 00:00:00,M3,46.0,0.1853471864161488,73.51438643315889,OpA
2025-01-11 00:00:00,M4,47.0,0.11672560174748504,72.19884582385971,OpA
2025-01-11 01:00:00,M1,53.0,0.27850168326533614,77.1361073759398,OpA
2025-01-11 01:00:00,M2,42.0,0.45239487610106055,72.47110493585622,OpB
2025-01-11 01:00:00,M3,,0.5647230291754148,72.03725364671213,OpA
2025-01-11 01:00:00,M4,50.0,0.21385920859319318,,OpC
2025-01-11 02:00:00,M1,51.0,0.3562285172497989,74.27586046263069,OpC
2025-01-11 02:00:00,M2,46.0,0.4571486956044249,73.18287410212668,OpA
2025-01-11 02:00:00,M3,51.0,0.08157635807067729,77.63481630533212,OpC
2025-01-11 02:00:00,M4,55.0,0.24484610890489955,75.1884010848303,OpA
2025-01-11 03:00:00,M1,48.0,0.03185646790540705,76.55942737906399,OpB
2025-01-11 03:00:00,M2,41.0,,76.93853972605373,OpB
2025-01-11 03:00:00,M3,55.0,0.5581989875146408,78.4855500255417,OpC
2025-01-11 03:00:00,M4,50.0,0.3772261821058647,75.6705841688727,OpA
2025-01-11 04:00:00,M1,47.0,0.3739225535558557,77.22548877360566,OpA
2025-01-11 04:00:00,M2,36.0,0.3281990360573459,78.40487091644484,OpA
2025-01-11 04:00:00,M3,38.0,0.4158544186163736,78.91004928250857,OpA
2025-01-11 04:00:00,M4,61.0,0.5983375361777322,78.26967456379232,OpC
2025-01-11 05:00:00,M1,51.0,0.05457421850404749,77.67959979206817,OpB
2025-01-11 05:00:00,M2,42.0,0.33421658097296764,76.44649468905985,OpC
2025-01-11 05:00:00,M3,47.0,,81.59711265056583,OpB
2025-01-11 05:00:00,M4,45.0,0.3100727947216623,,OpB
2025-01-11 06:00:00,M1,64.0,0.2153854687241466,80.63135097752388,OpA
2025-01-11 06:00:00,M2,56.0,0.45332061226520165,78.18619923841602,OpB
2025-01-11 06:00:00,M3,,0.11869864836209125,80.47644602058112,OpB
2025-01-11 06:00:00,M4,44.0,0.20357274619364613,77.87753592896452,OpB
2025-01-11 07:00:00,M1,47.0,0.15714650560748294,80.12444324558629,OpB
2025-01-11 07:00:00,M2,51.0,0.2508421887388641,78.08049296228342,OpA
2025-01-11 07:00:00,M3,46.0,0.1382472194613141,79.7111142166797,OpB
2025-01-11 07:00:00,M4,46.0,0.4685317837385893,,OpC
2025-01-11 08:00:00,M1,61.0,0.10023083456335592,76.77547769083307,OpB
2025-01-11 08:00:00,M2,40.0,0.4576175556963979,78.3084977944531,OpA
2025-01-11 08:00:00,M3,40.0,0.4666705934896005,77.11053737761003,OpC
2025-01-11 08:00:00,M4,64.0,,74.80297865948017,OpA
2025-01-11 09:00:00,M1,,0.09766416997023915,77.3437586461528,OpB
2025-01-11 09:00:00,M2,47.0,0.3257794472546263,77.6295344771638,OpB
2025-01-11 09:00:00,M3,59.0,0.10231929175707674,78.36557444658293,OpA
2025-01-11 09:00:00,M4,51.0,0.2257570147098728,76.43673598420037,OpB
2025-01-11 10:00:00,M1,51.0,0.2666998949826129,75.10988752327133,OpC
2025-01-11 10:00:00,M2,42.0,0.11386398830136678,71.92416235379903,OpB
2025-01-11 10:00:00,M3,55.0,0.2926663693020804,71.78701146961212,OpA
2025-01-11 10:00:00,M4,41.0,0.10491868542357682,76.28212320109822,OpC
2025-01-11 11:00:00,M1,50.0,0.17959100232646014,71.65000236752856,OpC
2025-01-11 11:00:00,M2,62.0,0.22218068712112504,70.10146248603245,OpB
2025-01-11 11:00:00,M3,36.0,0.5373791200650243,73.06328244224777,OpA
2025-01-11 11:00:00,M4,61.0,0.2864032806209197,72.98677754433865,OpA
2025-01-11 12:00:00,M1,45.0,0.529408901858328,72.46328443556604,OpC
2025-01-11 12:00:00,M2,57.0,0.5399679475847322,71.72585499230894,OpA
2025-01-11 12:00:00,M3,,0.08051978297665886,71.63106039910333,OpC
2025-01-11 12:00:00,M4,53.0,0.5220268380103382,72.18468408828204,OpC
2025-01-11 13:00:00,M1,56.0,0.29449622099545253,67.787585089015,OpB
2025-01-11 13:00:00,M2,54.0,0.5048846467522398,65.2197748287317,OpC
2025-01-11 13:00:00,M3,52.0,0.06087127239064797,66.9808533246759,OpB
2025-01-11 13:00:00,M4,59.0,0.5199037411827376,66.71962871713396,OpB
2025-01-11 14:00:00,M1,48.0,0.19076947134322259,66.00461317297918,OpA
2025-01-11 14:00:00,M2,49.0,0.13115352424447552,64.01887127848195,OpC
2025-01-11 14:00:00,M3,55.0,0.11335858670616802,67.21399467925032,OpC
2025-01-11 14:00:00,M4,51.0,0.3768711012877755,63.973359974352284,OpB
2025-01-11 15:00:00,M1,40.0,0.1170393892302347,60.907580766365534,OpA
2025-01-11 15:00:00,M2,41.0,0.5870198027610907,,OpC
2025-01-11 15:00:00,M3,35.0,0.2510589184782728,59.97586500729283,OpA
2025-01-11 15:00:00,M4,42.0,0.2249400493119028,,OpC
2025-01-11 16:00:00,M1,41.0,0.11691388481738643,63.05487768347108,OpC
2025-01-11 16:00:00,M2,53.0,0.7265550001622375,63.65912993773097,OpA
2025-01-11 16:00:00,M3,57.0,0.27738173085797474,61.92422626880758,OpA
2025-01-11 16:00:00,M4,68.0,0.4943338962419098,63.58854184338932,OpB
2025-01-11 17:00:00,M1,40.0,0.17911134110816526,61.24422811363066,OpB
2025-01-11 17:00:00,M2,48.0,0.017135733964050007,62.04727297723149,OpA
2025-01-11 17:00:00,M3,48.0,0.1632695476637542,62.63707111812643,OpC
2025-01-11 17:00:00,M4,59.0,0.09698903741691595,59.51050257868651,OpC
2025-01-11 18:00:00,M1,51.0,0.26652696010268445,56.082160786638795,OpA
2025-01-11 18:00:00,M2,62.0,0.07888645158364227,62.29214226278111,OpC
2025-01-11 18:00:00,M3,48.0,0.4021739113938663,58.54530697394672,OpA
2025-01-11 18:00:00,M4,50.0,0.2823295814006815,,OpC
2025-01-11 19:00:00,M1,44.0,0.13740258097700753,55.76734362392449,OpC
2025-01-11 19:00:00,M2,54.0,0.03287285151314431,61.384968985889465,OpA
2025-01-11 19:00:00,M3,53.0,0.1721453016551404,58.437086741288304,OpA
2025-01-11 19:00:00,M4,58.0,0.6450912388916965,61.144892575398934,OpC
2025-01-11 20:00:00,M1,53.0,0.09594491138905892,60.19832530907539,OpB
2025-01-11 20:00:00,M2,54.0,0.4798833972532483,60.05055377297048,OpB
2025-01-11 20:00:00,M3,40.0,0.3317529484945521,58.26988527020367,OpA
2025-01-11 20:00:00,M4,47.0,,59.72563345718927,OpB
2025-01-11 21:00:00,M1,52.0,0.31821101117018,67.14873718616039,OpB
2025-01-11 21:00:00,M2,56.0,0.4234471703476025,63.16936180886355,OpB
2025-01-11 21:00:00,M3,41.0,0.2835176756557928,61.37266041498535,OpC
2025-01-11 21:00:00,M4,58.0,0.2541354973246148,66.38364293129082,OpB
2025-01-11 22:00:00,M1,51.0,0.058704044830360465,66.25265229144618,OpC
2025-01-11 22:00:00,M2,,0.1000949282795057,61.32779276734745,OpC
2025-01-11 22:00:00,M3,48.0,0.2515814725132944,63.70719314314813,OpA
2025-01-11 22:00:00,M4,51.0,0.1183873005718718,64.76131344550313,OpB
2025-01-11 23:00:00,M1,66.0,0.19755397607956277,67.87005807680424,OpB
2025-01-11 23:00:00,M2,49.0,0.2586805270019702,68.00433251311324,OpC
2025-01-11 23:00:00,M3,50.0,0.32946099455602496,67.64959760514628,OpC
2025-01-11 23:00:00,M4,50.0,0.2805851871970759,66.9525319239318,OpA
2025-01-12 00:00:00,M1,57.0,0.2333091693468258,69.02702916938874,OpB
2025-01-12 00:00:00,M2,34.0,0.4956917784058889,71.23150233018299,OpB
2025-01-12 00:00:00,M3,49.0,,68.14252566720735,OpB
2025-01-12 00:00:00,M4,56.0,0.23151831513290566,71.22166291226581,OpB
2025-01-12 01:00:00,M1,,0.7853543570372289,,OpA
2025-01-12 01:00:00,M2,39.0,0.2644947359509089,68.37479230587225,OpC
2025-01-12 01:00:00,M3,54.0,0.31204032452881647,76.56939859666322,OpC
2025-01-12 01:00:00,M4,39.0,0.20598257103009734,73.17795110547208,OpB
2025-01-12 02:00:00,M1,57.0,0.2546646846707884,75.71813280089998,OpC
2025-01-12 02:00:00,M2,46.0,0.4057949434498296,76.1375288189301,OpA
2025-01-12 02:00:00,M3,52.0,0.3769977993611759,74.58617673234258,OpB
2025-01-12 02:00:00,M4,47.0,,,OpC
2025-01-12 03:00:00,M1,44.0,0.1773986619315997,75.9269584948429,OpB
2025-01-12 03:00:00,M2,53.0,0.24949953290582208,79.01800391592408,OpC
2025-01-12 03:00:00,M3,55.0,0.14768162686836747,76.9368899149545,OpB
2025-01-12 03:00:00,M4,,0.0954036901468523,75.59347631807141,OpB
2025-01-12 04:00:00,M1,55.0,0.10250868989553487,76.7137514588965,OpB
2025-01-12 04:00:00,M2,50.0,0.5966656540882523,80.36939255192996,OpA
2025-01-12 04:00:00,M3,42.0,0.03549412661369209,76.17055882261072,OpB
2025-01-12 04:00:00,M4,53.0,0.5461033600869182,83.02868116095472,OpA
2025-01-12 05:00:00,M1,41.0,0.14356532999805438,79.66501649208445,OpC
2025-01-12 05:00:00,M2,50.0,0.26420204255044605,78.85172743877362,OpA
2025-01-12 05:00:00,M3,45.0,0.0542882817410748,80.46588996895625,OpB
2025-01-12 05:00:00,M4,48.0,0.057138361986024136,80.07543102752113,OpA
2025-01-12 06:00:00,M1,54.0,0.19340571741174492,77.73700283832066,OpB
2025-01-12 06:00:00,M2,51.0,0.1505583791898982,,OpC
2025-01-12 06:00:00,M3,64.0,0.03580432025079504,78.92278494629726,OpC
2025-01-12 06:00:00,M4,44.0,0.3608138185215356,79.03548884933906,OpA
2025-01-12 07:00:00,M1,50.0,0.5115761960768259,80.40190417455464,OpC
2025-01-12 07:00:00,M2,52.0,0.1427735296524573,79.98006937340666,OpC
2025-01-12 07:00:00,M3,45.0,0.28624786500747357,78.82062479952543,OpB
2025-01-12 07:00:00,M4,65.0,,80.32967171766185,OpC
2025-01-12 08:00:00,M1,46.0,0.22251788102452597,,OpA
2025-01-12 08:00:00,M2,36.0,0.6105011659709995,76.82283836919821,OpA
2025-01-12 08:00:00,M3,39.0,0.19597311749654123,77.3974135085138,OpC
2025-01-12 08:00:00,M4,44.0,0.502430089058682,79.20399050303713,OpB
2025-01-12 09:00:00,M1,48.0,0.5997157314803887,80.30359359132358,OpB
2025-01-12 09:00:00,M2,55.0,0.11989564892708325,78.93878495094359,OpA
2025-01-12 09:00:00,M3,58.0,0.28220288719885966,76.63056299423762,OpA
2025-01-12 09:00:00,M4,41.0,0.5180213034435944,76.42512586336402,OpB
2025-01-12 10:00:00,M1,57.0,0.2773562507270711,73.54136602200839,OpB
2025-01-12 10:00:00,M2,60.0,0.22378329876546607,76.21637020001224,OpB
2025-01-12 10:00:00,M3,47.0,0.10514379412780661,77.32340827429853,OpB
2025-01-12 10:00:00,M4,49.0,0.06504376087940698,75.44897226804251,OpA
2025-01-12 11:00:00,M1,63.0,0.11839074417331666,75.02679213534311,OpA
2025-01-12 11:00:00,M2,53.0,0.3385776185738737,73.4744993200604,OpC
2025-01-12 11:00:00,M3,52.0,0.1333902670479918,73.04643279255546,OpC
2025-01-12 11:00:00,M4,40.0,0.05766785935071306,73.90004898297136,OpB
2025-01-12 12:00:00,M1,42.0,0.179437710457303,71.71442047483089,OpA
2025-01-12 12:00:00,M2,46.0,0.03698885124286606,68.46463675093351,OpB
2025-01-12 12:00:00,M3,50.0,0.37556584262266074,71.23227386403991,OpA
2025-01-12 12:00:00,M4,47.0,,71.68458048661482,OpC
2025-01-12 13:00:00,M1,48.0,0.22302623463502522,68.33149341009342,OpB
2025-01-12 13:00:00,M2,,0.5660686085277847,64.50648385693594,OpA
2025-01-12 13:00:00,M3,41.0,0.35879755709463673,67.83827700380475,OpA
2025-01-12 13:00:00,M4,36.0,0.24760957011266518,,OpB
2025-01-12 14:00:00,M1,53.0,0.23010704537286458,64.71862450080799,OpC
2025-01-12 14:00:00,M2,51.0,0.06787916084429889,,OpB
2025-01-12 14:00:00,M3,51.0,0.3916856055289359,63.54209019809148,OpA
2025-01-12 14:00:00,M4,41.0,0.34690166209388207,63.654002503122854,OpB
2025-01-12 15:00:00,M1,56.0,0.21699971191537887,67.49051148021366,OpB
2025-01-12 15:00:00,M2,50.0,0.41676601829084325,63.60656150533724,OpC
2025-01-12 15:00:00,M3,45.0,0.043876075305643206,,OpB
2025-01-12 15:00:00,M4,38.0,0.297425892905745,61.11618446849881,OpB
2025-01-12 16:00:00,M1,56.0,,62.328058201740035,OpC
2025-01-12 16:00:00,M2,46.0,0.4079829584333662,58.30272088263128,OpA
2025-01-12 16:00:00,M3,42.0,0.13512740373778048,62.39769430670749,OpC
2025-01-12 16:00:00,M4,52.0,,60.78235472838739,OpC
2025-01-12 17:00:00,M1,54.0,0.5977488776706293,61.65062661193171,OpB
2025-01-12 17:00:00,M2,47.0,0.48252012499429325,59.14499210661317,OpC
2025-01-12 17:00:00,M3,49.0,0.14328796041681827,58.14488070545937,OpA
2025-01-12 17:00:00,M4,47.0,0.5294412203537499,58.262505522031155,OpA
2025-01-12 18:00:00,M1,33.0,0.33167144355028155,60.49254933800708,OpC
2025-01-12 18:00:00,M2,50.0,0.6516041046319412,57.51966566072038,OpC
2025-01-12 18:00:00,M3,52.0,0.09451184388674976,60.48573929774202,OpC
2025-01-12 18:00:00,M4,56.0,0.3433882956909913,55.839162813794104,OpC
2025-01-12 19:00:00,M1,57.0,0.3445310534099285,62.70684793350285,OpC
2025-01-12 19:00:00,M2,46.0,0.28134125799987053,62.94532805596407,OpC
2025-01-12 19:00:00,M3,49.0,0.11266178322103687,,OpB
2025-01-12 19:00:00,M4,51.0,0.5426214231218736,63.54289404507516,OpA
2025-01-12 20:00:00,M1,53.0,0.3198406611762291,61.86522046142663,OpB
2025-01-12 20:00:00,M2,50.0,0.19071697835092635,60.25525420774205,OpA
2025-01-12 20:00:00,M3,46.0,0.3622631976826176,61.71553205771166,OpA
2025-01-12 20:00:00,M4,38.0,0.37285290305664415,60.75252416610425,OpA
2025-01-12 21:00:00,M1,52.0,0.24251514772898355,61.95357548305293,OpB
2025-01-12 21:00:00,M2,57.0,0.5581949942793308,65.68247326455626,OpA
2025-01-12 21:00:00,M3,50.0,0.34832464809129954,62.06408900665151,OpB
2025-01-12 21:00:00,M4,48.0,,59.7448386342813,OpA
2025-01-12 22:00:00,M1,53.0,0.07377324945746155,65.1483870658078,OpB
2025-01-12 22:00:00,M2,51.0,0.6765091812710474,67.17809242875134,OpC
2025-01-12 22:00:00,M3,56.0,0.2372726003493058,61.96500136132666,OpA
2025-01-12 22:00:00,M4,54.0,0.21766769575778339,,OpB
2025-01-12 23:00:00,M1,58.0,0.13212836798420474,67.17604709937214,OpB
2025-01-12 23:00:00,M2,57.0,0.3529443784709184,68.08883497287248,OpA
2025-01-12 23:00:00,M3,46.0,0.30535286205353146,65.44438639283351,OpA
2025-01-12 23:00:00,M4,51.0,0.17636859282455455,65.41571964792739,OpA
2025-01-13 00:00:00,M1,51.0,,72.87437049546237,OpB
2025-01-13 00:00:00,M2,56.0,0.25002495191217117,74.42591401470236,OpC
2025-01-13 00:00:00,M3,50.0,0.15810765529870346,,OpB
2025-01-13 00:00:00,M4,50.0,0.19973553687413878,66.94666348015396,OpA
2025-01-13 01:00:00,M1,49.0,0.11196048672085354,74.07087276989823,OpB
2025-01-13 01:00:00,M2,43.0,0.0770555747388214,71.000787278941,OpC
2025-01-13 01:00:00,M3,42.0,0.2540509970625591,71.03163162435574,OpA
2025-01-13 01:00:00,M4,47.0,0.18673355274508707,73.84559690007796,OpC
2025-01-13 02:00:00,M1,37.0,0.23505285225794073,75.56381596873909,OpB
2025-01-13 02:00:00,M2,61.0,0.2134698676797121,75.68492331677348,OpB
2025-01-13 02:00:00,M3,50.0,0.34594389571330825,73.755112898265,OpC
2025-01-13 02:00:00,M4,45.0,0.17080742414044037,73.74000598374639,OpC
2025-01-13 03:00:00,M1,63.0,0.17755882313196023,76.58093721662827,OpB
2025-01-13 03:00:00,M2,54.0,,75.04164889984202,OpA
2025-01-13 03:00:00,M3,49.0,0.25738878443786395,77.9046558370802,OpB
2025-01-13 03:00:00,M4,38.0,0.15274491610427876,77.89719818273294,OpC
2025-01-13 04:00:00,M1,49.0,0.20238293239834843,78.48185340156265,OpA
2025-01-13 04:00:00,M2,49.0,0.24935296040298247,80.23856923767124,OpB
2025-01-13 04:00:00,M3,53.0,0.38115980318083315,76.42998806448699,OpC
2025-01-13 04:00:00,M4,48.0,0.14625282584312146,76.85371692137174,OpA
2025-01-13 05:00:00,M1,46.0,0.2388172653466971,79.90369452775961,OpB
2025-01-13 05:00:00,M2,50.0,0.10160774738554346,84.47633221398863,OpA
2025-01-13 05:00:00,M3,47.0,0.37146815190740806,79.69183795438487,OpB
2025-01-13 05:00:00,M4,57.0,0.4478882402076656,78.67687227710148,OpA
2025-01-13 06:00:00,M1,,0.1467448288172371,79.77510169425095,OpA
2025-01-13 06:00:00,M2,53.0,0.204323628849527,78.21784607274694,OpB
2025-01-13 06:00:00,M3,,0.3713730905268622,80.02236830355962,OpA
2025-01-13 06:00:00,M4,50.0,0.2747363376236102,80.5484405746756,OpB
2025-01-13 07:00:00,M1,46.0,0.15197408107781443,80.56222599219636,OpB
2025-01-13 07:00:00,M2,,0.305830790870233,,OpC
2025-01-13 07:00:00,M3,50.0,0.2611268948259157,76.09530444058467,OpC
2025-01-13 07:00:00,M4,50.0,,82.86980047167756,OpC
2025-01-13 08:00:00,M1,59.0,0.1867178047421399,,OpC
2025-01-13 08:00:00,M2,45.0,0.25870393681016235,78.28033646908167,OpC
2025-01-13 08:00:00,M3,40.0,0.09264944440143338,80.89573549367353,OpB
2025-01-13 08:00:00,M4,52.0,0.33770708746631234,76.48967002311944,OpB
2025-01-13 09:00:00,M1,51.0,0.10395973491412737,74.63928137574347,OpA
2025-01-13 09:00:00,M2,48.0,0.48410531952806096,74.37623433130905,OpB
2025-01-13 09:00:00,M3,40.0,0.06738559492218825,76.43526154816567,OpA
2025-01-13 09:00:00,M4,58.0,0.04868608715883851,75.75845804312961,OpA
2025-01-13 10:00:00,M1,58.0,0.16653428243666224,76.04175267391024,OpA
2025-01-13 10:00:00,M2,58.0,0.1169176991761362,73.39438303640488,OpA
2025-01-13 10:00:00,M3,56.0,,77.7105237956376,OpA
2025-01-13 10:00:00,M4,50.0,0.48340904575784555,78.22896965793441,OpA
2025-01-13 11:00:00,M1,57.0,0.17962418855948728,72.3375901781722,OpC
2025-01-13 11:00:00,M2,50.0,0.42530068566587154,70.18314664812452,OpA
2025-01-13 11:00:00,M3,52.0,0.4918559816484057,73.76421094426034,OpC
2025-01-13 11:00:00,M4,51.0,0.45559366272645535,70.87529590011458,OpA
2025-01-13 12:00:00,M1,58.0,0.24199825540040612,70.12178241041073,OpA
2025-01-13 12:00:00,M2,49.0,0.2361344424187231,68.86885388380198,OpA
2025-01-13 12:00:00,M3,53.0,0.35207483973685627,70.88278159352897,OpC
2025-01-13 12:00:00,M4,51.0,0.4535243415066967,69.40350767814716,OpA
2025-01-13 13:00:00,M1,42.0,0.4487995502123659,69.97153934404062,OpB
2025-01-13 13:00:00,M2,40.0,0.287598345273075,69.11021671403958,OpA
2025-01-13 13:00:00,M3,54.0,0.23335515817291078,69.63252804063946,OpC
2025-01-13 13:00:00,M4,39.0,0.13256440681708212,67.29060051940847,OpB
2025-01-13 14:00:00,M1,43.0,0.4283394734588858,67.38114577995421,OpB
2025-01-13 14:00:00,M2,57.0,0.27730163046810097,65.2566006398842,OpB
2025-01-13 14:00:00,M3,46.0,0.32873223155192094,64.60202088650378,OpA
2025-01-13 14:00:00,M4,59.0,0.052623183043474527,66.90348638283866,OpC
2025-01-13 15:00:00,M1,45.0,0.2591825139435715,66.15249402582597,OpB
2025-01-13 15:00:00,M2,40.0,0.2874457258449823,65.17650439305982,OpA
2025-01-13 15:00:00,M3,45.0,0.14807524805440112,65.18309015537142,OpA
2025-01-13 15:00:00,M4,50.0,0.41446492035956617,65.2646142422277,OpB
2025-01-13 16:00:00,M1,53.0,0.3281768136400569,61.7567118599419,OpB
2025-01-13 16:00:00,M2,55.0,0.576337245885084,62.11884184832989,OpA
2025-01-13 16:00:00,M3,60.0,0.5785893993586246,64.07849294689395,OpC
2025-01-13 16:00:00,M4,,0.13640459810601196,62.21001200921403,OpC
2025-01-13 17:00:00,M1,50.0,0.6075003062456096,57.73236824604131,OpC
2025-01-13 17:00:00,M2,44.0,,59.123965693570234,OpC
2025-01-13 17:00:00,M3,52.0,0.26092157860706017,63.218528843408194,OpB
2025-01-13 17:00:00,M4,50.0,0.7486386284310712,62.07862797572369,OpA
2025-01-13 18:00:00,M1,45.0,0.3951060365717874,57.340776101435026,OpA
2025-01-13 18:00:00,M2,51.0,0.04222894420963669,57.09432283803591,OpC
2025-01-13 18:00:00,M3,,0.15886910471955762,61.042749737926336,OpC
2025-01-13 18:00:00,M4,,0.27702224596052605,59.443563449516304,OpA
2025-01-13 19:00:00,M1,42.0,0.3559944802606481,57.60776568808426,OpB
2025-01-13 19:00:00,M2,54.0,0.0580446873612975,59.23371551943573,OpC
2025-01-13 19:00:00,M3,47.0,0.37961678947812066,59.344447451965934,OpA
2025-01-13 19:00:00,M4,37.0,,64.85026707567656,OpA
2025-01-13 20:00:00,M1,61.0,0.24396352413033986,,OpC
2025-01-13 20:00:00,M2,51.0,0.25351619913225243,61.02179265982098,OpB
2025-01-13 20:00:00,M3,52.0,0.31684616501907326,60.88778361956532,OpB
2025-01-13 20:00:00,M4,47.0,0.42018017885289216,58.80094678320249,OpC
2025-01-13 21:00:00,M1,45.0,0.5223015421356302,65.59442271801149,OpC
2025-01-13 21:00:00,M2,52.0,,61.77568453518132,OpB
2025-01-13 21:00:00,M3,56.0,0.30338564240958266,64.56348906835461,OpC
2025-01-13 21:00:00,M4,38.0,0.08532274684335744,63.136012366144556,OpC
2025-01-13 22:00:00,M1,48.0,0.1921972640727834,63.644046385756134,OpA
2025-01-13 22:00:00,M2,43.0,0.054931712692636796,65.72793140091201,OpA
2025-01-13 22:00:00,M3,48.0,0.20120634266059625,62.21505467212575,OpC
2025-01-13 22:00:00,M4,45.0,0.2669679421285739,65.41287209544849,OpC
2025-01-13 23:00:00,M1,57.0,0.36889656548249783,70.0283760294391,OpC
2025-01-13 23:00:00,M2,39.0,0.14204112964819113,62.8763343339393,OpC
2025-01-13 23:00:00,M3,44.0,0.4421264110686843,69.37619349362245,OpC
2025-01-13 23:00:00,M4,53.0,0.4826949324076103,67.55378687988582,OpA
2025-01-14 00:00:00,M1,55.0,0.407370925737751,69.50618208189206,OpA
2025-01-14 00:00:00,M2,45.0,0.3285845960504855,68.49179915557679,OpC
2025-01-14 00:00:00,M3,47.0,0.23115762001162626,66.52856586022544,OpC
2025-01-14 00:00:00,M4,59.0,0.40050225779225196,69.6233207760608,OpC
2025-01-14 01:00:00,M1,45.0,0.08539899307137865,69.53900303082561,OpB
2025-01-14 01:00:00,M2,47.0,0.44904596695650423,75.05235988239474,OpC
2025-01-14 01:00:00,M3,44.0,0.16961141382435227,71.28480221507175,OpC
2025-01-14 01:00:00,M4,52.0,0.3304522641408536,74.31716674419505,OpA
2025-01-14 02:00:00,M1,53.0,0.12073320123332984,73.5129377552,OpC
2025-01-14 02:00:00,M2,51.0,0.20688719988135137,74.06126141403686,OpB
2025-01-14 02:00:00,M3,62.0,0.1935065709113431,76.38090682975886,OpA
2025-01-14 02:00:00,M4,55.0,0.1338751881487037,75.61806072504567,OpC
2025-01-14 03:00:00,M1,49.0,0.1825351795254918,74.44131392377918,OpA
2025-01-14 03:00:00,M2,56.0,0.3125325493106483,74.92916312928985,OpA
2025-01-14 03:00:00,M3,48.0,0.24210806856147912,75.01306393963324,OpA
2025-01-14 03:00:00,M4,58.0,0.18494670702262975,75.66591680835703,OpC
2025-01-14 04:00:00,M1,51.0,0.1607422739689357,79.71452017748926,OpC
2025-01-14 04:00:00,M2,51.0,0.27830868255271146,77.54746022748786,OpA
2025-01-14 04:00:00,M3,57.0,0.5490700606477092,79.09746363222204,OpA
2025-01-14 04:00:00,M4,58.0,0.21230218229028144,77.84990206418833,OpA
2025-01-14 05:00:00,M1,42.0,0.34615298378580084,80.55125735571696,OpC
2025-01-14 05:00:00,M2,39.0,0.07591847233156929,84.44727503640449,OpC
2025-01-14 05:00:00,M3,54.0,0.20417513194046755,80.0753130801419,OpB
2025-01-14 05:00:00,M4,53.0,0.1595359812536152,76.5480153954347,OpA
2025-01-14 06:00:00,M1,46.0,0.12011530988697837,75.5380848080957,OpC
2025-01-14 06:00:00,M2,47.0,0.4260588521278181,79.63541211832634,OpC
2025-01-14 06:00:00,M3,61.0,0.41647052206321067,79.30078685517437,OpB
2025-01-14 06:00:00,M4,46.0,0.09941703110418838,82.60941308954203,OpA
2025-01-14 07:00:00,M1,39.0,0.2879329573093136,81.56092013215655,OpB
2025-01-14 07:00:00,M2,53.0,,80.07307783664149,OpB
2025-01-14 07:00:00,M3,36.0,0.041708775266570755,81.58830737404433,OpC
2025-01-14 07:00:00,M4,45.0,0.15897667120267087,80.8937473081153,OpC
2025-01-14 08:00:00,M1,41.0,0.5196089505791263,80.88516872656196,OpB
2025-01-14 08:00:00,M2,59.0,0.17877647483444975,79.49901910393191,OpC
2025-01-14 08:00:00,M3,51.0,0.03584758352996332,80.28242599236758,OpC
2025-01-14 08:00:00,M4,50.0,0.7284623439812596,78.8517549310086,OpC
2025-01-14 09:00:00,M1,56.0,0.3099671595313541,77.58879745917325,OpA
2025-01-14 09:00:00,M2,46.0,0.23469625188610282,76.66167988370997,OpA
2025-01-14 09:00:00,M3,43.0,0.5340332554744924,76.26446735890227,OpA
2025-01-14 09:00:00,M4,45.0,0.1458539508254319,79.04287774782452,OpC
2025-01-14 10:00:00,M1,41.0,0.35662606609144787,78.58360371494159,OpC
2025-01-14 10:00:00,M2,49.0,0.2105323368189354,75.02767150555621,OpA
2025-01-14 10:00:00,M3,40.0,0.43598213157269244,78.50259006368506,OpA
2025-01-14 10:00:00,M4,49.0,0.27284844787272666,73.82557525529744,OpC
2025-01-14 11:00:00,M1,54.0,0.16567411253073652,,OpA
2025-01-14 11:00:00,M2,49.0,0.232249029268897,69.59260565337013,OpC
2025-01-14 11:00:00,M3,60.0,0.08205327823535462,,OpB
2025-01-14 11:00:00,M4,41.0,0.2970990885089859,74.1803105864859,OpB
2025-01-14 12:00:00,M1,49.0,0.13341577996809503,70.16482992158154,OpA
2025-01-14 12:00:00,M2,57.0,0.31671762831187467,,OpA
2025-01-14 12:00:00,M3,67.0,0.4867398013300241,67.29792861472723,OpB
2025-01-14 12:00:00,M4,62.0,0.22872494681640085,68.96782242438837,OpA
2025-01-14 13:00:00,M1,43.0,,63.44481940444873,OpB
2025-01-14 13:00:00,M2,42.0,0.5330557283153159,67.5243183658337,OpB
2025-01-14 13:00:00,M3,41.0,0.11592070196248956,68.19880550540364,OpA
2025-01-14 13:00:00,M4,43.0,0.04867012353141327,64.85458493294509,OpA
2025-01-14 14:00:00,M1,45.0,0.4523977835045242,65.22050545942841,OpA
2025-01-14 14:00:00,M2,59.0,0.09666985835408659,64.23608393869502,OpA
2025-01-14 14:00:00,M3,54.0,0.4839104631235149,62.42335385127181,OpA
2025-01-14 14:00:00,M4,52.0,0.06041024379871038,64.89093501789283,OpB
2025-01-14 15:00:00,M1,38.0,0.12328743508343264,61.00969531797433,OpA
2025-01-14 15:00:00,M2,48.0,0.12481273596804635,,OpB
2025-01-14 15:00:00,M3,48.0,0.4617249843393561,63.55387696534012,OpA
2025-01-14 15:00:00,M4,48.0,0.14787481890985985,57.87358919370628,OpB
2025-01-14 16:00:00,M1,55.0,0.581045693674868,62.673545520719784,OpA
2025-01-14 16:00:00,M2,61.0,,59.48214189616973,OpB
2025-01-14 16:00:00,M3,44.0,0.28576367215066883,,OpA
2025-01-14 16:00:00,M4,43.0,0.252219460047032,64.84299388250355,OpB
2025-01-14 17:00:00,M1,55.0,0.35222765562814407,62.49909314805417,OpC
2025-01-14 17:00:00,M2,55.0,0.2947584416764434,56.017557380501586,OpC
2025-01-14 17:00:00,M3,37.0,0.5244621387149406,58.40311416342216,OpB
2025-01-14 17:00:00,M4,45.0,0.05875621596561806,61.972257955855206,OpB
2025-01-14 18:00:00,M1,48.0,0.26403445040878915,60.77659738499519,OpC
2025-01-14 18:00:00,M2,49.0,0.3739627186044646,59.47527110126773,OpB
2025-01-14 18:00:00,M3,44.0,0.438703191312701,61.39493461396309,OpA
2025-01-14 18:00:00,M4,,0.5639282843952163,59.17919311098439,OpB
2025-01-14 19:00:00,M1,51.0,0.37792118741421954,61.434358830737025,OpC
2025-01-14 19:00:00,M2,45.0,0.31711408614842934,58.96773420220241,OpC
2025-01-14 19:00:00,M3,54.0,0.12665842623465912,61.770872493777205,OpC
2025-01-14 19:00:00,M4,50.0,0.41850280148224855,60.446195845194026,OpA
2025-01-14 20:00:00,M1,48.0,0.10252758779527961,60.867062981460826,OpA
2025-01-14 20:00:00,M2,46.0,0.7947601442341111,59.52174800191707,OpB
2025-01-14 20:00:00,M3,51.0,0.567667463607656,62.47557346651864,OpB
2025-01-14 20:00:00,M4,45.0,0.1887941011192508,61.326955397636084,OpB
2025-01-14 21:00:00,M1,42.0,0.17252614069219133,66.84138357540087,OpC
2025-01-14 21:00:00,M2,47.0,0.6745193866687135,62.739712502653106,OpB
2025-01-14 21:00:00,M3,48.0,0.13777149926695292,60.60857809877419,OpC
2025-01-14 21:00:00,M4,49.0,0.20619987095109624,62.50822825151271,OpA
2025-01-14 22:00:00,M1,,0.28468498029610206,61.909311629198925,OpC
2025-01-14 22:00:00,M2,57.0,0.11907215562052692,64.96531592298992,OpA
2025-01-14 22:00:00,M3,51.0,0.33897688573032764,63.702079767311,OpB
2025-01-14 22:00:00,M4,63.0,0.299285496967279,62.9200673809042,OpB
2025-01-14 23:00:00,M1,53.0,,,OpC
2025-01-14 23:00:00,M2,42.0,0.3997410465669798,64.96832334284441,OpA
2025-01-14 23:00:00,M3,62.0,,71.26105291905661,OpC
2025-01-14 23:00:00,M4,55.0,0.41518079540719344,67.88663360465408,OpB
2025-01-15 00:00:00,M1,50.0,0.18611219678320506,70.11510341993576,OpA
2025-01-15 00:00:00,M2,61.0,,66.24931108335191,OpC
2025-01-15 00:00:00,M3,43.0,0.26386470125001643,68.86714871202834,OpB
2025-01-15 00:00:00,M4,51.0,0.05972825942634464,69.73766389852462,OpB
2025-01-15 01:00:00,M1,51.0,0.3243370568907464,71.15616002932317,OpC
2025-01-15 01:00:00,M2,59.0,0.12253689654513072,70.58311918570479,OpA
2025-01-15 01:00:00,M3,61.0,0.4874126314085758,71.35902607567475,OpA
2025-01-15 01:00:00,M4,62.0,0.1957427093744314,72.79009956381122,OpB
2025-01-15 02:00:00,M1,49.0,0.14739413465441162,75.46106917216926,OpB
2025-01-15 02:00:00,M2,59.0,0.08754959631866155,75.66851631409448,OpB
2025-01-15 02:00:00,M3,53.0,0.13218848057628446,73.09017462782955,OpA
2025-01-15 02:00:00,M4,52.0,0.6203818935125139,75.19932500488605,OpB
2025-01-15 03:00:00,M1,43.0,0.32748202349255295,78.36424858410471,OpB
2025-01-15 03:00:00,M2,61.0,0.18230607561784132,,OpB
2025-01-15 03:00:00,M3,62.0,0.38836923867422685,74.87513946872572,OpA
2025-01-15 03:00:00,M4,48.0,0.3835484885632106,75.63426777480474,OpA
2025-01-15 04:00:00,M1,49.0,0.32780665067293246,78.36055231305747,OpB
2025-01-15 04:00:00,M2,47.0,0.3675219803659481,81.08073326960532,OpA
2025-01-15 04:00:00,M3,65.0,0.3083943241868715,79.15231499776999,OpC
2025-01-15 04:00:00,M4,48.0,0.2807883830206812,78.15830262972193,OpA
2025-01-15 05:00:00,M1,,0.21909049595728025,80.3289063933562,OpB
2025-01-15 05:00:00,M2,51.0,0.2038642835416083,81.38282174997103,OpB
2025-01-15 05:00:00,M3,,0.4043217144443291,78.1882646668788,OpC
2025-01-15 05:00:00,M4,54.0,0.35634907484514133,76.93081418202532,OpA
2025-01-15 06:00:00,M1,57.0,0.14273127697480648,82.85594973732088,OpB
2025-01-15 06:00:00,M2,63.0,0.4965014728445072,79.37312966513713,OpB
2025-01-15 06:00:00,M3,48.0,0.5406315800226313,81.14137434986046,OpC
2025-01-15 06:00:00,M4,54.0,0.6036246838665262,80.59878751225264,OpA
2025-01-15 07:00:00,M1,42.0,0.28011369704336303,79.15959804139666,OpA
2025-01-15 07:00:00,M2,50.0,0.252031174128267,76.5568291284067,OpC
2025-01-15 07:00:00,M3,43.0,0.1314900102316652,80.38233052299896,OpA
2025-01-15 07:00:00,M4,43.0,0.6610026645270749,81.65309953966594,OpA
2025-01-15 08:00:00,M1,50.0,0.16539473705495722,77.95494902842907,OpC
2025-01-15 08:00:00,M2,39.0,0.10125424438867513,76.3822269519548,OpA
2025-01-15 08:00:00,M3,47.0,0.20680044996810584,76.77493770609205,OpA
2025-01-15 08:00:00,M4,64.0,0.15314731750165292,78.38325047844306,OpB
2025-01-15 09:00:00,M1,49.0,0.2117637780729228,76.67614242938541,OpA
2025-01-15 09:00:00,M2,45.0,0.06099070163265408,77.60742869270088,OpA
2025-01-15 09:00:00,M3,67.0,0.07998377095294396,76.39966983075453,OpA
2025-01-15 09:00:00,M4,42.0,0.13482712298204722,77.99100697355335,OpB
2025-01-15 10:00:00,M1,45.0,0.5530409611867165,75.11786634103694,OpA
2025-01-15 10:00:00,M2,53.0,0.4704936453632945,75.46206135241849,OpC
2025-01-15 10:00:00,M3,50.0,0.3900422698974523,77.46124317338469,OpA
2025-01-15 10:00:00,M4,60.0,0.24614760747022382,76.31155417344657,OpA
2025-01-15 11:00:00,M1,57.0,0.7055595437834381,,OpB
2025-01-15 11:00:00,M2,43.0,0.04746710577566719,70.9199277095382,OpC
2025-01-15 11:00:00,M3,50.0,0.48817820475095897,77.50972655262196,OpC
2025-01-15 11:00:00,M4,49.0,0.8073251962733036,74.8853791166247,OpC
2025-01-15 12:00:00,M1,40.0,0.14545028624517284,70.60316767401181,OpC
2025-01-15 12:00:00,M2,38.0,0.1836736726373509,69.42934055308564,OpC
2025-01-15 12:00:00,M3,46.0,0.31030906964246574,64.93010503119228,OpB
2025-01-15 12:00:00,M4,49.0,0.0927768826761383,68.98220631343676,OpA
2025-01-15 13:00:00,M1,54.0,0.48179388130598444,63.2345362298352,OpB
2025-01-15 13:00:00,M2,46.0,0.4894249400960267,68.10011843506825,OpA
2025-01-15 13:00:00,M3,60.0,0.13338155199951618,64.6614532510856,OpA
2025-01-15 13:00:00,M4,45.0,0.17912988857700357,70.66480743495791,OpA
2025-01-15 14:00:00,M1,61.0,0.16550322122237413,64.71982812024835,OpC
2025-01-15 14:00:00,M2,48.0,0.4355410859525971,67.7543123192151,OpB
2025-01-15 14:00:00,M3,55.0,0.47147113004320007,64.99511943078491,OpC
2025-01-15 14:00:00,M4,45.0,0.16177694551173644,64.45021446269321,OpA
2025-01-15 15:00:00,M1,50.0,0.22909409999265584,60.42945870118309,OpC
2025-01-15 15:00:00,M2,51.0,0.6269883941051314,63.030653145719334,OpC
2025-01-15 15:00:00,M3,50.0,0.6162524564989795,65.69962403136833,OpB
2025-01-15 15:00:00,M4,58.0,0.12521662466324276,63.68600986722597,OpA
2025-01-15 16:00:00,M1,60.0,0.6528679583786619,61.86339888957349,OpC
2025-01-15 16:00:00,M2,60.0,0.6140455498940848,61.448485824264374,OpA
2025-01-15 16:00:00,M3,43.0,0.0749961965989768,63.04787431791405,OpB
2025-01-15 16:00:00,M4,45.0,0.4361294012808633,60.47783213704442,OpC
2025-01-15 17:00:00,M1,54.0,0.4870221911411015,60.795297434096696,OpB
2025-01-15 17:00:00,M2,52.0,0.23510907720334615,59.8178463590591,OpC
2025-01-15 17:00:00,M3,37.0,,62.06227765764964,OpC
2025-01-15 17:00:00,M4,55.0,0.17263692097368938,60.85843068911842,OpA
2025-01-15 18:00:00,M1,49.0,0.22540051024852442,62.40472493570637,OpC
2025-01-15 18:00:00,M2,44.0,0.3823607510758519,59.60190862615922,OpC
2025-01-15 18:00:00,M3,58.0,0.1545754155565088,56.840600680900955,OpB
2025-01-15 18:00:00,M4,41.0,0.12764239526820906,57.818557823289325,OpB
2025-01-15 19:00:00,M1,49.0,0.062195372716176964,,OpA
2025-01-15 19:00:00,M2,51.0,0.1423984977767115,64.28362411078075,OpA
2025-01-15 19:00:00,M3,39.0,0.36336257515106984,59.90048175127996,OpC
2025-01-15 19:00:00,M4,46.0,0.22633547095080114,62.38646697888275,OpB
2025-01-15 20:00:00,M1,43.0,0.07669907743926334,60.9075779849405,OpA
2025-01-15 20:00:00,M2,53.0,0.23028872265749484,61.22697569193986,OpB
2025-01-15 20:00:00,M3,48.0,0.47576573809362227,61.08430843759749,OpB
2025-01-15 20:00:00,M4,41.0,0.06570835848056504,61.74493288222157,OpC
2025-01-15 21:00:00,M1,47.0,0.2712618765777433,65.70120098907643,OpC
2025-01-15 21:00:00,M2,51.0,0.11878815276804683,61.57446215097724,OpB
2025-01-15 21:00:00,M3,52.0,0.1309352169533849,61.78176669743476,OpA
2025-01-15 21:00:00,M4,62.0,0.15887769400378685,63.983036839373135,OpA
2025-01-15 22:00:00,M1,62.0,0.23352470113894447,63.79256349147036,OpA
2025-01-15 22:00:00,M2,58.0,0.044462608958473676,67.32157958944062,OpC
2025-01-15 22:00:00,M3,51.0,0.09916338879932046,69.07111282098654,OpA
2025-01-15 22:00:00,M4,58.0,0.549691980377936,67.79105253545058,OpB
2025-01-15 23:00:00,M1,,0.15334943585651123,,OpB
2025-01-15 23:00:00,M2,41.0,0.36714585379305364,66.54837755026107,OpB
2025-01-15 23:00:00,M3,,0.33800125626185806,69.48181915368517,OpB
2025-01-15 23:00:00,M4,55.0,0.25390981986466477,65.71309424526879,OpA
2025-01-16 00:00:00,M1,52.0,0.06224674670611558,68.49442411559055,OpA
2025-01-16 00:00:00,M2,46.0,0.1802497903302153,70.48767125460672,OpA
2025-01-16 00:00:00,M3,48.0,0.17454423124136464,,OpA
2025-01-16 00:00:00,M4,40.0,0.2575593738603192,,OpA
2025-01-16 01:00:00,M1,62.0,0.33186784950057513,73.74494601155979,OpC
2025-01-16 01:00:00,M2,44.0,0.44470617075278723,72.96499495744564,OpB
2025-01-16 01:00:00,M3,56.0,0.3821128227841298,75.33768396273021,OpB
2025-01-16 01:00:00,M4,53.0,0.46266339695961056,73.38970534225689,OpC
2025-01-16 02:00:00,M1,48.0,0.2460559644297803,75.76869602848014,OpA
2025-01-16 02:00:00,M2,43.0,0.09724271041998503,75.69648935192177,OpC
2025-01-16 02:00:00,M3,45.0,0.09746049293437117,71.50511315982166,OpA
2025-01-16 02:00:00,M4,41.0,0.09546721759427275,74.3891382777312,OpB
2025-01-16 03:00:00,M1,49.0,0.07623937074439469,77.00465785215063,OpC
2025-01-16 03:00:00,M2,53.0,0.39984792520522355,79.07256838898788,OpA
2025-01-16 03:00:00,M3,51.0,0.5476653709050839,77.5048898895379,OpC
2025-01-16 03:00:00,M4,48.0,0.48907753229019896,,OpA
2025-01-16 04:00:00,M1,40.0,0.3629772468072941,77.75513982318158,OpB
2025-01-16 04:00:00,M2,62.0,0.3825714730714293,80.74862989837764,OpC
2025-01-16 04:00:00,M3,40.0,0.23865204759662267,78.5984455661379,OpA
2025-01-16 04:00:00,M4,47.0,0.11208222521021916,76.37332229618823,OpB
2025-01-16 05:00:00,M1,41.0,0.5004700128636325,78.27089343075122,OpA
2025-01-16 05:00:00,M2,47.0,,82.21990783180833,OpC
2025-01-16 05:00:00,M3,50.0,0.39024721422534536,81.7171695156982,OpB
2025-01-16 05:00:00,M4,58.0,0.48511384094473947,78.64000328645403,OpC
2025-01-16 06:00:00,M1,56.0,0.47890243422883794,80.87614799517387,OpB
2025-01-16 06:00:00,M2,50.0,0.45850201691453896,80.38154506229873,OpB
2025-01-16 06:00:00,M3,51.0,0.23666716230857038,80.33682531931959,OpA
2025-01-16 06:00:00,M4,41.0,0.02270728124714919,81.2422172314354,OpB
2025-01-16 07:00:00,M1,51.0,0.5286349284980328,78.45169620916886,OpB
2025-01-16 07:00:00,M2,54.0,0.0893517272250959,78.63526293068108,OpC
2025-01-16 07:00:00,M3,42.0,0.47821540550767805,82.72344459026192,OpB
2025-01-16 07:00:00,M4,58.0,,77.24284203794839,OpC
2025-01-16 08:00:00,M1,52.0,0.3073742495362647,78.98772692903474,OpB
2025-01-16 08:00:00,M2,50.0,0.205097325501402,81.95184152657268,OpA
2025-01-16 08:00:00,M3,51.0,0.2360772090899149,78.7341941575674,OpA
2025-01-16 08:00:00,M4,42.0,0.47729961395455583,77.4495136899647,OpB
2025-01-16 09:00:00,M1,49.0,0.22768162674990836,79.75990212661982,OpC
2025-01-16 09:00:00,M2,33.0,0.1532738737016926,77.75132052774651,OpA
2025-01-16 09:00:00,M3,52.0,0.42070252880000836,79.22692493692536,OpA
2025-01-16 09:00:00,M4,51.0,0.35831120575323855,,OpA
2025-01-16 10:00:00,M1,58.0,0.33785558082091444,74.93158847651526,OpC
2025-01-16 10:00:00,M2,48.0,0.44630186053300575,75.98001957262672,OpB
2025-01-16 10:00:00,M3,63.0,0.13285839265969912,75.69399660936888,OpB
2025-01-16 10:00:00,M4,52.0,0.13402487880321795,76.94980494008293,OpB
2025-01-16 11:00:00,M1,51.0,0.3068473872669628,73.80555324995612,OpB
2025-01-16 11:00:00,M2,48.0,0.16061951898515528,72.31679338937738,OpB
2025-01-16 11:00:00,M3,48.0,0.3858613577797175,68.15894193065839,OpC
2025-01-16 11:00:00,M4,54.0,0.12779274863340176,71.24353156295004,OpA
2025-01-16 12:00:00,M1,52.0,0.3047570258941731,,OpC
2025-01-16 12:00:00,M2,54.0,0.40248450197532737,70.05557985015487,OpC
2025-01-16 12:00:00,M3,59.0,0.4165713943207732,70.08763384015411,OpB
2025-01-16 12:00:00,M4,57.0,0.29156489179499806,70.9106348706016,OpC
2025-01-16 13:00:00,M1,61.0,0.20568139694197715,67.59327153897857,OpC
2025-01-16 13:00:00,M2,50.0,0.5278674648206588,,OpB
2025-01-16 13:00:00,M3,54.0,0.37680166398082143,67.4608212914871,OpA
2025-01-16 13:00:00,M4,50.0,0.5105891537355836,65.94414483855032,OpC
2025-01-16 14:00:00,M1,58.0,0.15508220424264288,65.4607487302319,OpB
2025-01-16 14:00:00,M2,50.0,0.1525540652745772,65.45519347990887,OpB
2025-01-16 14:00:00,M3,56.0,0.5646484555320076,62.796733186697566,OpC
2025-01-16 14:00:00,M4,60.0,,65.5028137302005,OpA
2025-01-16 15:00:00,M1,51.0,0.28407643908312935,66.95471239806982,OpC
2025-01-16 15:00:00,M2,50.0,0.6657978105664689,59.90636534048308,OpA
2025-01-16 15:00:00,M3,52.0,0.41228726539657296,61.775791406995964,OpA
2025-01-16 15:00:00,M4,53.0,0.4913077498177307,,OpA
2025-01-16 16:00:00,M1,60.0,0.20023037111952527,63.858756331305216,OpB
2025-01-16 16:00:00,M2,,0.19354681241790614,60.24563681940802,OpA
2025-01-16 16:00:00,M3,52.0,,64.09808568634223,OpA
2025-01-16 16:00:00,M4,,0.23503781700644688,63.5481125901829,OpC
2025-01-16 17:00:00,M1,39.0,0.43644511905815564,63.27541033301036,OpB
2025-01-16 17:00:00,M2,48.0,0.37709539722372937,59.11351083802897,OpA
2025-01-16 17:00:00,M3,50.0,0.5631218653533041,60.39043167958617,OpB
2025-01-16 17:00:00,M4,54.0,0.11354732678773918,59.37580793644262,OpA
2025-01-16 18:00:00,M1,55.0,0.3878649390110559,61.784470852022935,OpA
2025-01-16 18:00:00,M2,49.0,0.3514482707315202,57.99709666591223,OpB
2025-01-16 18:00:00,M3,52.0,0.5216684675893484,61.23751419789155,OpC
2025-01-16 18:00:00,M4,41.0,0.09176904549233253,58.74057229045101,OpA
2025-01-16 19:00:00,M1,44.0,0.2635311481527645,63.55914871355042,OpA
2025-01-16 19:00:00,M2,55.0,0.1959929478327955,62.673192548339564,OpA
2025-01-16 19:00:00,M3,49.0,0.388239330841454,59.26868568407394,OpB
2025-01-16 19:00:00,M4,47.0,0.7695953541340556,63.08963951535231,OpA
2025-01-16 20:00:00,M1,50.0,0.3957616249823016,60.365436479911885,OpB
2025-01-16 20:00:00,M2,41.0,0.19956935300552087,,OpA
2025-01-16 20:00:00,M3,45.0,0.4626993271082378,62.202140711611435,OpA
2025-01-16 20:00:00,M4,48.0,0.2858576533414184,59.1845926962154,OpB
2025-01-16 21:00:00,M1,53.0,0.2509120155507217,63.96173299481883,OpB
2025-01-16 21:00:00,M2,40.0,0.3998357963456311,59.83346933479702,OpA
2025-01-16 21:00:00,M3,50.0,0.28847051459969847,61.61020263695017,OpA
2025-01-16 21:00:00,M4,52.0,0.06474650384048457,63.97992783215923,OpC
2025-01-16 22:00:00,M1,46.0,0.35176588696576616,60.07008118370791,OpC
2025-01-16 22:00:00,M2,56.0,0.5043135226400782,68.12086722125504,OpB
2025-01-16 22:00:00,M3,58.0,0.15681977580461226,64.34570070845719,OpA
2025-01-16 22:00:00,M4,54.0,0.07149651613576946,64.12028390460499,OpC
2025-01-16 23:00:00,M1,50.0,0.3523957065254575,68.46942307685717,OpA
2025-01-16 23:00:00,M2,44.0,0.308240220812632,68.63162413152934,OpC
2025-01-16 23:00:00,M3,41.0,0.2630778040829994,62.46287459253647,OpC
2025-01-16 23:00:00,M4,58.0,0.23357035532369302,69.48275752002539,OpA
2025-01-17 00:00:00,M1,39.0,0.29811848831579885,69.82156961152276,OpC
2025-01-17 00:00:00,M2,45.0,0.4625633993592409,69.51891705707513,OpC
2025-01-17 00:00:00,M3,46.0,0.41251634621469874,71.0860914439805,OpB
2025-01-17 00:00:00,M4,56.0,0.636782341518343,,OpB
2025-01-17 01:00:00,M1,38.0,0.09519961455884618,77.1693211576067,OpB
2025-01-17 01:00:00,M2,52.0,0.07752905461703627,73.60510854170691,OpA
2025-01-17 01:00:00,M3,47.0,0.09378944213003743,74.06291215911298,OpC
2025-01-17 01:00:00,M4,58.0,0.6110658235022111,71.58483071766719,OpA
2025-01-17 02:00:00,M1,49.0,0.15753805268947743,74.10887702085579,OpC
2025-01-17 02:00:00,M2,60.0,0.22113756462921,73.86379550581363,OpA
2025-01-17 02:00:00,M3,55.0,,75.17110861984533,OpA
2025-01-17 02:00:00,M4,56.0,,76.4239891836645,OpC
2025-01-17 03:00:00,M1,,0.5400229979640926,78.03870015423892,OpB
2025-01-17 03:00:00,M2,,0.23260459279758816,78.8593273779771,OpC
2025-01-17 03:00:00,M3,52.0,0.2612319377479561,,OpC
2025-01-17 03:00:00,M4,43.0,0.49465675309472296,76.4733313129497,OpB
2025-01-17 04:00:00,M1,58.0,0.1803277620130402,78.94206158925121,OpC
2025-01-17 04:00:00,M2,56.0,0.5922203337790277,81.20779806875518,OpC
2025-01-17 04:00:00,M3,40.0,0.4495686168513268,76.4643460893165,OpA
2025-01-17 04:00:00,M4,57.0,0.16932249156423249,80.60445282118489,OpC
2025-01-17 05:00:00,M1,53.0,0.32710179379735044,76.91821822915544,OpA
2025-01-17 05:00:00,M2,51.0,0.28480869933775443,81.04934077918558,OpC
2025-01-17 05:00:00,M3,60.0,0.254508530664546,76.77091193143757,OpA
2025-01-17 05:00:00,M4,59.0,0.49030818185848224,78.11194901966475,OpB
2025-01-17 06:00:00,M1,56.0,0.17588171863362276,78.95267755785993,OpC
2025-01-17 06:00:00,M2,50.0,0.22853551859364277,76.16268525498339,OpC
2025-01-17 06:00:00,M3,43.0,0.43620640884751016,77.7460172260037,OpC
2025-01-17 06:00:00,M4,57.0,0.11481943915519015,80.93440713541975,OpA
2025-01-17 07:00:00,M1,41.0,0.13566710835948104,83.25818361677806,OpC
2025-01-17 07:00:00,M2,49.0,0.15906869034742102,81.2677436548442,OpC
2025-01-17 07:00:00,M3,55.0,0.20311039194795477,80.53661376314624,OpC
2025-01-17 07:00:00,M4,50.0,0.3188157230667507,80.71624495252047,OpC
2025-01-17 08:00:00,M1,45.0,,79.94110182716229,OpC
2025-01-17 08:00:00,M2,59.0,0.09998561405948442,80.33805214367214,OpA
2025-01-17 08:00:00,M3,50.0,0.28079549574750334,79.7709581832426,OpA
2025-01-17 08:00:00,M4,50.0,0.21233129850565327,81.29566528891047,OpA
2025-01-17 09:00:00,M1,47.0,0.27095469418540413,76.93952822936885,OpA
2025-01-17 09:00:00,M2,57.0,0.5643004126539547,77.30752100701845,OpA
2025-01-17 09:00:00,M3,55.0,0.17699036852217975,,OpC
2025-01-17 09:00:00,M4,53.0,0.23874874828049503,76.13077394655892,OpC
2025-01-17 10:00:00,M1,51.0,0.17598595658911406,72.39884961802464,OpB
2025-01-17 10:00:00,M2,,0.2710035707850183,76.32225648183118,OpC
2025-01-17 10:00:00,M3,56.0,0.4129101454313971,73.27114395318202,OpA
2025-01-17 10:00:00,M4,41.0,0.1778910064487686,78.11157717311423,OpB
2025-01-17 11:00:00,M1,50.0,0.11497652295218767,72.87425966941578,OpB
2025-01-17 11:00:00,M2,50.0,0.1738256901856224,71.22463923351475,OpB
2025-01-17 11:00:00,M3,58.0,0.6451215436839521,,OpB
2025-01-17 11:00:00,M4,51.0,0.15790566110615054,72.94673578596093,OpA
2025-01-17 12:00:00,M1,43.0,0.2913296980213307,72.0822287606887,OpA
2025-01-17 12:00:00,M2,59.0,0.4857110990247879,70.48213098606948,OpB
2025-01-17 12:00:00,M3,42.0,0.17048266161561132,70.12944174285084,OpC
2025-01-17 12:00:00,M4,54.0,0.22293047692399268,71.26779003097587,OpC
2025-01-17 13:00:00,M1,53.0,0.11708434935141848,68.67350130258043,OpB
2025-01-17 13:00:00,M2,36.0,0.19246256332077613,62.379925472276575,OpC
2025-01-17 13:00:00,M3,47.0,0.10873542432158931,65.80957036034532,OpB
2025-01-17 13:00:00,M4,52.0,0.27687581511301945,67.8467242866623,OpB
2025-01-17 14:00:00,M1,53.0,0.13751606168999883,64.16577901111776,OpC
2025-01-17 14:00:00,M2,54.0,0.3362868383702399,60.78977595407387,OpA
2025-01-17 14:00:00,M3,50.0,0.13078516540070226,,OpB
2025-01-17 14:00:00,M4,59.0,0.037294956570682436,62.358168748366126,OpA
2025-01-17 15:00:00,M1,56.0,0.20048421216359597,63.23408241488913,OpC
2025-01-17 15:00:00,M2,43.0,0.37590018790466195,65.30464521902762,OpC
2025-01-17 15:00:00,M3,59.0,0.2657814240802506,,OpB
2025-01-17 15:00:00,M4,55.0,,62.50214646088913,OpB
2025-01-17 16:00:00,M1,60.0,0.29094069719611354,60.381101474604286,OpC
2025-01-17 16:00:00,M2,50.0,0.5808820919423392,60.92952532816492,OpC
2025-01-17 16:00:00,M3,42.0,0.18026390338047985,61.11967716069856,OpC
2025-01-17 16:00:00,M4,42.0,0.09269151693664071,61.72147482358213,OpA
2025-01-17 17:00:00,M1,44.0,0.24898279903674297,57.98735711280018,OpA
2025-01-17 17:00:00,M2,39.0,0.14944000569034707,61.64543208816855,OpA
2025-01-17 17:00:00,M3,48.0,0.47002560701805435,63.24007051827068,OpB
2025-01-17 17:00:00,M4,32.0,0.17789364324662932,62.691993410925406,OpA
2025-01-17 18:00:00,M1,46.0,0.32081357639727986,59.08245574277654,OpA
2025-01-17 18:00:00,M2,41.0,0.2118043807250221,59.403735076929884,OpC
2025-01-17 18:00:00,M3,61.0,0.1722987166779142,58.25218552952516,OpB
2025-01-17 18:00:00,M4,51.0,0.11362249791817453,58.682004067114576,OpB
2025-01-17 19:00:00,M1,60.0,0.4798881151430721,63.44597024773615,OpA
2025-01-17 19:00:00,M2,46.0,0.391891532040936,59.850118122958825,OpB
2025-01-17 19:00:00,M3,51.0,0.2851356988319694,62.883961255277455,OpB
2025-01-17 19:00:00,M4,48.0,0.2031633993450103,63.27469626260007,OpA
2025-01-17 20:00:00,M1,51.0,0.40942981058623606,62.46420785726008,OpC
2025-01-17 20:00:00,M2,53.0,0.5125784793503969,60.18080462467793,OpB
2025-01-17 20:00:00,M3,39.0,0.11489663260984807,58.403395293492444,OpB
2025-01-17 20:00:00,M4,40.0,0.23616370616349228,61.8290513290918,OpB
2025-01-17 21:00:00,M1,55.0,0.2876054393321734,63.13034610446476,OpC
2025-01-17 21:00:00,M2,56.0,0.2853002826763818,63.989604318263616,OpB
2025-01-17 21:00:00,M3,44.0,0.32153636015268033,64.85201568577466,OpA
2025-01-17 21:00:00,M4,62.0,0.2738675665164178,63.88190568802753,OpC
2025-01-17 22:00:00,M1,47.0,0.24563665131889986,66.59584137947016,OpB
2025-01-17 22:00:00,M2,51.0,0.5797493605612756,67.61680048922983,OpC
2025-01-17 22:00:00,M3,58.0,0.3333623824873985,67.1582196968801,OpC
2025-01-17 22:00:00,M4,50.0,0.4114079515098648,,OpC
2025-01-17 23:00:00,M1,60.0,0.5765897233208683,67.00941407665289,OpC
2025-01-17 23:00:00,M2,41.0,0.0731230125394795,67.09102078567732,OpB
2025-01-17 23:00:00,M3,44.0,0.4124251027636551,68.03128391483209,OpC
2025-01-17 23:00:00,M4,41.0,0.11486803902665561,67.6004671961265,OpB
2025-01-18 00:00:00,M1,42.0,0.061955272162747585,72.27490190160682,OpB
2025-01-18 00:00:00,M2,55.0,0.09045051747039737,69.23251742450437,OpC
2025-01-18 00:00:00,M3,52.0,0.34703152334147624,69.229425513909,OpA
2025-01-18 00:00:00,M4,52.0,0.16925477203716952,71.08107379432579,OpC
2025-01-18 01:00:00,M1,49.0,0.1252442039048362,72.92498533047852,OpB
2025-01-18 01:00:00,M2,60.0,0.4739169215897089,70.7587869774356,OpB
2025-01-18 01:00:00,M3,43.0,0.22709009825996818,75.06276241895341,OpA
2025-01-18 01:00:00,M4,47.0,0.33349072692052373,71.74341248145072,OpB
2025-01-18 02:00:00,M1,33.0,0.281226662834393,,OpC
2025-01-18 02:00:00,M2,55.0,0.06078175706614844,73.65826117010788,OpA
2025-01-18 02:00:00,M3,,0.31486034777884364,76.58154008468208,OpB
2025-01-18 02:00:00,M4,55.0,0.31085665006589974,74.46601010150712,OpB
2025-01-18 03:00:00,M1,46.0,0.6582557704594061,73.2025763115359,OpB
2025-01-18 03:00:00,M2,58.0,0.30686749737341723,76.17654568223163,OpA
2025-01-18 03:00:00,M3,61.0,0.5441044020310911,75.74503240990012,OpB
2025-01-18 03:00:00,M4,44.0,,76.84909009936155,OpB
2025-01-18 04:00:00,M1,55.0,0.1600794623671383,78.00743749573527,OpA
2025-01-18 04:00:00,M2,,0.08231806679226075,75.055867288953,OpC
2025-01-18 04:00:00,M3,43.0,0.5799631041452776,75.33982025322243,OpA
2025-01-18 04:00:00,M4,49.0,0.417146769847758,77.77986913377636,OpC
2025-01-18 05:00:00,M1,48.0,0.3037178698233813,80.96016575415283,OpB
2025-01-18 05:00:00,M2,43.0,0.3340641565400525,80.36302107053783,OpC
2025-01-18 05:00:00,M3,46.0,0.4360441487334363,75.04838823489351,OpC
2025-01-18 05:00:00,M4,46.0,0.3075598658673074,79.10209880763504,OpC
2025-01-18 06:00:00,M1,57.0,0.5452295936231808,86.09071706855055,OpC
2025-01-18 06:00:00,M2,47.0,0.2011466728252261,76.88449889031675,OpA
2025-01-18 06:00:00,M3,49.0,0.0888888946438353,81.04632436147968,OpB
2025-01-18 06:00:00,M4,44.0,0.03850962976462072,83.31153128954479,OpA
2025-01-18 07:00:00,M1,44.0,,82.40730278683634,OpC
2025-01-18 07:00:00,M2,43.0,0.3360669903182037,80.691161391496,OpC
2025-01-18 07:00:00,M3,46.0,0.33544626533008304,81.77168326884387,OpC
2025-01-18 07:00:00,M4,50.0,0.35313255587701553,81.31589808336572,OpC
2025-01-18 08:00:00,M1,56.0,0.3654793856997416,76.29020818165664,OpB
2025-01-18 08:00:00,M2,42.0,0.42930473628068644,78.62344083200298,OpA
2025-01-18 08:00:00,M3,41.0,0.40511980282091625,77.66955709493,OpB
2025-01-18 08:00:00,M4,45.0,0.18675518310083378,79.19340414997336,OpC
2025-01-18 09:00:00,M1,49.0,,75.80772154208172,OpB
2025-01-18 09:00:00,M2,53.0,,81.25282307654862,OpC
2025-01-18 09:00:00,M3,38.0,0.09820797840521144,75.8658340833068,OpC
2025-01-18 09:00:00,M4,48.0,0.08525716703727472,79.73306312074696,OpC
2025-01-18 10:00:00,M1,54.0,0.45620955375673833,71.11876782388806,OpA
2025-01-18 10:00:00,M2,54.0,0.26751154857766646,74.48463641057654,OpA
2025-01-18 10:00:00,M3,48.0,0.1228668247997009,73.15471250273642,OpA
2025-01-18 10:00:00,M4,,0.2404144500699039,77.21483944465523,OpB
2025-01-18 11:00:00,M1,,0.43872996816060633,73.91034724092617,OpA
2025-01-18 11:00:00,M2,56.0,0.053631895095328605,72.87988643192271,OpA
2025-01-18 11:00:00,M3,45.0,0.18325600860150051,72.15698456424641,OpB
2025-01-18 11:00:00,M4,44.0,0.16968253680913953,71.34727123722422,OpA
2025-01-18 12:00:00,M1,44.0,0.022994073585077893,68.16295617548998,OpA
2025-01-18 12:00:00,M2,43.0,0.07536248221924899,70.09822371833191,OpB
2025-01-18 12:00:00,M3,,0.6051837987109254,72.09377992278897,OpC
2025-01-18 12:00:00,M4,53.0,0.11080049778808226,67.88695160842134,OpB
2025-01-18 13:00:00,M1,53.0,0.31609031454552755,66.49719245621061,OpC
2025-01-18 13:00:00,M2,53.0,0.690943818808754,71.77313125920413,OpA
2025-01-18 13:00:00,M3,48.0,0.05566499094788276,65.53808288444955,OpC
2025-01-18 13:00:00,M4,57.0,0.06339755485016514,68.25084232978816,OpA
2025-01-18 14:00:00,M1,39.0,0.10614952315020026,60.71038476593736,OpB
2025-01-18 14:00:00,M2,59.0,0.1404768041507193,64.86655323707033,OpB
2025-01-18 14:00:00,M3,47.0,,64.23173859767803,OpC
2025-01-18 14:00:00,M4,38.0,0.24150719942700355,67.10481212061651,OpC
2025-01-18 15:00:00,M1,52.0,0.19571264598568575,63.62694011272191,OpA
2025-01-18 15:00:00,M2,47.0,0.5244860406214598,64.87599539817224,OpC
2025-01-18 15:00:00,M3,49.0,0.2611244352854306,61.22740492732669,OpB
2025-01-18 15:00:00,M4,57.0,0.3429189519228247,58.96929515577175,OpA
2025-01-18 16:00:00,M1,53.0,0.19162218150099686,60.22487905715391,OpB
2025-01-18 16:00:00,M2,44.0,0.35241605987570424,,OpC
2025-01-18 16:00:00,M3,52.0,,59.20920636183954,OpA
2025-01-18 16:00:00,M4,42.0,0.3798231645431881,58.450071237590116,OpA
2025-01-18 17:00:00,M1,41.0,0.4772367449753417,60.87383674580601,OpA
2025-01-18 17:00:00,M2,45.0,0.39347426386820367,59.190340136168324,OpB
2025-01-18 17:00:00,M3,47.0,0.5911686555725021,60.800708378567286,OpB
2025-01-18 17:00:00,M4,54.0,0.554754492892687,60.42609451591298,OpA
2025-01-18 18:00:00,M1,43.0,0.22823797357200784,58.001550393090135,OpA
2025-01-18 18:00:00,M2,58.0,0.09786942569111919,59.481333737090615,OpA
2025-01-18 18:00:00,M3,50.0,0.1505994831367644,63.247952773817524,OpB
2025-01-18 18:00:00,M4,44.0,0.7440021370932711,60.16528149586867,OpA
2025-01-18 19:00:00,M1,,0.16674906705541329,60.01378241544094,OpA
2025-01-18 19:00:00,M2,46.0,0.36827320259520724,57.72234993764184,OpB
2025-01-18 19:00:00,M3,53.0,,61.55026623260203,OpC
2025-01-18 19:00:00,M4,51.0,0.13699756077904346,60.49262461667206,OpB
2025-01-18 20:00:00,M1,38.0,0.2801671103469728,,OpA
2025-01-18 20:00:00,M2,,0.4310378779211758,63.13488672913956,OpB
2025-01-18 20:00:00,M3,51.0,0.09165574447639932,60.04181320078719,OpB
2025-01-18 20:00:00,M4,45.0,0.38275369882169347,60.83714533393283,OpA
2025-01-18 21:00:00,M1,60.0,0.4263056292630189,62.037774793643436,OpC
2025-01-18 21:00:00,M2,43.0,0.10967286553919507,62.42979171231174,OpB
2025-01-18 21:00:00,M3,54.0,0.4599624078463156,59.867707300548496,OpA
2025-01-18 21:00:00,M4,41.0,0.12001547574255976,62.68240105860644,OpB
2025-01-18 22:00:00,M1,45.0,0.34902383441628576,67.01303616022274,OpB
2025-01-18 22:00:00,M2,40.0,0.30698474240517093,65.88911591600592,OpC
2025-01-18 22:00:00,M3,61.0,0.3771350773329482,64.4755472562656,OpC
2025-01-18 22:00:00,M4,57.0,0.0737854764309779,65.15437590846373,OpC
2025-01-18 23:00:00,M1,49.0,0.3589647731805039,67.11582692889384,OpA
2025-01-18 23:00:00,M2,54.0,0.3554751680201389,69.04217523348875,OpC
2025-01-18 23:00:00,M3,42.0,0.09303987268114071,65.5950785996127,OpA
2025-01-18 23:00:00,M4,53.0,0.13512336720042728,68.71308258096124,OpA
2025-01-19 00:00:00,M1,60.0,0.4872220020007285,71.32290154863264,OpB
2025-01-19 00:00:00,M2,51.0,0.2986143908192868,71.79631392735237,OpA
2025-01-19 00:00:00,M3,52.0,0.13222502976552064,67.9533408446029,OpB
2025-01-19 00:00:00,M4,36.0,0.24069650287859057,64.21795560763499,OpC
2025-01-19 01:00:00,M1,,0.175792257469726,73.33590985431164,OpB
2025-01-19 01:00:00,M2,59.0,0.4075942494176525,74.87825117041596,OpA
2025-01-19 01:00:00,M3,49.0,0.09852155736818269,,OpA
2025-01-19 01:00:00,M4,52.0,0.40348706246082405,74.5303316515717,OpC
2025-01-19 02:00:00,M1,50.0,0.5735737845136147,76.3000875535818,OpB
2025-01-19 02:00:00,M2,41.0,0.1947918457804201,74.51628033067615,OpC
2025-01-19 02:00:00,M3,40.0,0.09718413258186712,76.18195846822255,OpB
2025-01-19 02:00:00,M4,53.0,0.07715079108515306,74.83295453428812,OpA
2025-01-19 03:00:00,M1,46.0,0.24241782880152665,75.95211663234291,OpC
2025-01-19 03:00:00,M2,59.0,0.13131568490644258,76.71664184035727,OpC
2025-01-19 03:00:00,M3,53.0,0.688762604568868,81.11715349880085,OpA
2025-01-19 03:00:00,M4,68.0,0.41637207506035817,76.82945806864058,OpA
2025-01-19 04:00:00,M1,47.0,0.2333625197065971,76.58988065985493,OpA
2025-01-19 04:00:00,M2,32.0,0.6100712899702511,76.74052130880908,OpB
2025-01-19 04:00:00,M3,61.0,0.2619311184714258,78.01432133421824,OpC
2025-01-19 04:00:00,M4,53.0,0.31160869055142837,80.52887202826406,OpA
2025-01-19 05:00:00,M1,40.0,0.7135120617526152,82.58212148371268,OpA
2025-01-19 05:00:00,M2,50.0,0.27593954545307453,80.12270258617173,OpA
2025-01-19 05:00:00,M3,42.0,0.048408901121306074,79.16401301536636,OpA
2025-01-19 05:00:00,M4,33.0,0.14818536319251327,79.76688315634192,OpA
2025-01-19 06:00:00,M1,,0.05991087009021907,84.62773917376549,OpB
2025-01-19 06:00:00,M2,,0.3400946813657299,76.71540325327662,OpB
2025-01-19 06:00:00,M3,50.0,0.32229563779488035,81.5250203450261,OpA
2025-01-19 06:00:00,M4,48.0,0.2601562192432097,81.83087504316471,OpC
2025-01-19 07:00:00,M1,41.0,0.29569611133800483,84.43301258937211,OpC
2025-01-19 07:00:00,M2,45.0,0.39834707991081925,,OpB
2025-01-19 07:00:00,M3,46.0,0.4995465271840025,77.16706692646399,OpA
2025-01-19 07:00:00,M4,46.0,,80.39414581035288,OpA
2025-01-19 08:00:00,M1,,0.5148517802033816,77.89786518122213,OpA
2025-01-19 08:00:00,M2,51.0,0.3413481371480077,78.76211605382541,OpA
2025-01-19 08:00:00,M3,46.0,0.035673990949699856,79.22315417117048,OpA
2025-01-19 08:00:00,M4,48.0,0.2790701727102896,78.78922351204294,OpC
2025-01-19 09:00:00,M1,69.0,0.24661353157746177,76.55867833602355,OpB
2025-01-19 09:00:00,M2,47.0,,76.11597941118919,OpC
2025-01-19 09:00:00,M3,42.0,0.4038505231202946,75.12184628110789,OpA
2025-01-19 09:00:00,M4,51.0,0.26983502411149957,75.16754903678442,OpB
2025-01-19 10:00:00,M1,61.0,0.3063874615881064,77.84836270062273,OpA
2025-01-19 10:00:00,M2,46.0,0.30181284887843585,74.91602756192766,OpC
2025-01-19 10:00:00,M3,39.0,0.2558864624502451,77.94430764523344,OpC
2025-01-19 10:00:00,M4,38.0,0.6678071128253166,74.77134659350926,OpA
2025-01-19 11:00:00,M1,55.0,0.25650412331496064,74.47877390022686,OpC
2025-01-19 11:00:00,M2,39.0,0.29229183455733976,74.67528191877865,OpC
2025-01-19 11:00:00,M3,46.0,0.35405433054212726,69.9114102956111,OpB
2025-01-19 11:00:00,M4,52.0,0.20675320511651352,75.69224264020936,OpB
2025-01-19 12:00:00,M1,,0.4992222208537205,66.45820326478727,OpC
2025-01-19 12:00:00,M2,53.0,0.2162703446590007,71.45414379198216,OpB
2025-01-19 12:00:00,M3,60.0,0.4938231427936265,69.91707897199211,OpB
2025-01-19 12:00:00,M4,,0.24157966477075848,70.12070768881493,OpA
2025-01-19 13:00:00,M1,52.0,0.4526128677166993,69.42759570085605,OpA
2025-01-19 13:00:00,M2,55.0,0.3959488954092139,65.51216109475394,OpA
2025-01-19 13:00:00,M3,41.0,0.2163891410649196,64.37075501440788,OpC
2025-01-19 13:00:00,M4,49.0,0.18833342762698702,66.57870085796685,OpA
2025-01-19 14:00:00,M1,61.0,0.03684036793053793,60.872636239672666,OpA
2025-01-19 14:00:00,M2,47.0,0.12916825377425845,65.77211355457312,OpC
2025-01-19 14:00:00,M3,59.0,0.4409973389404558,63.296140979264095,OpC
2025-01-19 14:00:00,M4,58.0,0.06770459081327991,70.98363352046553,OpC
2025-01-19 15:00:00,M1,52.0,0.26427179884047386,62.35048744301628,OpC
2025-01-19 15:00:00,M2,61.0,0.30380478619656565,59.09819272993077,OpB
2025-01-19 15:00:00,M3,47.0,,65.29622620307634,OpA
2025-01-19 15:00:00,M4,52.0,0.06624075043368416,62.3030012294666,OpA
2025-01-19 16:00:00,M1,52.0,0.1680114969810504,60.20585084169684,OpB
2025-01-19 16:00:00,M2,61.0,0.28250616723228045,60.72440678132124,OpA
2025-01-19 16:00:00,M3,53.0,0.13860787971289312,62.13247570423102,OpC
2025-01-19 16:00:00,M4,44.0,0.4202152975152233,58.18775666718224,OpB
2025-01-19 17:00:00,M1,43.0,0.6555804541736318,60.06965613120302,OpA
2025-01-19 17:00:00,M2,53.0,0.43778796107471596,,OpB
2025-01-19 17:00:00,M3,45.0,0.549960237083347,59.571624845388286,OpA
2025-01-19 17:00:00,M4,37.0,0.38205722249190605,61.229057231239786,OpA
2025-01-19 18:00:00,M1,53.0,0.127313765468103,58.56387914207229,OpC
2025-01-19 18:00:00,M2,56.0,0.19404013071472534,59.197048526217046,OpA
2025-01-19 18:00:00,M3,43.0,,58.16097359142026,OpC
2025-01-19 18:00:00,M4,46.0,0.5862252728732441,58.948541889973306,OpB
2025-01-19 19:00:00,M1,45.0,0.10906370978644127,60.116531945135,OpC
2025-01-19 19:00:00,M2,50.0,0.2743446990687408,60.18204226892373,OpB
2025-01-19 19:00:00,M3,54.0,0.2253561736102158,56.698637409193324,OpB
2025-01-19 19:00:00,M4,49.0,0.34292064481211626,60.326002135943156,OpB
2025-01-19 20:00:00,M1,47.0,0.18193420876694522,58.76266280029881,OpB
2025-01-19 20:00:00,M2,52.0,0.20217288816940995,61.385747146364245,OpA
2025-01-19 20:00:00,M3,53.0,0.3660836555488676,60.231621119524306,OpC
2025-01-19 20:00:00,M4,49.0,0.25512501968278173,60.36908404604617,OpA
2025-01-19 21:00:00,M1,43.0,0.2212804552785982,65.28666995559708,OpC
2025-01-19 21:00:00,M2,48.0,0.16012592352385352,63.32337212367715,OpB
2025-01-19 21:00:00,M3,,0.40024959335730387,63.18753224451985,OpA
2025-01-19 21:00:00,M4,46.0,0.1559145889144368,,OpB
2025-01-19 22:00:00,M1,42.0,0.2284610307437955,64.66538878777662,OpC
2025-01-19 22:00:00,M2,49.0,0.1588078036079598,65.45436651089378,OpB
2025-01-19 22:00:00,M3,47.0,0.4495555982316461,67.66387646531724,OpC
2025-01-19 22:00:00,M4,42.0,0.11808024039566807,66.576528575359,OpB
2025-01-19 23:00:00,M1,52.0,0.3883803780836092,67.84816536784953,OpB
2025-01-19 23:00:00,M2,55.0,0.41192972799613786,68.22454683080434,OpC
2025-01-19 23:00:00,M3,48.0,0.21344746636399545,,OpA
2025-01-19 23:00:00,M4,52.0,0.36138467729597806,68.5815925745415,OpA
2025-01-20 00:00:00,M1,54.0,0.26387784534744346,73.24228373694856,OpC
2025-01-20 00:00:00,M2,39.0,0.3036264100867054,68.69114000386708,OpB
2025-01-20 00:00:00,M3,49.0,0.511172981080363,67.85274352936688,OpA
2025-01-20 00:00:00,M4,43.0,0.2618462511047371,71.22622848566878,OpA
2025-01-20 01:00:00,M1,56.0,0.27231223837188956,76.91957219667275,OpC
2025-01-20 01:00:00,M2,52.0,0.1287815028663298,73.02513023796062,OpA
2025-01-20 01:00:00,M3,44.0,0.26895072421250255,74.46084243694217,OpB
2025-01-20 01:00:00,M4,47.0,0.17706824692182288,73.43859782463663,OpA
2025-01-20 02:00:00,M1,44.0,,73.96597184202125,OpB
2025-01-20 02:00:00,M2,48.0,0.17313980608904334,73.37274245346582,OpC
2025-01-20 02:00:00,M3,43.0,0.12889514024813842,76.76682535751775,OpB
2025-01-20 02:00:00,M4,39.0,0.22159719046415952,75.07710559723104,OpA
2025-01-20 03:00:00,M1,49.0,0.3125337497464842,77.13676823632453,OpA
2025-01-20 03:00:00,M2,56.0,0.14994062012458734,77.98706440538834,OpC
2025-01-20 03:00:00,M3,43.0,0.6674974298864176,78.77629480629535,OpC
2025-01-20 03:00:00,M4,38.0,0.41890794866018055,75.20176263534601,OpA
2025-01-20 04:00:00,M1,44.0,0.14449073816211752,79.83676478818037,OpC
2025-01-20 04:00:00,M2,52.0,0.3494612187786213,81.66373830913595,OpA
2025-01-20 04:00:00,M3,59.0,0.578671988108781,77.75834901626624,OpA
2025-01-20 04:00:00,M4,49.0,0.17160073295178752,78.09311072871678,OpC
2025-01-20 05:00:00,M1,48.0,0.5937316730920716,77.68563343717457,OpA
2025-01-20 05:00:00,M2,48.0,0.5127477711551927,78.89232117068998,OpA
2025-01-20 05:00:00,M3,45.0,0.5141337117899524,80.50178465675478,OpB
2025-01-20 05:00:00,M4,48.0,0.7356187095673111,80.38742977077675,OpC
2025-01-20 06:00:00,M1,52.0,0.3952864833299231,79.39586516219848,OpC
2025-01-20 06:00:00,M2,57.0,0.7660704178485381,,OpA
2025-01-20 06:00:00,M3,55.0,0.20551514774540883,77.90584925323527,OpC
2025-01-20 06:00:00,M4,38.0,0.07355673756922945,77.51923570408604,OpB
2025-01-20 07:00:00,M1,55.0,0.29190455360180223,79.75654784232555,OpA
2025-01-20 07:00:00,M2,45.0,0.14224174994609007,75.78283393269646,OpA
2025-01-20 07:00:00,M3,35.0,0.5243163947245473,81.06408424015818,OpA
2025-01-20 07:00:00,M4,42.0,0.33104376433878197,80.74234830255884,OpB
2025-01-20 08:00:00,M1,49.0,0.1495269785385699,78.68005248867142,OpC
2025-01-20 08:00:00,M2,60.0,0.3032257021264812,79.3647473564755,OpC
2025-01-20 08:00:00,M3,44.0,0.25553481394569383,79.5545629313847,OpB
2025-01-20 08:00:00,M4,52.0,0.09049961509657788,80.07220260252686,OpC
2025-01-20 09:00:00,M1,51.0,0.27802556460376837,77.45520813898112,OpB
2025-01-20 09:00:00,M2,55.0,0.20801782446144357,,OpA
2025-01-20 09:00:00,M3,47.0,0.2133628542982016,78.23633501723933,OpB
2025-01-20 09:00:00,M4,,0.08873883229901555,75.80111686254209,OpB
2025-01-20 10:00:00,M1,55.0,0.36158248873636484,74.25127969357142,OpA
2025-01-20 10:00:00,M2,64.0,0.28567320729256196,,OpA
2025-01-20 10:00:00,M3,49.0,0.2717467061020194,77.73683913670364,OpC
2025-01-20 10:00:00,M4,48.0,0.14916898413626983,,OpC
2025-01-20 11:00:00,M1,55.0,0.20120648711586947,70.8161833076042,OpA
2025-01-20 11:00:00,M2,41.0,0.16587611405876287,73.05280556524416,OpB
2025-01-20 11:00:00,M3,37.0,0.15074466946471354,73.42822003104449,OpB
2025-01-20 11:00:00,M4,44.0,0.6514431550299351,74.08462165875402,OpA
2025-01-20 12:00:00,M1,42.0,0.2733224642177893,69.48948506464822,OpC
2025-01-20 12:00:00,M2,48.0,0.4128586545716914,68.14444988034988,OpC
2025-01-20 12:00:00,M3,55.0,0.38281200894036477,70.41473287182366,OpA
2025-01-20 12:00:00,M4,58.0,0.2386732439400803,71.05674489527416,OpC
2025-01-20 13:00:00,M1,42.0,0.23116133355271284,67.77026833082218,OpC
2025-01-20 13:00:00,M2,47.0,0.19891997531293973,68.43288787691412,OpB
2025-01-20 13:00:00,M3,45.0,,67.01159421078282,OpA
2025-01-20 13:00:00,M4,38.0,0.466481839353124,66.2010689683965,OpC
2025-01-20 14:00:00,M1,50.0,0.13605145614608877,65.53860020210993,OpB
2025-01-20 14:00:00,M2,72.0,0.3564848555526274,68.54516334148407,OpC
2025-01-20 14:00:00,M3,62.0,0.22945701314389721,65.1122019280423,OpA
2025-01-20 14:00:00,M4,57.0,0.14067592552006034,65.81610256141637,OpC
2025-01-20 15:00:00,M1,58.0,0.5509544072312537,62.10168505537349,OpC
2025-01-20 15:00:00,M2,47.0,0.41489472876337596,62.48854294488281,OpC
2025-01-20 15:00:00,M3,34.0,0.1823851238489285,62.52510140965053,OpB
2025-01-20 15:00:00,M4,49.0,0.382117881580488,64.61299732675431,OpB
2025-01-20 16:00:00,M1,42.0,0.41873024976311907,65.46829722429794,OpB
2025-01-20 16:00:00,M2,55.0,0.04980516605055501,65.23758595652889,OpB
2025-01-20 16:00:00,M3,,0.39126436565321654,,OpA
2025-01-20 16:00:00,M4,55.0,0.17057718217656154,60.714048272902986,OpC
2025-01-20 17:00:00,M1,49.0,0.11388884873074703,60.28154042086205,OpC
2025-01-20 17:00:00,M2,47.0,0.4810961733142156,57.32378148586824,OpB
2025-01-20 17:00:00,M3,60.0,0.37523030223923615,58.658366270454415,OpC
2025-01-20 17:00:00,M4,46.0,0.3796259232058686,61.58828822896045,OpC
2025-01-20 18:00:00,M1,43.0,0.2810834132829888,60.42795426500719,OpC
2025-01-20 18:00:00,M2,,0.1443951871391301,60.65890015248008,OpB
2025-01-20 18:00:00,M3,47.0,0.18223341100024126,59.676821206707075,OpA
2025-01-20 18:00:00,M4,52.0,0.4765546386375345,62.11640278343995,OpA
2025-01-20 19:00:00,M1,51.0,0.28791839571054295,59.00575549438098,OpC
2025-01-20 19:00:00,M2,52.0,0.17793891522479166,59.021951297786956,OpC
2025-01-20 19:00:00,M3,65.0,0.5319766554780309,56.873692520102914,OpC
2025-01-20 19:00:00,M4,45.0,0.4871650287784771,,OpA
2025-01-20 20:00:00,M1,42.0,0.5212213383979062,56.96557938343751,OpA
2025-01-20 20:00:00,M2,48.0,0.4944164066188671,59.82383921193821,OpA
2025-01-20 20:00:00,M3,50.0,0.2239195318094849,60.393562696900794,OpA
2025-01-20 20:00:00,M4,57.0,0.11551038266508261,62.339163567117275,OpA
2025-01-20 21:00:00,M1,63.0,0.54789738226039,66.1410213389778,OpC
2025-01-20 21:00:00,M2,49.0,0.2123986468722459,63.807009051223744,OpC
2025-01-20 21:00:00,M3,55.0,0.12302399579575074,61.26860529654805,OpA
2025-01-20 21:00:00,M4,43.0,0.23225112625729302,61.71741615263831,OpC
2025-01-20 22:00:00,M1,51.0,0.04089365974125939,64.04645376250643,OpC
2025-01-20 22:00:00,M2,50.0,0.0987610611439448,62.01310246080878,OpB
2025-01-20 22:00:00,M3,49.0,0.39786906879179057,61.89014093392138,OpA
2025-01-20 22:00:00,M4,56.0,0.3622572380598854,65.574759963997,OpA
2025-01-20 23:00:00,M1,57.0,0.2057172498292322,65.38268173355281,OpB
2025-01-20 23:00:00,M2,51.0,0.14195281056495201,66.1943319568609,OpA
2025-01-20 23:00:00,M3,51.0,0.1220808512013268,68.5913872037064,OpB
2025-01-20 23:00:00,M4,50.0,0.13671809561534262,64.09972805588525,OpC
2025-01-21 00:00:00,M1,48.0,0.30671694408048517,74.04378137191729,OpB
2025-01-21 00:00:00,M2,55.0,0.43339657216592764,70.19731869001322,OpA
2025-01-21 00:00:00,M3,43.0,0.1571954299929253,70.57294397325012,OpC
2025-01-21 00:00:00,M4,48.0,0.09774719110133219,73.15989457406343,OpC
2025-01-21 01:00:00,M1,38.0,0.18307367190851154,72.54262244040419,OpB
2025-01-21 01:00:00,M2,51.0,0.40762902530303285,73.3907421108902,OpB
2025-01-21 01:00:00,M3,48.0,0.038584951302453124,69.79823272129765,OpB
2025-01-21 01:00:00,M4,41.0,0.28256550266560376,73.91152363820179,OpB
2025-01-21 02:00:00,M1,65.0,0.24233105779787956,74.56660558514903,OpB
2025-01-21 02:00:00,M2,52.0,0.13008145506528615,73.73904101335475,OpB
2025-01-21 02:00:00,M3,56.0,0.11513209933329957,74.0524544213454,OpC
2025-01-21 02:00:00,M4,50.0,0.36529713803287933,75.46161712037234,OpA
2025-01-21 03:00:00,M1,42.0,0.36762977767076055,73.95200272455375,OpA
2025-01-21 03:00:00,M2,43.0,0.08743415099049894,76.4635870454878,OpA
2025-01-21 03:00:00,M3,50.0,0.5814550865070971,76.94414787049136,OpA
2025-01-21 03:00:00,M4,45.0,0.1006164860007298,73.92050800256875,OpB
2025-01-21 04:00:00,M1,44.0,0.5196548781550917,79.66569320150315,OpA
2025-01-21 04:00:00,M2,56.0,0.24550215732211267,75.28284905978133,OpA
2025-01-21 04:00:00,M3,56.0,0.3356271060157331,78.6841738958187,OpB
2025-01-21 04:00:00,M4,54.0,0.5360643041691727,76.83736509993783,OpC
2025-01-21 05:00:00,M1,48.0,0.204873541306566,74.87954287456034,OpA
2025-01-21 05:00:00,M2,38.0,0.6367313001350604,81.47558150104558,OpA
2025-01-21 05:00:00,M3,53.0,0.3499905201368197,80.56954401991737,OpB
2025-01-21 05:00:00,M4,48.0,0.15586503273489924,78.65853490034128,OpC
2025-01-21 06:00:00,M1,51.0,0.25840750727064277,81.78158568301181,OpC
2025-01-21 06:00:00,M2,42.0,0.4446209416580918,82.2006302878155,OpA
2025-01-21 06:00:00,M3,63.0,,81.10409887885515,OpC
2025-01-21 06:00:00,M4,48.0,0.4525991290593992,78.01107843304332,OpB
2025-01-21 07:00:00,M1,40.0,0.06528283474219812,76.67366637335029,OpC
2025-01-21 07:00:00,M2,30.0,0.3830770946346971,79.25047248687946,OpB
2025-01-21 07:00:00,M3,52.0,0.3602018368903927,79.43350062418229,OpA
2025-01-21 07:00:00,M4,54.0,0.16590904225284236,76.89104504267743,OpA
2025-01-21 08:00:00,M1,47.0,0.1847725615659081,78.87166750060284,OpC
2025-01-21 08:00:00,M2,48.0,0.39027547385457056,,OpA
2025-01-21 08:00:00,M3,49.0,0.38034839107800045,79.76932276095046,OpC
2025-01-21 08:00:00,M4,53.0,0.034699308229984925,80.28356512315584,OpB
2025-01-21 09:00:00,M1,34.0,0.1556293475871951,80.53908252087328,OpC
2025-01-21 09:00:00,M2,50.0,0.28502331062148734,77.90994982929345,OpB
2025-01-21 09:00:00,M3,,0.6601526031749106,76.10331622202885,OpC
2025-01-21 09:00:00,M4,54.0,0.28225431063220324,,OpB
2025-01-21 10:00:00,M1,45.0,0.3392430557290631,73.84480796648687,OpB
2025-01-21 10:00:00,M2,51.0,0.4648884351409915,74.38329577534171,OpA
2025-01-21 10:00:00,M3,55.0,0.3327522216373386,76.05082408072842,OpB
2025-01-21 10:00:00,M4,48.0,,77.70849738071726,OpA
2025-01-21 11:00:00,M1,53.0,0.2447240113217294,69.91218694984967,OpA
2025-01-21 11:00:00,M2,53.0,0.35319393188361337,71.52086361792337,OpB
2025-01-21 11:00:00,M3,53.0,0.6896837742829994,70.51126978374324,OpA
2025-01-21 11:00:00,M4,49.0,0.30862537355421776,71.1483116998238,OpA
2025-01-21 12:00:00,M1,54.0,0.16817709617527318,70.2071306712036,OpB
2025-01-21 12:00:00,M2,56.0,0.5534857942436361,69.0366686074385,OpA
2025-01-21 12:00:00,M3,52.0,0.4087963962240273,70.23430204272107,OpA
2025-01-21 12:00:00,M4,56.0,0.3184558211285783,68.85810428287088,OpC
2025-01-21 13:00:00,M1,70.0,0.1409005553229821,70.1330753697951,OpA
2025-01-21 13:00:00,M2,53.0,0.17999616348130582,63.655592470750285,OpC
2025-01-21 13:00:00,M3,60.0,0.21119417415376668,66.73568296048808,OpA
2025-01-21 13:00:00,M4,54.0,0.3000924456243804,,OpA
2025-01-21 14:00:00,M1,,0.4954366432035376,64.59172130533169,OpA
2025-01-21 14:00:00,M2,46.0,0.24663316749233766,63.74815412095845,OpA
2025-01-21 14:00:00,M3,,0.31964547070472676,63.247439540634936,OpA
2025-01-21 14:00:00,M4,34.0,0.5282520296788373,69.43040481656323,OpA
2025-01-21 15:00:00,M1,58.0,0.11924856165119543,64.04662525737534,OpC
2025-01-21 15:00:00,M2,45.0,0.1495075508621388,64.96713938968446,OpA
2025-01-21 15:00:00,M3,62.0,,,OpB
2025-01-21 15:00:00,M4,54.0,0.17574909851029324,65.36606519188486,OpB
2025-01-21 16:00:00,M1,47.0,0.4271302395087834,62.68184358385463,OpA
2025-01-21 16:00:00,M2,56.0,0.025203611472551974,,OpC
2025-01-21 16:00:00,M3,54.0,0.45206095949041053,63.34198132509817,OpB
2025-01-21 16:00:00,M4,,0.20037681913479738,61.43079907896433,OpC
2025-01-21 17:00:00,M1,44.0,0.19313443019160167,59.08806778876584,OpA
2025-01-21 17:00:00,M2,41.0,0.2637552567153139,60.33066107375836,OpC
2025-01-21 17:00:00,M3,51.0,0.27978329914576844,59.92520065464512,OpB
2025-01-21 17:00:00,M4,44.0,0.18163480780762262,59.536510317148284,OpB
2025-01-21 18:00:00,M1,45.0,0.02470495265066121,61.5850302071757,OpB
2025-01-21 18:00:00,M2,44.0,0.2319842792537121,60.00329004572757,OpB
2025-01-21 18:00:00,M3,43.0,0.07601493835793387,58.17032838330581,OpC
2025-01-21 18:00:00,M4,42.0,0.2810976907120333,63.191734318369534,OpA
2025-01-21 19:00:00,M1,,0.3418166779786582,56.52431415520855,OpC
2025-01-21 19:00:00,M2,56.0,0.23307934284825527,61.533595520256085,OpB
2025-01-21 19:00:00,M3,55.0,0.3250968553955037,58.58970646847624,OpC
2025-01-21 19:00:00,M4,48.0,0.5952108944883489,61.77682446182905,OpA
2025-01-21 20:00:00,M1,52.0,0.35365030745839476,59.50564134298126,OpA
2025-01-21 20:00:00,M2,58.0,0.1881371633013271,60.358800720572,OpA
2025-01-21 20:00:00,M3,,0.2774431072785618,57.30845212338121,OpA
2025-01-21 20:00:00,M4,49.0,0.12546631370788022,58.54223299990131,OpB
2025-01-21 21:00:00,M1,39.0,0.20304517565127872,62.137378299834836,OpB
2025-01-21 21:00:00,M2,65.0,0.26681258981329437,60.93897104079174,OpC
2025-01-21 21:00:00,M3,46.0,0.231383510196658,,OpC
2025-01-21 21:00:00,M4,59.0,0.28985795586395513,64.40995493718354,OpB
2025-01-21 22:00:00,M1,51.0,0.11707340550167925,62.361912483602836,OpA
2025-01-21 22:00:00,M2,46.0,0.24567544820941578,,OpB
2025-01-21 22:00:00,M3,49.0,0.21896723865102044,65.75796501776553,OpB
2025-01-21 22:00:00,M4,47.0,0.08318868935152979,66.59080384026304,OpC
2025-01-21 23:00:00,M1,,,66.32390861749313,OpC
2025-01-21 23:00:00,M2,57.0,0.3906684939553468,67.12160692968753,OpA
2025-01-21 23:00:00,M3,37.0,0.15642012444265896,65.9932613617513,OpA
2025-01-21 23:00:00,M4,47.0,0.23708756446661014,67.93337000986637,OpB
2025-01-22 00:00:00,M1,36.0,0.37228961320343673,74.99448104621415,OpC
2025-01-22 00:00:00,M2,44.0,0.49881466987787276,,OpC
2025-01-22 00:00:00,M3,57.0,0.04341435125599927,68.16664098219526,OpA
2025-01-22 00:00:00,M4,56.0,0.32223777714019053,71.257163645349,OpC
2025-01-22 01:00:00,M1,64.0,0.2471506772643199,70.52475324284065,OpA
2025-01-22 01:00:00,M2,45.0,0.09186086654857348,77.02369008635479,OpC
2025-01-22 01:00:00,M3,57.0,0.13518729509193766,76.03387122748623,OpA
2025-01-22 01:00:00,M4,40.0,,74.16371601894156,OpC
2025-01-22 02:00:00,M1,53.0,0.1174109543791919,72.21428402317895,OpB
2025-01-22 02:00:00,M2,49.0,0.19079930838126613,75.0089476771198,OpB
2025-01-22 02:00:00,M3,58.0,0.3063118102573695,75.22156785461468,OpC
2025-01-22 02:00:00,M4,35.0,0.2642119182273396,74.1109350818413,OpB
2025-01-22 03:00:00,M1,41.0,0.23823489502913853,75.95953811836715,OpC
2025-01-22 03:00:00,M2,43.0,0.4558736775061685,76.28516309368271,OpC
2025-01-22 03:00:00,M3,47.0,0.23034295276509556,77.50979651134162,OpA
2025-01-22 03:00:00,M4,47.0,0.34923115256128656,76.5005567482218,OpC
2025-01-22 04:00:00,M1,52.0,0.285135118212487,78.207387249532,OpB
2025-01-22 04:00:00,M2,45.0,0.1731777600862101,77.20995969085708,OpB
2025-01-22 04:00:00,M3,68.0,0.3801983879467062,76.21282070535794,OpC
2025-01-22 04:00:00,M4,51.0,0.2123059761271737,80.82595130304405,OpA
2025-01-22 05:00:00,M1,38.0,0.10067769212445854,78.06371631111702,OpC
2025-01-22 05:00:00,M2,51.0,0.3080575622064002,82.42988941147246,OpC
2025-01-22 05:00:00,M3,53.0,0.21808013574130397,75.48408889185762,OpA
2025-01-22 05:00:00,M4,54.0,0.5576688951100973,76.94368935632833,OpA
2025-01-22 06:00:00,M1,44.0,0.10657622857042083,79.20405577373471,OpC
2025-01-22 06:00:00,M2,49.0,0.074974971203311,79.62864297279197,OpB
2025-01-22 06:00:00,M3,53.0,0.23162554378413866,80.60839565113672,OpA
2025-01-22 06:00:00,M4,51.0,0.8077318552175237,78.01508042637218,OpB
2025-01-22 07:00:00,M1,53.0,0.09418204288993608,81.27654177824071,OpA
2025-01-22 07:00:00,M2,53.0,0.14917922597936692,81.99113805587264,OpB
2025-01-22 07:00:00,M3,45.0,0.34699069996397724,78.30063655584495,OpA
2025-01-22 07:00:00,M4,,0.4045457690296554,78.39089086705322,OpA
2025-01-22 08:00:00,M1,50.0,0.25009825226091087,75.45255737826926,OpA
2025-01-22 08:00:00,M2,45.0,0.5895680108247205,82.2766667777533,OpA
2025-01-22 08:00:00,M3,66.0,0.31078372726086956,76.20370016644227,OpB
2025-01-22 08:00:00,M4,57.0,,77.78643668973545,OpC
2025-01-22 09:00:00,M1,46.0,,75.78403416064774,OpA
2025-01-22 09:00:00,M2,42.0,0.09979075879774885,76.93490695059413,OpC
2025-01-22 09:00:00,M3,50.0,0.28055618246303765,77.54915918622856,OpC
2025-01-22 09:00:00,M4,52.0,0.35842748741167724,75.29218350440526,OpA
2025-01-22 10:00:00,M1,44.0,0.5396264799127464,71.8886659069375,OpB
2025-01-22 10:00:00,M2,51.0,0.23576936771205265,77.58716606809266,OpB
2025-01-22 10:00:00,M3,38.0,0.16194713871342278,75.6221373586569,OpA
2025-01-22 10:00:00,M4,59.0,0.3611240180685002,75.09425620616611,OpB
2025-01-22 11:00:00,M1,57.0,0.343884597230739,,OpA
2025-01-22 11:00:00,M2,63.0,0.43009813368612115,73.0485298111316,OpA
2025-01-22 11:00:00,M3,50.0,0.27088373789018977,72.99321626404557,OpA
2025-01-22 11:00:00,M4,53.0,0.3807969785714959,72.88270423421059,OpB
2025-01-22 12:00:00,M1,53.0,0.22213357348576449,70.26426800600628,OpC
2025-01-22 12:00:00,M2,32.0,0.47108075285207035,70.22696286274277,OpC
2025-01-22 12:00:00,M3,52.0,0.03214150552957098,70.08388190546218,OpC
2025-01-22 12:00:00,M4,54.0,0.3640969664049699,,OpC
2025-01-22 13:00:00,M1,58.0,0.05538868509273337,67.39138010731969,OpC
2025-01-22 13:00:00,M2,48.0,0.30994277914742724,66.63871382102431,OpB
2025-01-22 13:00:00,M3,55.0,0.47102213618495764,64.85802916000819,OpA
2025-01-22 13:00:00,M4,33.0,0.3756596933239988,67.96886294580717,OpA
2025-01-22 14:00:00,M1,44.0,0.25631927565064433,65.11734728894129,OpA
2025-01-22 14:00:00,M2,50.0,0.11343969464734463,69.59336632044096,OpC
2025-01-22 14:00:00,M3,42.0,0.13520344208297383,65.3618271889724,OpA
2025-01-22 14:00:00,M4,63.0,0.22138075550256375,66.34162764731036,OpA
2025-01-22 15:00:00,M1,41.0,0.41640270772557864,62.34835136597714,OpC
2025-01-22 15:00:00,M2,48.0,0.5088631080623645,64.19810590601024,OpC
2025-01-22 15:00:00,M3,45.0,0.2547505114738942,63.3922980402301,OpB
2025-01-22 15:00:00,M4,56.0,0.3827716106382974,65.61690638960098,OpB
2025-01-22 16:00:00,M1,44.0,0.09771984038414179,61.97353730863241,OpA
2025-01-22 16:00:00,M2,62.0,0.2239096578197637,58.97338714509012,OpA
2025-01-22 16:00:00,M3,47.0,0.5323214091006456,57.928413788125944,OpC
2025-01-22 16:00:00,M4,37.0,0.11963549528867429,60.85322910611096,OpC
2025-01-22 17:00:00,M1,53.0,0.21061152559508914,62.27634428877828,OpC
2025-01-22 17:00:00,M2,60.0,0.4360164292874571,58.37675066714728,OpC
2025-01-22 17:00:00,M3,49.0,0.4736162170042793,64.44686962135711,OpB
2025-01-22 17:00:00,M4,53.0,0.33182811188373507,60.11204004195389,OpC
2025-01-22 18:00:00,M1,51.0,0.2266596170398249,58.0542717752834,OpA
2025-01-22 18:00:00,M2,34.0,0.3179723653470796,62.33640724747166,OpA
2025-01-22 18:00:00,M3,49.0,0.317548774835425,58.069188925128465,OpA
2025-01-22 18:00:00,M4,48.0,0.35838756965663304,57.02346059032775,OpA
2025-01-22 19:00:00,M1,46.0,0.1787376657684002,61.52095115077261,OpC
2025-01-22 19:00:00,M2,48.0,0.40330558856493687,62.25734445074527,OpB
2025-01-22 19:00:00,M3,42.0,0.42227349252964774,58.964387967485294,OpA
2025-01-22 19:00:00,M4,54.0,0.03882046880803297,60.95390836505812,OpC
2025-01-22 20:00:00,M1,39.0,0.2935512947724936,58.21243473838857,OpB
2025-01-22 20:00:00,M2,49.0,0.04989220019720826,63.286780130682935,OpC
2025-01-22 20:00:00,M3,41.0,0.7663565695547516,64.42154857071222,OpA
2025-01-22 20:00:00,M4,50.0,0.3032045938214458,58.46694534782401,OpA
2025-01-22 21:00:00,M1,60.0,0.3108442615358499,64.78923374794137,OpB
2025-01-22 21:00:00,M2,59.0,0.23077905677216898,62.707698171246605,OpC
2025-01-22 21:00:00,M3,71.0,0.6489800152587584,63.92838123125204,OpA
2025-01-22 21:00:00,M4,48.0,0.3655260895311774,,OpC
2025-01-22 22:00:00,M1,,0.44935879412799057,66.52096352415262,OpC
2025-01-22 22:00:00,M2,55.0,0.38737182841931145,65.11516532200726,OpA
2025-01-22 22:00:00,M3,51.0,0.26096637098625214,63.682696670420945,OpC
2025-01-22 22:00:00,M4,57.0,0.18306326423345878,66.89278323812117,OpB
2025-01-22 23:00:00,M1,43.0,0.5215711417994459,71.7716608799488,OpC
2025-01-22 23:00:00,M2,56.0,0.04934813352551464,70.63715653221975,OpA
2025-01-22 23:00:00,M3,58.0,0.19041978535695783,67.31154556823337,OpB
2025-01-22 23:00:00,M4,51.0,,67.70503967782109,OpA
2025-01-23 00:00:00,M1,42.0,0.12057404126073469,71.0025786879336,OpB
2025-01-23 00:00:00,M2,40.0,0.12922996555230304,69.70455198935122,OpB
2025-01-23 00:00:00,M3,52.0,0.23004189261975785,71.90535687432468,OpC
2025-01-23 00:00:00,M4,53.0,0.495509430794378,67.12183974016276,OpA
2025-01-23 01:00:00,M1,56.0,0.3161657605106956,71.34769879218992,OpA
2025-01-23 01:00:00,M2,42.0,,71.58145773301355,OpC
2025-01-23 01:00:00,M3,48.0,0.4784549595004702,72.59846130034678,OpC
2025-01-23 01:00:00,M4,53.0,0.2518688896712289,75.17514073844566,OpA
2025-01-23 02:00:00,M1,50.0,0.17073817527169094,75.6608851765692,OpC
2025-01-23 02:00:00,M2,37.0,0.1521793863538802,75.79382119831928,OpC
2025-01-23 02:00:00,M3,45.0,0.18393723366047982,75.10306083690203,OpA
2025-01-23 02:00:00,M4,,0.14887667437348245,71.9268771167762,OpC
2025-01-23 03:00:00,M1,44.0,0.1517752896700728,73.93305414636765,OpA
2025-01-23 03:00:00,M2,46.0,0.4282282127977531,79.54559474154291,OpB
2025-01-23 03:00:00,M3,,0.26504194281404736,75.8652620695221,OpC
2025-01-23 03:00:00,M4,42.0,0.4411585887510757,74.27766790140535,OpC
2025-01-23 04:00:00,M1,51.0,0.3929305555690749,79.84345000623469,OpB
2025-01-23 04:00:00,M2,48.0,0.14506798971426285,81.95700198799967,OpA
2025-01-23 04:00:00,M3,47.0,0.1267529795309,83.77229413354192,OpA
2025-01-23 04:00:00,M4,50.0,0.4082615436877399,80.78936898941248,OpB
2025-01-23 05:00:00,M1,58.0,0.21451097323245114,80.31002863412512,OpA
2025-01-23 05:00:00,M2,46.0,0.1819016947692349,81.66018513437231,OpC
2025-01-23 05:00:00,M3,55.0,0.19398442203636795,79.7267788866367,OpA
2025-01-23 05:00:00,M4,47.0,0.210957569062924,80.4149714007731,OpC
2025-01-23 06:00:00,M1,55.0,0.3229442131558985,75.10360175391247,OpC
2025-01-23 06:00:00,M2,,0.24370818846601383,80.9876064733153,OpA
2025-01-23 06:00:00,M3,60.0,0.12976750062564446,81.97792755621839,OpB
2025-01-23 06:00:00,M4,52.0,0.5356594421198183,80.58926460294099,OpA
2025-01-23 07:00:00,M1,41.0,0.2623331427819209,79.77750884965408,OpC
2025-01-23 07:00:00,M2,56.0,0.07451482178937134,78.03290843794046,OpC
2025-01-23 07:00:00,M3,57.0,0.8569047729360909,81.92974989647948,OpB
2025-01-23 07:00:00,M4,49.0,0.535070021811884,80.84166654777282,OpB
2025-01-23 08:00:00,M1,,0.12862105450921424,77.68695853776003,OpA
2025-01-23 08:00:00,M2,57.0,0.5612285065273956,77.85338871188483,OpC
2025-01-23 08:00:00,M3,46.0,0.4327478552401591,77.75487269583796,OpC
2025-01-23 08:00:00,M4,46.0,0.15524686517918057,79.81600972803571,OpB
2025-01-23 09:00:00,M1,,0.5588854665354342,75.65462203435258,OpC
2025-01-23 09:00:00,M2,45.0,0.13295290807244875,74.41634670338031,OpB
2025-01-23 09:00:00,M3,56.0,0.5744616728070919,78.12517642308528,OpC
2025-01-23 09:00:00,M4,40.0,0.2735548040549573,76.1612154736108,OpA
2025-01-23 10:00:00,M1,46.0,0.39899807139898635,77.42642418030384,OpA
2025-01-23 10:00:00,M2,54.0,,76.08020854854607,OpA
2025-01-23 10:00:00,M3,55.0,0.38096415701096675,74.35209908297286,OpB
2025-01-23 10:00:00,M4,58.0,0.10669315278178985,75.81167457846684,OpB
2025-01-23 11:00:00,M1,33.0,0.02363454693581008,70.63178487636685,OpB
2025-01-23 11:00:00,M2,51.0,0.12954074100461888,74.73470288293535,OpC
2025-01-23 11:00:00,M3,41.0,0.47361931872969365,71.6312964212561,OpA
2025-01-23 11:00:00,M4,53.0,,75.03210556441428,OpC
2025-01-23 12:00:00,M1,60.0,0.1416251672032034,71.06085053189165,OpC
2025-01-23 12:00:00,M2,54.0,0.3365370791084878,73.55028304107014,OpB
2025-01-23 12:00:00,M3,50.0,0.22332649575369004,64.93863438396343,OpB
2025-01-23 12:00:00,M4,51.0,0.19407183577081366,67.28985589614021,OpC
2025-01-23 13:00:00,M1,51.0,0.07510138973755656,66.51587057764563,OpB
2025-01-23 13:00:00,M2,41.0,0.31267925624672244,68.33202974211105,OpC
2025-01-23 13:00:00,M3,63.0,0.0850411063276383,69.90427269163513,OpB
2025-01-23 13:00:00,M4,52.0,0.47182905199331393,66.15158092296765,OpB
2025-01-23 14:00:00,M1,46.0,0.5478289745466278,65.09053943733461,OpB
2025-01-23 14:00:00,M2,49.0,0.10623693438082578,69.18072299982529,OpC
2025-01-23 14:00:00,M3,,0.12298468964509278,65.43673145045231,OpC
2025-01-23 14:00:00,M4,46.0,0.34677868409179574,65.1209654754776,OpB
2025-01-23 15:00:00,M1,56.0,0.45574500710921095,63.35995838607241,OpC
2025-01-23 15:00:00,M2,49.0,0.4806789790556752,69.57767083409692,OpC
2025-01-23 15:00:00,M3,38.0,0.14878449855094925,64.19372766521995,OpC
2025-01-23 15:00:00,M4,,0.3152068156531426,64.00120814462854,OpA
2025-01-23 16:00:00,M1,51.0,0.14481010849616388,63.37519630141263,OpB
2025-01-23 16:00:00,M2,38.0,0.17284561821074065,61.28459478532471,OpC
2025-01-23 16:00:00,M3,52.0,0.35397512023737615,61.116902774134026,OpB
2025-01-23 16:00:00,M4,47.0,0.46538291341946597,60.247658587185654,OpB
2025-01-23 17:00:00,M1,45.0,0.18773418342749018,64.02955231132759,OpC
2025-01-23 17:00:00,M2,39.0,0.20001469404410122,56.909025219217256,OpC
2025-01-23 17:00:00,M3,54.0,0.5905638886499611,62.10666626587895,OpC
2025-01-23 17:00:00,M4,40.0,0.2654786966236776,62.027937316108094,OpC
2025-01-23 18:00:00,M1,50.0,0.07262194831308763,60.61961223192954,OpB
2025-01-23 18:00:00,M2,49.0,0.3913723070771078,59.74053823667394,OpB
2025-01-23 18:00:00,M3,47.0,0.1820629953035763,63.90501231179182,OpC
2025-01-23 18:00:00,M4,43.0,0.39635013119648305,59.257555029414924,OpA
2025-01-23 19:00:00,M1,48.0,0.03500232211326791,60.45483591588967,OpC
2025-01-23 19:00:00,M2,49.0,0.10041558297569061,62.85444461923821,OpB
2025-01-23 19:00:00,M3,39.0,0.13685534526948367,61.79928322758272,OpA
2025-01-23 19:00:00,M4,50.0,0.34021578151135556,62.379470237555765,OpC
2025-01-23 20:00:00,M1,35.0,0.3344051347751,61.698862252075976,OpC
2025-01-23 20:00:00,M2,59.0,0.14073567866423123,55.496608116403024,OpB
2025-01-23 20:00:00,M3,41.0,0.21826722104943572,59.793445704321556,OpB
2025-01-23 20:00:00,M4,55.0,0.3231882129271091,60.441255322604356,OpA
2025-01-23 21:00:00,M1,44.0,0.5233548136546481,63.94541131268838,OpA
2025-01-23 21:00:00,M2,53.0,,64.33175054397125,OpA
2025-01-23 21:00:00,M3,47.0,0.043520720000986134,62.57196061969984,OpC
2025-01-23 21:00:00,M4,53.0,0.5393824091113346,62.47515561358003,OpB
2025-01-23 22:00:00,M1,51.0,0.06926934160292386,62.60478155103203,OpB
2025-01-23 22:00:00,M2,51.0,0.07916064050409057,65.26604934067801,OpA
2025-01-23 22:00:00,M3,44.0,0.3765436303088189,69.20540138460085,OpC
2025-01-23 22:00:00,M4,51.0,0.1745330632938755,64.25474148911526,OpA
2025-01-23 23:00:00,M1,47.0,0.10025120194767426,69.20025939118918,OpA
2025-01-23 23:00:00,M2,52.0,,70.39692055144427,OpA
2025-01-23 23:00:00,M3,44.0,0.517090140285293,70.91630883867583,OpA
2025-01-23 23:00:00,M4,63.0,0.16059775718683675,67.20314404341482,OpC
2025-01-24 00:00:00,M1,47.0,0.14805246732588273,71.64429252964578,OpA
2025-01-24 00:00:00,M2,57.0,0.24021964062355014,69.45969600479697,OpA
2025-01-24 00:00:00,M3,53.0,0.551398652789694,70.58074381820451,OpC
2025-01-24 00:00:00,M4,42.0,0.1627257245162953,70.96952687538595,OpB
2025-01-24 01:00:00,M1,54.0,0.3059930242729772,74.46038261215567,OpB
2025-01-24 01:00:00,M2,47.0,0.10241917572451358,74.30237285521984,OpA
2025-01-24 01:00:00,M3,,0.2075380934461175,70.59623380018715,OpA
2025-01-24 01:00:00,M4,38.0,0.4407288152214867,75.05108953863623,OpB
2025-01-24 02:00:00,M1,48.0,0.06218103804929788,73.37719708794828,OpC
2025-01-24 02:00:00,M2,55.0,0.19042667119942747,73.3922256707683,OpC
2025-01-24 02:00:00,M3,47.0,0.2962969909809382,69.8838518893765,OpC
2025-01-24 02:00:00,M4,54.0,0.23152786376210938,74.46192084314767,OpC
2025-01-24 03:00:00,M1,47.0,0.07625312675926336,79.43111213757518,OpB
2025-01-24 03:00:00,M2,55.0,0.543396414979531,72.99263714445348,OpC
2025-01-24 03:00:00,M3,55.0,0.497591467640237,74.90899427822961,OpA
2025-01-24 03:00:00,M4,55.0,0.333495048106146,77.00191832932643,OpC
2025-01-24 04:00:00,M1,27.0,0.32784680600647015,77.3524336016288,OpB
2025-01-24 04:00:00,M2,,0.5978973873749462,77.43084866063367,OpB
2025-01-24 04:00:00,M3,50.0,0.24104594156551423,78.04652548128973,OpA
2025-01-24 04:00:00,M4,57.0,0.37353877105016514,76.4252441415478,OpC
2025-01-24 05:00:00,M1,56.0,0.07044153327585023,78.52597670066089,OpA
2025-01-24 05:00:00,M2,52.0,0.04312492133987789,80.58739620711886,OpC
2025-01-24 05:00:00,M3,54.0,0.29743909811379127,79.06993922316173,OpA
2025-01-24 05:00:00,M4,63.0,0.3474405169678949,80.6234046341769,OpB
2025-01-24 06:00:00,M1,56.0,0.3702089106107381,,OpC
2025-01-24 06:00:00,M2,67.0,0.18438287373266696,77.06857871403832,OpB
2025-01-24 06:00:00,M3,46.0,0.057448006530722025,79.16220699485908,OpC
2025-01-24 06:00:00,M4,44.0,0.06983099833428744,78.8337300926384,OpA
2025-01-24 07:00:00,M1,42.0,0.3088600241251723,82.08333732037278,OpA
2025-01-24 07:00:00,M2,65.0,0.36155911523397133,79.3167611934284,OpC
2025-01-24 07:00:00,M3,41.0,0.19557068358482488,81.15723001342718,OpA
2025-01-24 07:00:00,M4,47.0,0.06748031103077888,,OpB
2025-01-24 08:00:00,M1,40.0,0.670733852671424,79.53296108158145,OpA
2025-01-24 08:00:00,M2,55.0,0.2796652179995883,77.89046422096541,OpC
2025-01-24 08:00:00,M3,42.0,0.28494065431148274,78.77294760364306,OpB
2025-01-24 08:00:00,M4,58.0,0.6199770046095825,77.97103307192552,OpB
2025-01-24 09:00:00,M1,47.0,0.37024430525461594,78.69682593862335,OpC
2025-01-24 09:00:00,M2,43.0,0.4877964954942626,76.08711486804143,OpC
2025-01-24 09:00:00,M3,48.0,0.06290048584818085,79.67650291156504,OpC
2025-01-24 09:00:00,M4,44.0,0.09012425102586621,77.32969045169033,OpA
2025-01-24 10:00:00,M1,41.0,0.1353404744493126,72.14893184369267,OpB
2025-01-24 10:00:00,M2,46.0,0.2817071427755877,78.59647081332501,OpA
2025-01-24 10:00:00,M3,49.0,0.30642104643355034,77.27114811199336,OpC
2025-01-24 10:00:00,M4,52.0,0.29407160757592404,76.73078108517673,OpB
2025-01-24 11:00:00,M1,65.0,0.34153856374321007,75.44811790059599,OpC
2025-01-24 11:00:00,M2,51.0,0.08199825524489814,74.03525982255286,OpA
2025-01-24 11:00:00,M3,,0.3187414381960078,68.26232998114519,OpA
2025-01-24 11:00:00,M4,41.0,0.046843654542802295,70.66670397776325,OpA
2025-01-24 12:00:00,M1,52.0,0.38402518442697764,67.9063817275827,OpB
2025-01-24 12:00:00,M2,48.0,0.14361895608751335,71.17110290752139,OpC
2025-01-24 12:00:00,M3,50.0,0.2976187504353596,68.02911622652374,OpB
2025-01-24 12:00:00,M4,33.0,0.417879682479904,71.26042511180415,OpB
2025-01-24 13:00:00,M1,60.0,0.22079238337908072,,OpB
2025-01-24 13:00:00,M2,58.0,0.5866791458101375,68.1737992044328,OpC
2025-01-24 13:00:00,M3,54.0,0.25461106237905173,71.11150044331538,OpC
2025-01-24 13:00:00,M4,46.0,0.30679375793836794,69.19032243330453,OpC
2025-01-24 14:00:00,M1,56.0,0.502766056874859,66.66683603342001,OpB
2025-01-24 14:00:00,M2,54.0,0.024707443656835366,64.91203923735185,OpB
2025-01-24 14:00:00,M3,61.0,0.6133409128589569,63.52293671802618,OpB
2025-01-24 14:00:00,M4,47.0,0.4079626941226176,65.33314913365187,OpC
2025-01-24 15:00:00,M1,61.0,0.4787685029270202,65.02967658114531,OpA
2025-01-24 15:00:00,M2,52.0,0.34355089258711674,62.047887956102194,OpB
2025-01-24 15:00:00,M3,51.0,0.1538525515118438,64.08396546708143,OpC
2025-01-24 15:00:00,M4,59.0,0.553018221630362,65.89234782027526,OpA
2025-01-24 16:00:00,M1,47.0,0.15381143749278642,60.71832114732662,OpA
2025-01-24 16:00:00,M2,51.0,0.24663617804256718,64.57615036425456,OpB
2025-01-24 16:00:00,M3,54.0,0.2903249074788067,63.643924178752926,OpA
2025-01-24 16:00:00,M4,51.0,0.27917971689847065,62.283115416562495,OpC
2025-01-24 17:00:00,M1,50.0,0.3094189509571958,61.74673494283125,OpB
2025-01-24 17:00:00,M2,48.0,0.19714850075268775,63.43877742116917,OpC
2025-01-24 17:00:00,M3,57.0,0.006035535117284093,60.044441200189546,OpC
2025-01-24 17:00:00,M4,59.0,,59.332650076100684,OpA
2025-01-24 18:00:00,M1,58.0,0.5166331246555598,59.74937701653078,OpC
2025-01-24 18:00:00,M2,44.0,0.16652533529672012,57.83663682240685,OpA
2025-01-24 18:00:00,M3,,0.22983153657320346,59.281850830814996,OpA
2025-01-24 18:00:00,M4,54.0,0.23033719535701494,60.4207482441088,OpA
2025-01-24 19:00:00,M1,56.0,0.5833644135319315,58.511050210129355,OpA
2025-01-24 19:00:00,M2,53.0,0.13957664551487686,60.993808165921095,OpC
2025-01-24 19:00:00,M3,55.0,0.6598165863717993,58.94183262358945,OpB
2025-01-24 19:00:00,M4,43.0,0.3077844540604171,60.84473094173314,OpB
2025-01-24 20:00:00,M1,51.0,0.36203055337172774,62.81750256297603,OpB
2025-01-24 20:00:00,M2,52.0,0.1734093875960785,61.13395642391534,OpA
2025-01-24 20:00:00,M3,49.0,0.18517069025368885,63.4053317836337,OpA
2025-01-24 20:00:00,M4,40.0,0.2688483980835237,59.585686536583324,OpA
2025-01-24 21:00:00,M1,66.0,0.3387483164547343,63.11480261176184,OpC
2025-01-24 21:00:00,M2,54.0,0.2365480520082883,58.79482929314489,OpB
2025-01-24 21:00:00,M3,40.0,0.38303058630829195,66.05202279568992,OpA
2025-01-24 21:00:00,M4,42.0,0.4159264886919805,60.886816456543656,OpB
2025-01-24 22:00:00,M1,46.0,0.04553928314534147,67.48488654515671,OpB
2025-01-24 22:00:00,M2,53.0,0.3556077933427721,65.64676351329355,OpC
2025-01-24 22:00:00,M3,44.0,,65.81749056559893,OpB
2025-01-24 22:00:00,M4,62.0,0.5191392496737058,61.737150616416585,OpC
2025-01-24 23:00:00,M1,51.0,0.2893890165687674,68.03613534143946,OpC
2025-01-24 23:00:00,M2,51.0,0.5446018173324777,71.27396229497064,OpA
2025-01-24 23:00:00,M3,45.0,0.4611841591121358,66.10076263279879,OpC
2025-01-24 23:00:00,M4,58.0,0.3826294212390309,65.48415084421872,OpB
2025-01-25 00:00:00,M1,53.0,0.41402869426598404,69.86457618052111,OpC
2025-01-25 00:00:00,M2,48.0,0.6678181761525709,68.44816114365055,OpA
2025-01-25 00:00:00,M3,50.0,0.11061191746465532,71.7348687827047,OpC
2025-01-25 00:00:00,M4,66.0,0.4304605849770987,70.05072752112076,OpB
2025-01-25 01:00:00,M1,49.0,0.10656608423033914,75.76600671742474,OpB
2025-01-25 01:00:00,M2,51.0,0.11358190684860382,71.63807438494968,OpC
2025-01-25 01:00:00,M3,52.0,0.2613494385270261,,OpA
2025-01-25 01:00:00,M4,43.0,0.3987950141386776,71.35859529772488,OpB
2025-01-25 02:00:00,M1,53.0,0.3972292110316663,74.26444346365857,OpC
2025-01-25 02:00:00,M2,37.0,0.39290472888508243,73.99792383659829,OpA
2025-01-25 02:00:00,M3,52.0,0.18946809190653832,73.24639962065994,OpB
2025-01-25 02:00:00,M4,41.0,0.22924671380348313,71.23236038787385,OpB
2025-01-25 03:00:00,M1,64.0,0.31620576232410086,74.9178904040756,OpB
2025-01-25 03:00:00,M2,57.0,0.04781211573652173,79.06720582253536,OpC
2025-01-25 03:00:00,M3,54.0,0.35024497911206154,72.58299709746261,OpC
2025-01-25 03:00:00,M4,51.0,0.26483629127285513,76.18436886342802,OpA
2025-01-25 04:00:00,M1,69.0,0.323223045728394,77.62717167011085,OpA
2025-01-25 04:00:00,M2,39.0,0.18346703087281674,78.39085000775138,OpC
2025-01-25 04:00:00,M3,53.0,0.5135369693860103,76.89853545834087,OpC
2025-01-25 04:00:00,M4,61.0,0.33092792113811864,78.51336091324923,OpB
2025-01-25 05:00:00,M1,43.0,0.1917107728472196,77.84701296190543,OpA
2025-01-25 05:00:00,M2,50.0,0.12114737902413313,79.23760034884046,OpA
2025-01-25 05:00:00,M3,35.0,0.018935551742255193,80.35451526498714,OpA
2025-01-25 05:00:00,M4,45.0,0.5388561660698606,79.92470282000636,OpA
2025-01-25 06:00:00,M1,45.0,0.3915614054125436,84.71965461307646,OpA
2025-01-25 06:00:00,M2,48.0,,77.00099762017037,OpA
2025-01-25 06:00:00,M3,40.0,0.07811561147660663,79.59417678571351,OpA
2025-01-25 06:00:00,M4,49.0,0.38180494557050637,81.96489393975119,OpA
2025-01-25 07:00:00,M1,53.0,0.4230680227789902,77.31117477530803,OpB
2025-01-25 07:00:00,M2,51.0,0.4573851464310235,79.421954993021,OpA
2025-01-25 07:00:00,M3,49.0,0.3942349681044612,79.23640053954081,OpA
2025-01-25 07:00:00,M4,49.0,0.406478745319127,80.84693413506888,OpA
2025-01-25 08:00:00,M1,52.0,0.2667775896753964,81.3881513110026,OpC
2025-01-25 08:00:00,M2,62.0,0.4132072821920695,76.45075356656328,OpB
2025-01-25 08:00:00,M3,59.0,0.04121582287986889,77.82950117302991,OpC
2025-01-25 08:00:00,M4,61.0,0.41922134857210697,78.2357351916269,OpC
2025-01-25 09:00:00,M1,49.0,0.18849922032717653,77.55956082182355,OpC
2025-01-25 09:00:00,M2,47.0,,77.94643542629048,OpA
2025-01-25 09:00:00,M3,49.0,0.2520694368950161,78.40220892882077,OpA
2025-01-25 09:00:00,M4,44.0,0.2997458208373322,77.4074233841474,OpA
2025-01-25 10:00:00,M1,55.0,0.2288884661766423,76.69165776178991,OpC
2025-01-25 10:00:00,M2,47.0,,75.78980419633115,OpB
2025-01-25 10:00:00,M3,61.0,0.3740910519782533,76.51906997924631,OpB
2025-01-25 10:00:00,M4,44.0,0.48873726389574434,73.3830350216516,OpA
2025-01-25 11:00:00,M1,63.0,0.713031221061479,,OpB
2025-01-25 11:00:00,M2,49.0,0.2832314862909865,74.4091368691974,OpA
2025-01-25 11:00:00,M3,46.0,0.2221811411307432,71.92086696483803,OpC
2025-01-25 11:00:00,M4,39.0,0.5302915870692393,72.2398435675785,OpB
2025-01-25 12:00:00,M1,50.0,0.18650017380106643,72.92996775153344,OpB
2025-01-25 12:00:00,M2,59.0,0.33176590457701893,72.24579157474527,OpB
2025-01-25 12:00:00,M3,42.0,0.4256876328374605,69.10700190850231,OpB
2025-01-25 12:00:00,M4,41.0,0.45296114467792564,67.53712078236431,OpC
2025-01-25 13:00:00,M1,44.0,,66.53111744434024,OpA
2025-01-25 13:00:00,M2,57.0,0.3023553809278433,67.33707084901424,OpC
2025-01-25 13:00:00,M3,39.0,0.1423920949267958,69.04511581175207,OpB
2025-01-25 13:00:00,M4,58.0,0.3563341022669622,64.14679679662297,OpC
2025-01-25 14:00:00,M1,48.0,0.08303421409310324,63.6807533932245,OpB
2025-01-25 14:00:00,M2,56.0,0.645554828176856,65.05032684859768,OpA
2025-01-25 14:00:00,M3,48.0,0.12334653602227656,65.67550197986364,OpA
2025-01-25 14:00:00,M4,59.0,0.32536379799171816,63.296534433382895,OpB
2025-01-25 15:00:00,M1,51.0,0.2903047504071109,63.486009413897555,OpA
2025-01-25 15:00:00,M2,58.0,0.3820660084977836,64.64174479284358,OpC
2025-01-25 15:00:00,M3,50.0,0.3111380100173595,59.40639386345899,OpA
2025-01-25 15:00:00,M4,49.0,0.11571888849663267,60.08022799948773,OpB
2025-01-25 16:00:00,M1,62.0,0.2241715643095566,,OpA
2025-01-25 16:00:00,M2,39.0,0.051716691831611365,62.31288702340105,OpA
2025-01-25 16:00:00,M3,42.0,0.07317886848234789,58.89884736997209,OpA
2025-01-25 16:00:00,M4,34.0,0.3325346979896726,61.02339172770753,OpB
2025-01-25 17:00:00,M1,54.0,0.2734733130772336,61.14744453263627,OpB
2025-01-25 17:00:00,M2,42.0,0.16868628020278625,61.08984334126062,OpA
2025-01-25 17:00:00,M3,49.0,0.12256078812795464,63.172537236844704,OpA
2025-01-25 17:00:00,M4,48.0,0.2356995483767462,59.96736247337979,OpA
2025-01-25 18:00:00,M1,46.0,0.19309824402327902,58.91270474990184,OpC
2025-01-25 18:00:00,M2,44.0,0.42419666917449195,57.596877229200246,OpB
2025-01-25 18:00:00,M3,50.0,0.34011626252638344,57.782699506505814,OpC
2025-01-25 18:00:00,M4,51.0,0.15686615516093153,62.112515110811714,OpA
2025-01-25 19:00:00,M1,47.0,0.19699423584380352,60.87910305202812,OpA
2025-01-25 19:00:00,M2,52.0,0.03748564345326383,63.40812374390093,OpA
2025-01-25 19:00:00,M3,58.0,0.48010399857818503,60.21325558856189,OpC
2025-01-25 19:00:00,M4,53.0,,65.26771569533481,OpA
2025-01-25 20:00:00,M1,38.0,0.02665986156256832,63.74595337283328,OpC
2025-01-25 20:00:00,M2,51.0,0.13283835636978483,62.37998746116259,OpA
2025-01-25 20:00:00,M3,51.0,0.44210032444505737,63.803765093760056,OpA
2025-01-25 20:00:00,M4,63.0,0.11078149474082262,60.28832196651214,OpB
2025-01-25 21:00:00,M1,46.0,0.029297314870158745,60.59612504835896,OpC
2025-01-25 21:00:00,M2,59.0,0.5896244451105215,63.69062352210401,OpC
2025-01-25 21:00:00,M3,55.0,0.11876972931180686,66.1321318654941,OpC
2025-01-25 21:00:00,M4,44.0,0.06228669156420322,63.826447310859415,OpA
2025-01-25 22:00:00,M1,52.0,0.3141304718755203,66.2352386504316,OpB
2025-01-25 22:00:00,M2,48.0,0.18116280772117527,65.61865922715704,OpB
2025-01-25 22:00:00,M3,53.0,0.28510553737727057,60.99190764502587,OpC
2025-01-25 22:00:00,M4,67.0,0.5663101469723261,62.58154798575564,OpC
2025-01-25 23:00:00,M1,44.0,0.6417518931433782,65.8196474207587,OpB
2025-01-25 23:00:00,M2,50.0,0.3459289961206972,66.22128213596362,OpA
2025-01-25 23:00:00,M3,65.0,0.3598834554235189,68.02014590718531,OpC
2025-01-25 23:00:00,M4,59.0,0.47575092239943034,66.59921127660901,OpC
2025-01-26 00:00:00,M1,58.0,0.22521997821227152,69.14489223972681,OpA
2025-01-26 00:00:00,M2,45.0,0.3590967198321481,71.83364797295317,OpC
2025-01-26 00:00:00,M3,53.0,0.4661209088185762,70.90419304107591,OpA
2025-01-26 00:00:00,M4,,0.2829920777035391,73.57856869969845,OpB
2025-01-26 01:00:00,M1,46.0,,70.82299784444605,OpB
2025-01-26 01:00:00,M2,49.0,0.11288017460440389,76.44591078218939,OpA
2025-01-26 01:00:00,M3,53.0,0.37426668470830937,73.52397564217011,OpC
2025-01-26 01:00:00,M4,61.0,0.1507781866033466,75.37907630922282,OpB
2025-01-26 02:00:00,M1,47.0,0.13808687335945077,75.8985033327332,OpB
2025-01-26 02:00:00,M2,44.0,0.10501419929983279,74.4838826157853,OpC
2025-01-26 02:00:00,M3,47.0,,74.8647978084726,OpC
2025-01-26 02:00:00,M4,61.0,0.5664464952858438,75.46049485477059,OpC
2025-01-26 03:00:00,M1,46.0,0.22718026673521996,,OpB
2025-01-26 03:00:00,M2,48.0,0.16392887946810714,82.41036859697648,OpB
2025-01-26 03:00:00,M3,50.0,0.14125224839461345,77.235690134897,OpA
2025-01-26 03:00:00,M4,42.0,0.6544767931368881,76.14767300144075,OpB
2025-01-26 04:00:00,M1,57.0,,75.96815662908479,OpB
2025-01-26 04:00:00,M2,46.0,0.17739084559473445,78.78685920584088,OpC
2025-01-26 04:00:00,M3,,0.2352264871248976,79.05179719118583,OpB
2025-01-26 04:00:00,M4,44.0,0.08852410032779133,80.64694054203852,OpB
2025-01-26 05:00:00,M1,56.0,0.40548343005072307,79.90181042233165,OpC
2025-01-26 05:00:00,M2,53.0,0.24116348461886528,83.89575837563159,OpC
2025-01-26 05:00:00,M3,50.0,0.05043076006286186,85.19561325068635,OpB
2025-01-26 05:00:00,M4,53.0,0.29196326842354525,79.37000967306778,OpA
2025-01-26 06:00:00,M1,44.0,0.19074018536284837,81.58548963030498,OpB
2025-01-26 06:00:00,M2,50.0,0.2752856183441996,83.38871276124969,OpA
2025-01-26 06:00:00,M3,38.0,0.4645836918997159,81.07578255768401,OpC
2025-01-26 06:00:00,M4,49.0,0.24197763052742718,79.40302371252506,OpB
2025-01-26 07:00:00,M1,45.0,0.15130808979156626,81.14012592200098,OpC
2025-01-26 07:00:00,M2,50.0,0.2448923369887231,79.28327086414187,OpC
2025-01-26 07:00:00,M3,53.0,0.16813048540376205,,OpC
2025-01-26 07:00:00,M4,44.0,0.3724372216290605,79.37308370837931,OpA
2025-01-26 08:00:00,M1,51.0,0.35095045516720264,76.25280255997383,OpC
2025-01-26 08:00:00,M2,54.0,0.29740729389314896,78.36005803478463,OpC
2025-01-26 08:00:00,M3,50.0,0.38256983436514014,79.3980540146878,OpC
2025-01-26 08:00:00,M4,43.0,0.3168853758920499,78.42668259547763,OpB
2025-01-26 09:00:00,M1,41.0,0.4746031627149864,77.52383088264325,OpB
2025-01-26 09:00:00,M2,42.0,0.0821217560631867,76.62606267025231,OpB
2025-01-26 09:00:00,M3,58.0,0.23424796574872808,75.05446664885275,OpC
2025-01-26 09:00:00,M4,53.0,0.19683741673608776,77.60376028471671,OpA
2025-01-26 10:00:00,M1,43.0,0.471734977459424,74.47050764471727,OpB
2025-01-26 10:00:00,M2,57.0,0.195617863404088,76.02098232975781,OpC
2025-01-26 10:00:00,M3,47.0,0.4934109274984632,77.26656901743452,OpB
2025-01-26 10:00:00,M4,46.0,0.697857726770269,77.44537551517588,OpC
2025-01-26 11:00:00,M1,56.0,0.33617441312970836,74.92236642480007,OpB
2025-01-26 11:00:00,M2,43.0,0.2988318220513958,76.16766662988402,OpC
2025-01-26 11:00:00,M3,54.0,0.6596678441349565,71.90092030614579,OpB
2025-01-26 11:00:00,M4,54.0,0.12264166879466165,73.80278153970274,OpC
2025-01-26 12:00:00,M1,48.0,0.6020617014956531,67.86975559431828,OpA
2025-01-26 12:00:00,M2,57.0,0.20521343810194287,67.68773849086324,OpC
2025-01-26 12:00:00,M3,42.0,0.4864525741398848,70.20476140287758,OpB
2025-01-26 12:00:00,M4,49.0,,69.99851801601157,OpC
2025-01-26 13:00:00,M1,51.0,0.7122832608424495,64.53631536538737,OpB
2025-01-26 13:00:00,M2,55.0,,68.60215251211515,OpA
2025-01-26 13:00:00,M3,52.0,0.36017240255952215,69.1086487460377,OpB
2025-01-26 13:00:00,M4,51.0,0.26601226636456393,66.45371958862609,OpB
2025-01-26 14:00:00,M1,62.0,0.33242915354253905,64.68468080591641,OpC
2025-01-26 14:00:00,M2,47.0,0.39007766955957013,66.76856486226008,OpA
2025-01-26 14:00:00,M3,50.0,0.2213603850410895,64.0171518999326,OpA
2025-01-26 14:00:00,M4,50.0,0.220537201535348,64.7559289569202,OpA
2025-01-26 15:00:00,M1,44.0,0.22680420683719282,61.339850363162014,OpC
2025-01-26 15:00:00,M2,46.0,0.5983153820423299,66.67773584280415,OpA
2025-01-26 15:00:00,M3,54.0,0.3272866909793234,66.8858744185866,OpA
2025-01-26 15:00:00,M4,57.0,0.06620601449298873,64.2619141868711,OpC
2025-01-26 16:00:00,M1,43.0,0.32866370954097734,62.19988388608877,OpC
2025-01-26 16:00:00,M2,55.0,0.2594416573771815,59.61818174849578,OpB
2025-01-26 16:00:00,M3,40.0,0.15441994671915327,58.98010340425043,OpA
2025-01-26 16:00:00,M4,57.0,0.43450410713636206,60.17667393333011,OpA
2025-01-26 17:00:00,M1,55.0,0.17036562030408714,61.64888103750598,OpB
2025-01-26 17:00:00,M2,46.0,0.26185127672621916,58.25670083894933,OpC
2025-01-26 17:00:00,M3,52.0,0.1411507430687958,60.86112629373048,OpB
2025-01-26 17:00:00,M4,47.0,0.19326845702628986,58.5087810158344,OpA
2025-01-26 18:00:00,M1,54.0,0.3230281936714898,63.30632513420592,OpC
2025-01-26 18:00:00,M2,49.0,0.25047540713425076,61.080179254098404,OpB
2025-01-26 18:00:00,M3,60.0,0.13467455961437888,58.22695964097491,OpA
2025-01-26 18:00:00,M4,55.0,0.1322617724101469,58.38559764021789,OpB
2025-01-26 19:00:00,M1,57.0,0.2926385612250801,61.9942920638148,OpB
2025-01-26 19:00:00,M2,47.0,0.3746647461621101,60.549457672646895,OpA
2025-01-26 19:00:00,M3,49.0,0.13567353364834256,61.29984844599619,OpB
2025-01-26 19:00:00,M4,46.0,0.13796617773629039,57.616352088860346,OpB
2025-01-26 20:00:00,M1,45.0,0.22772164421937222,61.59431686949725,OpB
2025-01-26 20:00:00,M2,45.0,0.11253015133562246,60.56144838514407,OpB
2025-01-26 20:00:00,M3,54.0,0.20616644170584564,62.27263407550888,OpB
2025-01-26 20:00:00,M4,42.0,0.16076215925648035,59.55818205275557,OpA
2025-01-26 21:00:00,M1,,,59.98201094723076,OpC
2025-01-26 21:00:00,M2,,,60.18656466120402,OpA
2025-01-26 21:00:00,M3,66.0,0.10597460647103187,68.1129915781058,OpA
2025-01-26 21:00:00,M4,49.0,0.219719776896693,65.80077375450091,OpC
2025-01-26 22:00:00,M1,47.0,0.30343817490552216,64.69074063545199,OpB
2025-01-26 22:00:00,M2,38.0,0.10243678791700825,70.1300400296358,OpB
2025-01-26 22:00:00,M3,62.0,0.32692004358142346,63.47854230059371,OpC
2025-01-26 22:00:00,M4,,0.1925500879823187,65.5999894613681,OpB
2025-01-26 23:00:00,M1,53.0,0.07680184827038987,69.58014051486192,OpA
2025-01-26 23:00:00,M2,51.0,0.09574766338395867,68.07111310976279,OpC
2025-01-26 23:00:00,M3,50.0,,66.55303229059835,OpA
2025-01-26 23:00:00,M4,54.0,0.3976961959971296,65.78052369554094,OpA
2025-01-27 00:00:00,M1,39.0,0.5726952600977001,69.7844520244154,OpC
2025-01-27 00:00:00,M2,51.0,0.13638170536843627,68.26876814448802,OpC
2025-01-27 00:00:00,M3,47.0,0.15759346849479297,,OpA
2025-01-27 00:00:00,M4,36.0,0.5640593815099154,71.5095529876479,OpB
2025-01-27 01:00:00,M1,50.0,0.21996125299550134,74.02962684864835,OpA
2025-01-27 01:00:00,M2,44.0,0.299609549086423,68.19667876998308,OpC
2025-01-27 01:00:00,M3,42.0,0.627688509236924,72.11128745565615,OpC
2025-01-27 01:00:00,M4,46.0,0.09244395363338197,72.80846682984561,OpA
2025-01-27 02:00:00,M1,48.0,0.5849454405529544,73.26707704912182,OpA
2025-01-27 02:00:00,M2,41.0,0.5820196511558521,74.23372517514198,OpC
2025-01-27 02:00:00,M3,45.0,0.03161577257742674,73.1644061899167,OpA
2025-01-27 02:00:00,M4,55.0,0.37094044117161573,72.11268644088467,OpA
2025-01-27 03:00:00,M1,52.0,0.16614012894325952,,OpB
2025-01-27 03:00:00,M2,44.0,0.07352232999649036,76.77520987156555,OpC
2025-01-27 03:00:00,M3,52.0,0.2473556674613442,76.75117300914864,OpC
2025-01-27 03:00:00,M4,57.0,0.24111085343148594,76.8345203338078,OpC
2025-01-27 04:00:00,M1,50.0,0.11522949012532203,76.6600940435165,OpC
2025-01-27 04:00:00,M2,53.0,0.501083320700524,83.10682345324432,OpC
2025-01-27 04:00:00,M3,48.0,0.2164468905787275,79.16141491561963,OpB
2025-01-27 04:00:00,M4,47.0,0.23458879672342794,82.12726232049607,OpB
2025-01-27 05:00:00,M1,52.0,0.1588659717034868,80.56671872314669,OpB
2025-01-27 05:00:00,M2,54.0,0.1607501346352864,77.27471295587893,OpA
2025-01-27 05:00:00,M3,46.0,0.07490933711845349,81.49123502379602,OpC
2025-01-27 05:00:00,M4,54.0,0.6028075109551754,80.14482231510893,OpC
2025-01-27 06:00:00,M1,45.0,0.6905655050504833,79.56321276301955,OpC
2025-01-27 06:00:00,M2,36.0,0.035900815311203156,80.6038739915798,OpC
2025-01-27 06:00:00,M3,39.0,0.26341214433962756,81.03110468674741,OpB
2025-01-27 06:00:00,M4,47.0,0.06451056443633155,81.30083138722375,OpC
2025-01-27 07:00:00,M1,43.0,0.16626686720051745,76.93350554305216,OpA
2025-01-27 07:00:00,M2,43.0,0.28196811841547115,76.51469380964761,OpC
2025-01-27 07:00:00,M3,37.0,0.34424357355111185,78.41704934915829,OpC
2025-01-27 07:00:00,M4,49.0,0.21018487439834976,78.88490005902521,OpB
2025-01-27 08:00:00,M1,49.0,0.3204064749401579,79.22629127352823,OpA
2025-01-27 08:00:00,M2,50.0,0.17155861524356442,76.48891870735879,OpB
2025-01-27 08:00:00,M3,65.0,0.6305330646213791,76.45959265827291,OpC
2025-01-27 08:00:00,M4,44.0,0.38803663292206564,76.82851222293911,OpB
2025-01-27 09:00:00,M1,55.0,0.15009109329160547,76.19016906530774,OpC
2025-01-27 09:00:00,M2,56.0,0.44036928990039903,76.42927240491794,OpC
2025-01-27 09:00:00,M3,57.0,,76.82537582300499,OpA
2025-01-27 09:00:00,M4,44.0,0.22179043578858323,78.18873206997819,OpB
2025-01-27 10:00:00,M1,,0.32268564701029884,76.37441280519516,OpB
2025-01-27 10:00:00,M2,50.0,0.35051237255687095,77.4312158629912,OpB
2025-01-27 10:00:00,M3,46.0,0.10320021401381044,77.38568444805578,OpA
2025-01-27 10:00:00,M4,46.0,0.32629943637415965,75.33837347324769,OpB
2025-01-27 11:00:00,M1,65.0,0.1485829913490884,72.44455309486361,OpB
2025-01-27 11:00:00,M2,48.0,0.4162426027716332,68.10519208282348,OpC
2025-01-27 11:00:00,M3,52.0,0.4571636053886618,74.13387763671376,OpB
2025-01-27 11:00:00,M4,38.0,0.05310029570128969,71.47468376170127,OpC
2025-01-27 12:00:00,M1,64.0,0.4864087278154131,68.22496802841394,OpA
2025-01-27 12:00:00,M2,44.0,0.25462181840217474,69.57334430506063,OpC
2025-01-27 12:00:00,M3,50.0,0.24937201573732165,67.0783521637357,OpA
2025-01-27 12:00:00,M4,54.0,0.42163973530421617,70.18844234327426,OpC
2025-01-27 13:00:00,M1,53.0,0.12128847712622944,69.67536379470921,OpC
2025-01-27 13:00:00,M2,54.0,0.2873708000483302,68.50237611083675,OpB
2025-01-27 13:00:00,M3,40.0,0.19432204005230036,67.32745224379875,OpB
2025-01-27 13:00:00,M4,,0.5550190339062001,66.62362797985517,OpA
2025-01-27 14:00:00,M1,51.0,0.23477666356753496,62.92499866916946,OpC
2025-01-27 14:00:00,M2,57.0,0.26002493091611295,67.01554470754066,OpA
2025-01-27 14:00:00,M3,55.0,0.2867545114197668,65.72334488863069,OpC
2025-01-27 14:00:00,M4,48.0,0.28086563666076425,67.77802466276447,OpB
2025-01-27 15:00:00,M1,47.0,0.6053583818512166,62.383266386178455,OpC
2025-01-27 15:00:00,M2,66.0,0.551162818391068,64.05567482337838,OpC
2025-01-27 15:00:00,M3,54.0,0.20293770041060874,59.87094450284954,OpC
2025-01-27 15:00:00,M4,42.0,0.40519425366634504,58.401837079237225,OpA
2025-01-27 16:00:00,M1,46.0,0.18545693466754232,61.95965021487504,OpB
2025-01-27 16:00:00,M2,60.0,0.3425689786249697,66.07465233295122,OpA
2025-01-27 16:00:00,M3,39.0,0.10724477466237095,59.484490662226236,OpB
2025-01-27 16:00:00,M4,41.0,,61.462287715383454,OpA
2025-01-27 17:00:00,M1,51.0,0.2773995000132756,58.61063104149252,OpC
2025-01-27 17:00:00,M2,44.0,0.5346314881587245,60.59112967815873,OpB
2025-01-27 17:00:00,M3,51.0,0.3385815660978539,57.99499754290234,OpB
2025-01-27 17:00:00,M4,47.0,0.16447706567652742,60.383449019839404,OpC
2025-01-27 18:00:00,M1,56.0,0.2854750351692952,62.58659322177293,OpC
2025-01-27 18:00:00,M2,40.0,0.3241873977755427,61.09230525950193,OpB
2025-01-27 18:00:00,M3,50.0,0.08636512181115182,60.371819683587866,OpA
2025-01-27 18:00:00,M4,47.0,0.3459059566097086,61.88884577543659,OpC
2025-01-27 19:00:00,M1,38.0,0.23984322294301252,60.0296564711038,OpB
2025-01-27 19:00:00,M2,52.0,0.2703966067959108,,OpA
2025-01-27 19:00:00,M3,45.0,0.29750234813475085,63.26278928606007,OpB
2025-01-27 19:00:00,M4,61.0,0.35481140522311166,57.58397461285758,OpC
2025-01-27 20:00:00,M1,37.0,0.27186956058762407,63.85544423529532,OpA
2025-01-27 20:00:00,M2,52.0,0.11876133603230213,60.12276722499827,OpC
2025-01-27 20:00:00,M3,54.0,0.326974396618531,59.653683844577735,OpC
2025-01-27 20:00:00,M4,53.0,0.26628190609666585,62.502246991169535,OpC
2025-01-27 21:00:00,M1,,0.10938674067435472,61.821592933175985,OpA
2025-01-27 21:00:00,M2,63.0,0.32827159577009796,61.51372229290849,OpA
2025-01-27 21:00:00,M3,62.0,0.36857462521985246,60.43219477995051,OpC
2025-01-27 21:00:00,M4,,0.4065435938087954,62.93925134267532,OpC
2025-01-27 22:00:00,M1,,0.3980830366862664,67.27786383788543,OpA
2025-01-27 22:00:00,M2,46.0,0.16621062077444926,62.16073642588702,OpB
2025-01-27 22:00:00,M3,57.0,0.29915955773573655,64.18174956947986,OpA
2025-01-27 22:00:00,M4,50.0,0.36899434756756494,62.37324092299609,OpA
2025-01-27 23:00:00,M1,,0.20592678651420165,66.82998327091852,OpA
2025-01-27 23:00:00,M2,47.0,0.1131484647264163,67.33291827278069,OpB
2025-01-27 23:00:00,M3,60.0,0.4082385946346233,70.18136962772688,OpB
2025-01-27 23:00:00,M4,54.0,0.5251907958603885,64.07596042558964,OpB
2025-01-28 00:00:00,M1,45.0,,70.8537157674284,OpC
2025-01-28 00:00:00,M2,60.0,0.2808601746108679,67.96626550110238,OpC
2025-01-28 00:00:00,M3,52.0,0.061334299145975574,70.39295785187771,OpC
2025-01-28 00:00:00,M4,64.0,0.23072212821017637,68.38290868395143,OpB
2025-01-28 01:00:00,M1,54.0,0.26047200838037166,70.70672148809487,OpA
2025-01-28 01:00:00,M2,36.0,0.27422620595699915,70.19328093746631,OpC
2025-01-28 01:00:00,M3,43.0,0.2919389064514031,73.86234178194415,OpA
2025-01-28 01:00:00,M4,53.0,0.12283045688195257,72.43586397875144,OpB
2025-01-28 02:00:00,M1,41.0,0.21052215671015898,74.3859387521959,OpA
2025-01-28 02:00:00,M2,47.0,0.18530615592896513,71.84941425286702,OpB
2025-01-28 02:00:00,M3,50.0,0.10679907412322903,79.65878895933295,OpA
2025-01-28 02:00:00,M4,56.0,0.5633282872437299,77.09948793705753,OpB
2025-01-28 03:00:00,M1,40.0,0.1770684567178741,78.58777889246535,OpC
2025-01-28 03:00:00,M2,59.0,0.34157495868646753,76.09304700940112,OpA
2025-01-28 03:00:00,M3,58.0,,73.00929022419665,OpB
2025-01-28 03:00:00,M4,42.0,0.09015883666942032,79.18144241322389,OpC
2025-01-28 04:00:00,M1,43.0,0.3288874645341199,79.40672302928893,OpA
2025-01-28 04:00:00,M2,54.0,0.2248986055303488,78.8265585133899,OpB
2025-01-28 04:00:00,M3,56.0,0.33934009758032857,82.28299115348474,OpA
2025-01-28 04:00:00,M4,,0.08886724654562729,77.84642516070629,OpC
2025-01-28 05:00:00,M1,66.0,0.13171117067842425,79.75959755188524,OpA
2025-01-28 05:00:00,M2,50.0,0.26957520988825595,78.61219798585527,OpB
2025-01-28 05:00:00,M3,41.0,,78.150782442913,OpC
2025-01-28 05:00:00,M4,54.0,0.5358707312435238,80.99902298966911,OpC
2025-01-28 06:00:00,M1,56.0,0.40355430951515975,79.98351245090994,OpC
2025-01-28 06:00:00,M2,67.0,0.07412305580817785,83.73477348779994,OpC
2025-01-28 06:00:00,M3,54.0,0.512295388887725,79.99814712364494,OpA
2025-01-28 06:00:00,M4,53.0,,79.4155169143313,OpA
2025-01-28 07:00:00,M1,59.0,0.4814423143155017,81.36913848580826,OpA
2025-01-28 07:00:00,M2,53.0,0.487130285166611,75.02853685219803,OpB
2025-01-28 07:00:00,M3,42.0,0.7911163445249871,79.58345041626008,OpB
2025-01-28 07:00:00,M4,43.0,0.22675807239264886,79.40524736869725,OpA
2025-01-28 08:00:00,M1,47.0,0.3147006778144655,74.91474513090445,OpC
2025-01-28 08:00:00,M2,51.0,0.251311179998552,80.06364139415722,OpA
2025-01-28 08:00:00,M3,53.0,0.3254653690805009,76.5184145474128,OpB
2025-01-28 08:00:00,M4,41.0,0.12171364332881436,77.07163702492507,OpA
2025-01-28 09:00:00,M1,57.0,0.39115047716483814,78.89984944416825,OpC
2025-01-28 09:00:00,M2,,0.05047693446654455,78.14362476091686,OpB
2025-01-28 09:00:00,M3,58.0,0.19126380413005162,80.9785899967258,OpC
2025-01-28 09:00:00,M4,58.0,0.13694788517086226,,OpB
2025-01-28 10:00:00,M1,56.0,0.08487710080248556,,OpC
2025-01-28 10:00:00,M2,44.0,0.05232979402755173,79.15089116226562,OpA
2025-01-28 10:00:00,M3,62.0,0.21681661277600078,72.07469615378847,OpA
2025-01-28 10:00:00,M4,69.0,0.18123441857787462,75.13044264747916,OpA
2025-01-28 11:00:00,M1,62.0,0.12271797535577725,72.77575329136813,OpC
2025-01-28 11:00:00,M2,47.0,0.40157355290639,74.2819554746212,OpA
2025-01-28 11:00:00,M3,41.0,0.3852822858063382,71.5736832169912,OpB
2025-01-28 11:00:00,M4,57.0,,70.25841974730605,OpB
2025-01-28 12:00:00,M1,45.0,0.30565165560852203,71.743732007423,OpC
2025-01-28 12:00:00,M2,45.0,0.0538754077933766,73.75014490983267,OpB
2025-01-28 12:00:00,M3,,0.20838305035047106,69.91506794180802,OpC
2025-01-28 12:00:00,M4,54.0,0.5766025465196346,68.96477748231234,OpC
2025-01-28 13:00:00,M1,48.0,0.33014187056016303,66.93022737864409,OpB
2025-01-28 13:00:00,M2,60.0,0.4886120252824066,63.80503653143731,OpC
2025-01-28 13:00:00,M3,48.0,0.18707113390869942,69.90315485695933,OpA
2025-01-28 13:00:00,M4,48.0,0.4111514668790522,66.91067479808044,OpB
2025-01-28 14:00:00,M1,48.0,0.392064754812404,66.00408269323569,OpB
2025-01-28 14:00:00,M2,56.0,0.5844573782584839,66.43145318915388,OpB
2025-01-28 14:00:00,M3,49.0,0.23348252892019186,68.69687696735312,OpA
2025-01-28 14:00:00,M4,42.0,0.31909445970944655,63.76729333451497,OpC
2025-01-28 15:00:00,M1,49.0,0.09848831090399958,61.88004044517855,OpC
2025-01-28 15:00:00,M2,,0.2688360282873098,61.43990420207818,OpB
2025-01-28 15:00:00,M3,56.0,0.3207849570790086,,OpA
2025-01-28 15:00:00,M4,50.0,0.13371295375283537,62.15291076273375,OpA
2025-01-28 16:00:00,M1,61.0,0.5083414067325256,61.90421050461545,OpC
2025-01-28 16:00:00,M2,41.0,0.2444847679955079,62.5819372054741,OpC
2025-01-28 16:00:00,M3,40.0,0.12790467663088512,62.58359990839529,OpA
2025-01-28 16:00:00,M4,53.0,0.07705476391009453,59.396511870944735,OpB
2025-01-28 17:00:00,M1,43.0,0.21726970386198408,60.019136697472625,OpB
2025-01-28 17:00:00,M2,53.0,0.324866279733497,58.877343517935124,OpA
2025-01-28 17:00:00,M3,47.0,0.17219583499552663,56.070615252648246,OpA
2025-01-28 17:00:00,M4,58.0,0.08625293397033934,60.101870867960244,OpA
2025-01-28 18:00:00,M1,47.0,0.5598990935359651,59.58598023532386,OpA
2025-01-28 18:00:00,M2,46.0,0.5815177961572388,59.62180503887926,OpB
2025-01-28 18:00:00,M3,37.0,0.39690711691860464,60.024830853482705,OpA
2025-01-28 18:00:00,M4,46.0,0.35255637138158685,59.93021095774879,OpC
2025-01-28 19:00:00,M1,56.0,0.1766322082505646,61.35671510429654,OpA
2025-01-28 19:00:00,M2,37.0,0.08567905513268577,64.55553538636445,OpC
2025-01-28 19:00:00,M3,45.0,0.5691214030963522,61.89899096881908,OpA
2025-01-28 19:00:00,M4,55.0,0.39691322229205495,57.4096868055087,OpA
2025-01-28 20:00:00,M1,55.0,0.1746150129826199,61.950335488907996,OpC
2025-01-28 20:00:00,M2,51.0,0.24439052059803867,60.36123761379016,OpC
2025-01-28 20:00:00,M3,49.0,,62.29907910983938,OpB
2025-01-28 20:00:00,M4,51.0,0.13687488091007985,64.65360709555242,OpA
2025-01-28 21:00:00,M1,48.0,0.33823024386675526,,OpA
2025-01-28 21:00:00,M2,60.0,0.33374187651967213,56.204027372764465,OpB
2025-01-28 21:00:00,M3,56.0,0.4003847321328435,63.76146197927849,OpC
2025-01-28 21:00:00,M4,53.0,0.11796332490986937,65.20966027401917,OpC
2025-01-28 22:00:00,M1,42.0,0.3073842527620647,,OpB
2025-01-28 22:00:00,M2,46.0,0.4125436843967489,65.17123804824324,OpA
2025-01-28 22:00:00,M3,50.0,0.383927663093238,65.58486072554864,OpC
2025-01-28 22:00:00,M4,55.0,0.4423574270193788,,OpA
2025-01-28 23:00:00,M1,57.0,0.30029442003300033,63.550053377269776,OpA
2025-01-28 23:00:00,M2,58.0,0.5127736845341954,64.46921843297858,OpB
2025-01-28 23:00:00,M3,41.0,0.07596219168461318,69.64908112855231,OpA
2025-01-28 23:00:00,M4,52.0,0.1110664368343315,66.30651522847212,OpC
2025-01-29 00:00:00,M1,43.0,0.27644412285335196,70.9087636373684,OpA
2025-01-29 00:00:00,M2,47.0,0.09714421138579833,,OpB
2025-01-29 00:00:00,M3,43.0,0.49255987002968243,67.61751192185753,OpA
2025-01-29 00:00:00,M4,48.0,0.10213542303293831,68.45468203682734,OpB
2025-01-29 01:00:00,M1,,0.35394329539807134,72.32595951052316,OpB
2025-01-29 01:00:00,M2,51.0,0.2826716157866695,,OpB
2025-01-29 01:00:00,M3,40.0,0.11990238487847625,74.33507086657774,OpB
2025-01-29 01:00:00,M4,55.0,0.2654718327156893,,OpB
2025-01-29 02:00:00,M1,57.0,0.22017837332051013,73.3334344794458,OpB
2025-01-29 02:00:00,M2,44.0,0.27763874509690983,77.0612048689417,OpC
2025-01-29 02:00:00,M3,61.0,0.1884417210017205,74.16022578190724,OpA
2025-01-29 02:00:00,M4,53.0,0.28201902548469643,,OpC
2025-01-29 03:00:00,M1,,0.4008236976400472,,OpC
2025-01-29 03:00:00,M2,51.0,0.2338683318090794,78.12236873573502,OpB
2025-01-29 03:00:00,M3,47.0,0.3268369773068748,76.31740342490099,OpB
2025-01-29 03:00:00,M4,51.0,0.4237840214011456,75.99382338803186,OpA
2025-01-29 04:00:00,M1,49.0,0.08872203463805269,78.12380066002049,OpC
2025-01-29 04:00:00,M2,45.0,0.3339853563349271,79.10151370444635,OpB
2025-01-29 04:00:00,M3,52.0,0.20132585434579037,77.98290426673753,OpC
2025-01-29 04:00:00,M4,49.0,0.4123049506055987,80.72706927988565,OpA
2025-01-29 05:00:00,M1,55.0,0.11272902582116845,83.26346313191827,OpC
2025-01-29 05:00:00,M2,53.0,0.33751024538169233,80.9702582512896,OpA
2025-01-29 05:00:00,M3,50.0,0.44036939681743603,79.61436804279855,OpA
2025-01-29 05:00:00,M4,55.0,0.27175664277487754,79.46359959936888,OpC
2025-01-29 06:00:00,M1,52.0,0.09915261110521162,81.88677761948156,OpB
2025-01-29 06:00:00,M2,56.0,0.06556950965439688,80.94123359829466,OpB
2025-01-29 06:00:00,M3,49.0,0.39124575065738054,80.40711182022493,OpA
2025-01-29 06:00:00,M4,46.0,0.22279860553441785,83.85621845187131,OpB
2025-01-29 07:00:00,M1,61.0,0.242613886030594,80.72789028688264,OpB
2025-01-29 07:00:00,M2,,0.25853300286959446,81.42076799605817,OpB
2025-01-29 07:00:00,M3,41.0,0.26640674368896067,77.84362054167784,OpB
2025-01-29 07:00:00,M4,42.0,0.2708862839446009,78.06157922627547,OpB
2025-01-29 08:00:00,M1,43.0,0.2791973103680378,77.8836436613185,OpA
2025-01-29 08:00:00,M2,46.0,0.5283182393129068,78.2798952219496,OpC
2025-01-29 08:00:00,M3,52.0,0.22374720216359748,79.53781130700364,OpB
2025-01-29 08:00:00,M4,58.0,0.09527881089363936,76.90983654780894,OpA
2025-01-29 09:00:00,M1,55.0,0.4067667845008532,78.03544430808171,OpC
2025-01-29 09:00:00,M2,40.0,0.34427255286918373,73.80779307848117,OpC
2025-01-29 09:00:00,M3,53.0,0.46662895123775094,79.09645291559656,OpB
2025-01-29 09:00:00,M4,46.0,0.2659537997833283,75.91129053528866,OpB
2025-01-29 10:00:00,M1,47.0,0.1254929394585315,78.49815397684534,OpC
2025-01-29 10:00:00,M2,45.0,,75.03972911919753,OpB
2025-01-29 10:00:00,M3,60.0,0.25517147460135364,76.21860041380783,OpA
2025-01-29 10:00:00,M4,47.0,0.191309677960886,72.18411542959775,OpC
2025-01-29 11:00:00,M1,33.0,0.5362952787334727,70.4395232428099,OpB
2025-01-29 11:00:00,M2,,0.06200910382887979,70.44172674607671,OpA
2025-01-29 11:00:00,M3,53.0,0.4176625817324,75.59839004894735,OpA
2025-01-29 11:00:00,M4,40.0,0.11279545076581589,75.4470270382725,OpA
2025-01-29 12:00:00,M1,66.0,0.4603203952846478,72.24238914407195,OpC
2025-01-29 12:00:00,M2,50.0,0.3078675543114899,68.4518030300808,OpB
2025-01-29 12:00:00,M3,53.0,0.31150548328574496,71.01129283955504,OpB
2025-01-29 12:00:00,M4,44.0,0.18507881221544656,71.57017526859748,OpA
2025-01-29 13:00:00,M1,43.0,0.32828362860009697,67.36197779810455,OpC
2025-01-29 13:00:00,M2,45.0,0.5006061722054695,,OpB
2025-01-29 13:00:00,M3,44.0,0.22962229463300332,66.10407417433011,OpA
2025-01-29 13:00:00,M4,41.0,0.32543826787245395,67.51477600064524,OpA
2025-01-29 14:00:00,M1,49.0,0.2081459002918869,65.50939625167939,OpA
2025-01-29 14:00:00,M2,54.0,0.49620100426428637,64.86499966493338,OpC
2025-01-29 14:00:00,M3,47.0,0.22812715601261055,65.58041934320201,OpA
2025-01-29 14:00:00,M4,45.0,0.17919372767428365,63.95425508595115,OpC
2025-01-29 15:00:00,M1,50.0,0.1524028522389984,,OpB
2025-01-29 15:00:00,M2,43.0,0.11710150924737124,65.51455537583193,OpB
2025-01-29 15:00:00,M3,44.0,0.513904477792935,62.031675587558254,OpB
2025-01-29 15:00:00,M4,44.0,0.18381471376000863,61.51241578639771,OpC
2025-01-29 16:00:00,M1,49.0,0.1582345391434295,64.79115256061908,OpC
2025-01-29 16:00:00,M2,54.0,,61.384330550336784,OpC
2025-01-29 16:00:00,M3,50.0,0.5816129026131454,60.94406338858629,OpB
2025-01-29 16:00:00,M4,51.0,0.42741080406802373,62.35530604441439,OpB
2025-01-29 17:00:00,M1,60.0,0.1093209063807479,61.15474401478104,OpC
2025-01-29 17:00:00,M2,39.0,0.3065346385111833,63.15342296432254,OpC
2025-01-29 17:00:00,M3,48.0,0.2048946726260134,61.044671443377176,OpA
2025-01-29 17:00:00,M4,54.0,0.46950256261604345,64.75937296254162,OpA
2025-01-29 18:00:00,M1,46.0,0.32181472184257226,60.10631927470852,OpB
2025-01-29 18:00:00,M2,52.0,0.3074612556331349,58.7326827548195,OpA
2025-01-29 18:00:00,M3,46.0,0.134326324452569,59.85061665984298,OpC
2025-01-29 18:00:00,M4,56.0,0.3738558558514199,57.241246876233056,OpB
2025-01-29 19:00:00,M1,62.0,0.33900508008729213,56.199973796372504,OpA
2025-01-29 19:00:00,M2,37.0,0.09644410760432691,62.189705266135405,OpA
2025-01-29 19:00:00,M3,50.0,0.4673930470913954,60.04739437179298,OpB
2025-01-29 19:00:00,M4,59.0,0.25952072304061247,59.09502708592085,OpA
2025-01-29 20:00:00,M1,46.0,0.2869236110501113,63.028652955091374,OpB
2025-01-29 20:00:00,M2,58.0,0.056112577272541236,58.47270082287186,OpA
2025-01-29 20:00:00,M3,55.0,0.05513738545226314,58.95584695779706,OpB
2025-01-29 20:00:00,M4,42.0,0.24222379813778408,57.71375316322059,OpC
2025-01-29 21:00:00,M1,58.0,0.13081623684353832,59.803971607794196,OpA
2025-01-29 21:00:00,M2,58.0,0.11751499075163332,60.68458338937247,OpA
2025-01-29 21:00:00,M3,41.0,0.29956604556573224,,OpC
2025-01-29 21:00:00,M4,56.0,0.34630590991851334,61.504053215144694,OpC
2025-01-29 22:00:00,M1,45.0,0.3997345476909981,65.60426700835099,OpB
2025-01-29 22:00:00,M2,45.0,0.6246733011860915,65.29684835900616,OpA
2025-01-29 22:00:00,M3,35.0,,63.44422897378073,OpB
2025-01-29 22:00:00,M4,52.0,0.5441369160243986,67.93385931389014,OpC
2025-01-29 23:00:00,M1,62.0,0.39796887660404,67.31598272614096,OpA
2025-01-29 23:00:00,M2,46.0,0.05657010439171243,65.76509938225834,OpC
2025-01-29 23:00:00,M3,56.0,0.15249528812173976,66.7157950021164,OpB
2025-01-29 23:00:00,M4,52.0,0.346579020601756,66.05101429851855,OpA
2025-01-30 00:00:00,M1,50.0,,70.23865337747459,OpA
2025-01-30 00:00:00,M2,49.0,,69.18650892340958,OpA
2025-01-30 00:00:00,M3,62.0,0.060019893258716324,67.45404540102707,OpC
2025-01-30 00:00:00,M4,54.0,0.19366452307733392,70.57781783059423,OpB
2025-01-30 01:00:00,M1,50.0,0.456849989322234,73.49072004900863,OpC
2025-01-30 01:00:00,M2,44.0,0.473086595030216,70.96369560756949,OpA
2025-01-30 01:00:00,M3,50.0,0.23216860843828072,70.46557270982778,OpC
2025-01-30 01:00:00,M4,48.0,0.3787882814905927,70.82195410988157,OpA
2025-01-30 02:00:00,M1,45.0,0.2361174604819651,76.73311365490643,OpA
2025-01-30 02:00:00,M2,44.0,0.17159435645177978,,OpA
2025-01-30 02:00:00,M3,47.0,0.19828921802187177,77.95582794058535,OpC
2025-01-30 02:00:00,M4,54.0,0.4553173500862596,78.3852423420848,OpC
2025-01-30 03:00:00,M1,61.0,0.328874962891763,78.96000201033195,OpA
2025-01-30 03:00:00,M2,60.0,0.14302836523608006,75.95926063190305,OpC
2025-01-30 03:00:00,M3,46.0,0.1393474052191272,75.43734062087954,OpA
2025-01-30 03:00:00,M4,47.0,0.15993494221617538,76.74382676752964,OpC
2025-01-30 04:00:00,M1,56.0,0.22860082970087292,77.3275119637453,OpC
2025-01-30 04:00:00,M2,48.0,0.5302711172657407,77.49966176686502,OpA
2025-01-30 04:00:00,M3,54.0,0.09736969666852058,79.37032547154669,OpA
2025-01-30 04:00:00,M4,49.0,0.327771781663338,,OpA
2025-01-30 05:00:00,M1,53.0,0.3684626289034329,81.02456440359116,OpA
2025-01-30 05:00:00,M2,59.0,0.42777812438974633,78.2547405040257,OpB
2025-01-30 05:00:00,M3,44.0,0.2213048041491034,80.76581506571945,OpC
2025-01-30 05:00:00,M4,49.0,0.19569593773580907,78.53712395614662,OpA
2025-01-30 06:00:00,M1,36.0,0.32595851802480874,77.26194753990843,OpA
2025-01-30 06:00:00,M2,46.0,0.3301274981198409,82.8848173667379,OpC
2025-01-30 06:00:00,M3,45.0,0.37384021206146095,82.4589411841184,OpA
2025-01-30 06:00:00,M4,60.0,0.10314896958934026,83.955825997013,OpB
2025-01-30 07:00:00,M1,,0.31608723853195886,74.97679397628121,OpC
2025-01-30 07:00:00,M2,50.0,0.02543296915777502,78.5433122429209,OpB
2025-01-30 07:00:00,M3,45.0,0.058271677729180085,77.9977901088714,OpA
2025-01-30 07:00:00,M4,54.0,0.1997764283543115,78.89863481085474,OpA
2025-01-30 08:00:00,M1,50.0,0.3465152602394895,79.11051720339545,OpB
2025-01-30 08:00:00,M2,47.0,0.2810133370689095,80.26481667338955,OpC
2025-01-30 08:00:00,M3,47.0,0.37921840178071137,80.08926178332212,OpA
2025-01-30 08:00:00,M4,55.0,0.22356376082287882,75.71377329156901,OpA
2025-01-30 09:00:00,M1,43.0,0.2991686741618533,78.02835578922644,OpA
2025-01-30 09:00:00,M2,41.0,,79.50599918920011,OpB
2025-01-30 09:00:00,M3,47.0,0.43151442140784324,74.96512557263242,OpA
2025-01-30 09:00:00,M4,37.0,0.12016522063612387,78.99936982570772,OpB
2025-01-30 10:00:00,M1,57.0,,74.42414217533545,OpA
2025-01-30 10:00:00,M2,45.0,0.47393184059346005,76.32506903956822,OpA
2025-01-30 10:00:00,M3,50.0,0.7328677488542326,75.9596162917411,OpC
2025-01-30 10:00:00,M4,56.0,0.09610162855144216,72.63005572057676,OpC
2025-01-30 11:00:00,M1,50.0,0.5517170747155086,73.78575190049985,OpC
2025-01-30 11:00:00,M2,62.0,0.2818995367166709,75.04570114713582,OpB
2025-01-30 11:00:00,M3,47.0,0.1629599909399738,74.28289995933454,OpA
2025-01-30 11:00:00,M4,44.0,0.017985955570461194,71.33896811789118,OpC
2025-01-30 12:00:00,M1,56.0,0.4008172558101952,68.30684034406397,OpC
2025-01-30 12:00:00,M2,48.0,0.22619295101335343,,OpB
2025-01-30 12:00:00,M3,51.0,0.38820524901017217,66.99189711836492,OpC
2025-01-30 12:00:00,M4,58.0,0.22258042461387006,71.70608689998248,OpC
2025-01-30 13:00:00,M1,62.0,0.2322066520368813,65.09378724077193,OpC
2025-01-30 13:00:00,M2,41.0,0.1478815026685586,68.21429575562198,OpB
2025-01-30 13:00:00,M3,54.0,0.1947872740247217,67.75875122830179,OpB
2025-01-30 13:00:00,M4,35.0,0.28870805937483823,63.10562679844163,OpC
2025-01-30 14:00:00,M1,59.0,0.20567243423473744,66.2722725934975,OpA
2025-01-30 14:00:00,M2,48.0,0.24731248654340537,65.31904015280927,OpB
2025-01-30 14:00:00,M3,53.0,0.5931643978257487,64.07895852931517,OpB
2025-01-30 14:00:00,M4,46.0,0.10770198908270172,62.538302879049716,OpA
2025-01-30 15:00:00,M1,47.0,0.3208752689914247,61.48979240373781,OpA
2025-01-30 15:00:00,M2,48.0,0.30694257933137925,63.526770897791216,OpA
2025-01-30 15:00:00,M3,60.0,0.3465327264727712,60.0199917876705,OpC
2025-01-30 15:00:00,M4,49.0,0.12443802305948103,61.69692256414253,OpA
2025-01-30 16:00:00,M1,54.0,0.3713681652066698,60.45366952951855,OpA
2025-01-30 16:00:00,M2,41.0,0.4493077806219818,60.15962812597265,OpB
2025-01-30 16:00:00,M3,,0.41031794673890787,,OpB
2025-01-30 16:00:00,M4,61.0,0.3029203027299828,63.4042145745089,OpC
2025-01-30 17:00:00,M1,57.0,0.267366884226686,60.35069611565807,OpA
2025-01-30 17:00:00,M2,55.0,0.5488780269917085,55.12841447391058,OpC
2025-01-30 17:00:00,M3,45.0,,,OpC
2025-01-30 17:00:00,M4,54.0,0.25565094526100796,61.93304781798233,OpC
2025-01-30 18:00:00,M1,62.0,0.13918933293209745,,OpA
2025-01-30 18:00:00,M2,60.0,0.34845084404301596,58.46882325466721,OpA
2025-01-30 18:00:00,M3,43.0,0.25731277832218646,59.315628436501775,OpA
2025-01-30 18:00:00,M4,50.0,0.11869086246999913,58.79259576126092,OpA
2025-01-30 19:00:00,M1,57.0,0.5410919835726273,,OpB
2025-01-30 19:00:00,M2,55.0,0.37802251141618265,59.75025651244144,OpC
2025-01-30 19:00:00,M3,53.0,,61.09949618369277,OpA
2025-01-30 19:00:00,M4,52.0,0.37372282090742376,60.452513798961114,OpB
2025-01-30 20:00:00,M1,53.0,0.24085374300769022,61.950028407537324,OpB
2025-01-30 20:00:00,M2,54.0,0.2991908530777755,63.3891030475394,OpC
2025-01-30 20:00:00,M3,55.0,0.2700586887487117,59.76074953443669,OpA
2025-01-30 20:00:00,M4,45.0,0.1893584616732771,61.73568254314752,OpB
2025-01-30 21:00:00,M1,42.0,0.0497038190141037,62.32550338788337,OpA
2025-01-30 21:00:00,M2,53.0,0.10486939415089419,66.11223893008318,OpB
2025-01-30 21:00:00,M3,51.0,0.3541357029739844,60.83549790849999,OpC
2025-01-30 21:00:00,M4,50.0,0.3211962825114574,65.1465289322167,OpA
2025-01-30 22:00:00,M1,60.0,0.1355301426215512,64.02817415716594,OpB
2025-01-30 22:00:00,M2,,0.34117403940342067,64.43732455801938,OpB
2025-01-30 22:00:00,M3,39.0,0.4371758239650454,64.9084356914573,OpB
2025-01-30 22:00:00,M4,,0.4337419764889866,62.849578246423256,OpA
2025-01-30 23:00:00,M1,61.0,0.0808792664255042,69.2229416834439,OpA
2025-01-30 23:00:00,M2,50.0,0.21903418703653657,66.61381230950462,OpA
2025-01-30 23:00:00,M3,54.0,0.2934317498492534,70.13010776386372,OpA
2025-01-30 23:00:00,M4,53.0,0.13894695083153444,68.8948356267356,OpC
2025-01-31 00:00:00,M1,50.0,0.1545507245149223,68.6322149249492,OpB
2025-01-31 00:00:00,M2,47.0,0.05648050841885793,70.9747151175869,OpC
2025-01-31 00:00:00,M3,56.0,0.23505839601672876,70.33027395046703,OpA
2025-01-31 00:00:00,M4,41.0,0.11213261134692992,69.88310659609868,OpC
2025-01-31 01:00:00,M1,49.0,0.19615816942377506,73.50768590810706,OpB
2025-01-31 01:00:00,M2,60.0,0.19009359519566013,,OpB
2025-01-31 01:00:00,M3,57.0,0.08144985339910646,73.62282466654062,OpB
2025-01-31 01:00:00,M4,47.0,0.5349907782895861,70.54717807806722,OpC
2025-01-31 02:00:00,M1,66.0,0.30895967896655263,76.51865378701062,OpB
2025-01-31 02:00:00,M2,51.0,0.2933343994132468,75.27046134477274,OpA
2025-01-31 02:00:00,M3,54.0,0.11416964607542564,71.48948753948665,OpA
2025-01-31 02:00:00,M4,51.0,0.29981211927117346,75.36230446556854,OpC
2025-01-31 03:00:00,M1,49.0,0.3806068763054775,81.94544316271616,OpC
2025-01-31 03:00:00,M2,49.0,0.6341817533103861,78.11233634621912,OpB
2025-01-31 03:00:00,M3,51.0,0.13500717674851762,81.59139225893641,OpB
2025-01-31 03:00:00,M4,43.0,0.47255783560220344,80.77107736763168,OpA
2025-01-31 04:00:00,M1,,0.135593983274979,78.59322644735695,OpC
2025-01-31 04:00:00,M2,46.0,0.21622933912876033,79.15917080301487,OpC
2025-01-31 04:00:00,M3,54.0,0.4518002123793944,80.02981521574178,OpC
2025-01-31 04:00:00,M4,42.0,0.2322171689390326,78.30346761576405,OpA
2025-01-31 05:00:00,M1,55.0,0.12927095645811595,78.35017166699572,OpC
2025-01-31 05:00:00,M2,52.0,0.1888719947619597,82.37270190059304,OpC
2025-01-31 05:00:00,M3,46.0,0.20472567787399085,76.51440500850774,OpA
2025-01-31 05:00:00,M4,53.0,0.2564621002764944,75.52233010201493,OpA
2025-01-31 06:00:00,M1,47.0,,78.46574079067982,OpA
2025-01-31 06:00:00,M2,58.0,0.18344487379097796,79.91928174523126,OpA
2025-01-31 06:00:00,M3,44.0,0.2299187728155223,77.5988452148441,OpB
2025-01-31 06:00:00,M4,53.0,0.4977887468160058,78.9255038616255,OpB
2025-01-31 07:00:00,M1,54.0,0.530345297926513,79.8464662482382,OpA
2025-01-31 07:00:00,M2,53.0,0.25573568796894636,80.53671659159627,OpA
2025-01-31 07:00:00,M3,57.0,0.08226952790038847,78.84210537511794,OpA
2025-01-31 07:00:00,M4,50.0,0.36490597391312074,81.88485325479323,OpB
2025-01-31 08:00:00,M1,59.0,0.3478861218992841,77.50345530472062,OpA
2025-01-31 08:00:00,M2,56.0,0.26748479079624465,78.66729471891458,OpA
2025-01-31 08:00:00,M3,48.0,0.5575479314226485,78.00107760338294,OpC
2025-01-31 08:00:00,M4,50.0,0.40461274841707573,77.00359507762356,OpA
2025-01-31 09:00:00,M1,53.0,0.46223948622062794,78.0884662540677,OpC
2025-01-31 09:00:00,M2,39.0,0.3192238323495886,76.78397563055944,OpA
2025-01-31 09:00:00,M3,56.0,,80.06185462607922,OpB
2025-01-31 09:00:00,M4,55.0,0.25709940516273083,75.92132371748117,OpC
2025-01-31 10:00:00,M1,49.0,,73.94142789963286,OpB
2025-01-31 10:00:00,M2,58.0,0.38978156667628955,73.03193646902417,OpA
2025-01-31 10:00:00,M3,48.0,0.1986847885729943,73.03280936242318,OpA
2025-01-31 10:00:00,M4,49.0,0.42928459037940064,74.35776749476604,OpB
2025-01-31 11:00:00,M1,44.0,0.11877233253392566,73.77247613947344,OpB
2025-01-31 11:00:00,M2,54.0,0.5410566291492999,71.1910366507851,OpC
2025-01-31 11:00:00,M3,44.0,0.2166897758366046,73.06030831560369,OpC
2025-01-31 11:00:00,M4,54.0,0.0681637226288509,74.00727251662981,OpB
2025-01-31 12:00:00,M1,46.0,0.3782788848185992,71.33193416299166,OpC
2025-01-31 12:00:00,M2,55.0,0.3245216598119012,70.3843521884131,OpB
2025-01-31 12:00:00,M3,53.0,0.24575062813960638,68.42036752454543,OpC
2025-01-31 12:00:00,M4,47.0,0.16940502803096624,73.07765134994422,OpC
2025-01-31 13:00:00,M1,60.0,0.2917806469451753,65.08485897788167,OpC
2025-01-31 13:00:00,M2,53.0,0.17781832769932776,69.94805154946616,OpA
2025-01-31 13:00:00,M3,39.0,0.04205750403576105,69.38575246881537,OpB
2025-01-31 13:00:00,M4,48.0,0.2801224683063317,68.65582291270351,OpA
2025-01-31 14:00:00,M1,,0.2783754549340589,64.27332806257411,OpB
2025-01-31 14:00:00,M2,46.0,0.1912570248997385,66.82861578506794,OpC
2025-01-31 14:00:00,M3,57.0,0.07479613813469624,64.69003058701314,OpB
2025-01-31 14:00:00,M4,40.0,0.3345840829842021,64.21580076599246,OpA
2025-01-31 15:00:00,M1,58.0,0.49916519898470224,63.6990587070811,OpC
2025-01-31 15:00:00,M2,43.0,0.11384570336294104,58.28124322004614,OpC
2025-01-31 15:00:00,M3,46.0,0.45462062024722766,65.02554544498007,OpB
2025-01-31 15:00:00,M4,48.0,0.05312136400018645,63.420656931934666,OpC
2025-01-31 16:00:00,M1,51.0,0.12796476715039592,63.31405550187385,OpB
2025-01-31 16:00:00,M2,56.0,0.1829503072235666,64.82798035537115,OpC
2025-01-31 16:00:00,M3,37.0,0.08806082041425897,63.61145900143095,OpA
2025-01-31 16:00:00,M4,50.0,0.08129282113820854,62.27136967167887,OpB
2025-01-31 17:00:00,M1,48.0,0.28029458555026265,59.41490923906754,OpC
2025-01-31 17:00:00,M2,60.0,0.5563474932143361,62.30625957059889,OpA
2025-01-31 17:00:00,M3,48.0,0.4328841602465853,60.74452700542528,OpC
2025-01-31 17:00:00,M4,44.0,0.1827920145401605,58.11360317238683,OpA
2025-01-31 18:00:00,M1,48.0,0.2576907618070579,,OpC
2025-01-31 18:00:00,M2,46.0,0.307608509132019,62.886314449840825,OpA
2025-01-31 18:00:00,M3,49.0,0.27139444130723167,57.22573457139061,OpC
2025-01-31 18:00:00,M4,50.0,0.2513060763857132,62.55257619462476,OpB
2025-01-31 19:00:00,M1,54.0,0.3201967511720599,60.27564461969386,OpA
2025-01-31 19:00:00,M2,45.0,0.20667580317984144,63.69348458842751,OpC
2025-01-31 19:00:00,M3,51.0,0.2951418268741013,63.503753762248515,OpC
2025-01-31 19:00:00,M4,48.0,0.05989621269315133,59.32101009988788,OpB
2025-01-31 20:00:00,M1,58.0,0.46879216578037447,60.00070268100214,OpC
2025-01-31 20:00:00,M2,60.0,0.1106231681796243,60.566672460651894,OpB
2025-01-31 20:00:00,M3,49.0,0.35746703452162676,59.25765333652005,OpA
2025-01-31 20:00:00,M4,46.0,0.2183470703965565,61.81890331743862,OpB
2025-01-31 21:00:00,M1,50.0,0.2933315508809319,62.43847359356895,OpA
2025-01-31 21:00:00,M2,49.0,0.1840091889083745,63.999961570794056,OpC
2025-01-31 21:00:00,M3,46.0,0.41207627136984176,60.88868925228323,OpB
2025-01-31 21:00:00,M4,40.0,0.3735593750139964,61.13519979003138,OpB
2025-01-31 22:00:00,M1,42.0,0.44761291652751445,61.10024923055733,OpB
2025-01-31 22:00:00,M2,54.0,0.17314030569588076,65.58273224825814,OpA
2025-01-31 22:00:00,M3,61.0,0.4042909326705039,67.00522346916247,OpB
2025-01-31 22:00:00,M4,37.0,0.13933471203275255,67.77707079312685,OpB
2025-01-31 23:00:00,M1,46.0,0.17638821690954037,63.804526188447525,OpA
2025-01-31 23:00:00,M2,,0.43973230904666233,68.85393182674237,OpB
2025-01-31 23:00:00,M3,45.0,0.3862248057157272,68.12974381067372,OpC
2025-01-31 23:00:00,M4,52.0,0.218319995495428,66.33165713722882,OpC
2025-02-01 00:00:00,M1,57.0,0.6047870405060238,,OpB
2025-02-01 00:00:00,M2,51.0,0.16922930295189348,,OpA
2025-02-01 00:00:00,M3,53.0,,69.78872771961737,OpB
2025-02-01 00:00:00,M4,46.0,0.16202869093400973,68.50825795287913,OpA
2025-02-01 01:00:00,M1,48.0,,71.17553936501513,OpA
2025-02-01 01:00:00,M2,38.0,0.2346550595428237,70.99405373042286,OpC
2025-02-01 01:00:00,M3,74.0,0.14675104677073816,72.61917772963511,OpB
2025-02-01 01:00:00,M4,41.0,0.16458617392053612,72.0456055018587,OpC
2025-02-01 02:00:00,M1,52.0,0.19176200220188697,74.3270751897055,OpA
2025-02-01 02:00:00,M2,54.0,0.34748412320167094,74.19614277007112,OpA
2025-02-01 02:00:00,M3,59.0,0.10462656733120917,74.41399088915792,OpA
2025-02-01 02:00:00,M4,57.0,0.3518965141537536,78.53991062959436,OpB
2025-02-01 03:00:00,M1,47.0,0.3893327632423255,73.16648247239793,OpA
2025-02-01 03:00:00,M2,,0.03839399960752238,78.4501430234754,OpC
2025-02-01 03:00:00,M3,52.0,0.092147641450007,78.87965628474007,OpB
2025-02-01 03:00:00,M4,62.0,0.5323852583170284,73.61643573839797,OpA
2025-02-01 04:00:00,M1,65.0,0.43415913865870037,79.34281141087524,OpC
2025-02-01 04:00:00,M2,50.0,0.15463062688555954,79.42583573996329,OpA
2025-02-01 04:00:00,M3,54.0,0.1874991122462487,80.43121882488676,OpB
2025-02-01 04:00:00,M4,57.0,0.5158904994092549,78.0825100448351,OpA
2025-02-01 05:00:00,M1,41.0,0.5307959244235122,,OpA
2025-02-01 05:00:00,M2,49.0,0.11492067266735986,78.29840188380788,OpA
2025-02-01 05:00:00,M3,40.0,0.1831805146455219,82.8932815841448,OpC
2025-02-01 05:00:00,M4,45.0,0.21886717239707465,,OpC
2025-02-01 06:00:00,M1,54.0,0.29247064594998834,77.01523663790478,OpB
2025-02-01 06:00:00,M2,67.0,0.10969628327750325,80.06138765670207,OpA
2025-02-01 06:00:00,M3,50.0,0.172574960466214,79.80251662283992,OpC
2025-02-01 06:00:00,M4,51.0,0.23750472364165484,81.38953068456684,OpC
2025-02-01 07:00:00,M1,41.0,0.19417952479598855,78.83142426361093,OpA
2025-02-01 07:00:00,M2,46.0,0.2219644499639204,82.63207351906681,OpC
2025-02-01 07:00:00,M3,70.0,0.303590510259731,78.33072432463332,OpC
2025-02-01 07:00:00,M4,32.0,0.4717460433448052,77.84916593094205,OpA
2025-02-01 08:00:00,M1,51.0,0.02852408951141716,79.23683294332483,OpA
2025-02-01 08:00:00,M2,37.0,0.39466633114829924,79.10560183186128,OpA
2025-02-01 08:00:00,M3,53.0,0.35857702496219623,79.93337160059963,OpC
2025-02-01 08:00:00,M4,53.0,0.6763817774964173,81.95120054287449,OpB
2025-02-01 09:00:00,M1,41.0,0.15977835658268236,76.08761193795144,OpB
2025-02-01 09:00:00,M2,49.0,0.198451439557305,74.380417438151,OpA
2025-02-01 09:00:00,M3,69.0,0.1483300779243769,75.33025983796954,OpC
2025-02-01 09:00:00,M4,47.0,0.32442445349338495,78.85278273645709,OpB
2025-02-01 10:00:00,M1,75.0,0.2039456254778172,74.1206144138021,OpC
2025-02-01 10:00:00,M2,51.0,0.29946845390025917,73.83981345829096,OpC
2025-02-01 10:00:00,M3,52.0,,73.16580743854117,OpA
2025-02-01 10:00:00,M4,51.0,0.5115494070114456,73.58652523652077,OpB
2025-02-01 11:00:00,M1,51.0,0.34022493849159713,73.25084732785578,OpA
2025-02-01 11:00:00,M2,56.0,0.16262657785550538,72.1666924245126,OpA
2025-02-01 11:00:00,M3,43.0,0.025293952654361726,75.6756509706501,OpB
2025-02-01 11:00:00,M4,52.0,0.7553196711418665,69.61922423998028,OpA
2025-02-01 12:00:00,M1,45.0,0.16977898440359,68.67766100300503,OpC
2025-02-01 12:00:00,M2,50.0,0.19071155062835782,71.75522739948002,OpA
2025-02-01 12:00:00,M3,53.0,0.45731685943400574,71.118292976474,OpB
2025-02-01 12:00:00,M4,58.0,0.2403262130312978,68.80803842210697,OpA
2025-02-01 13:00:00,M1,55.0,0.2539630895354247,66.33395901620734,OpA
2025-02-01 13:00:00,M2,53.0,0.5152202930233191,67.00290702539634,OpB
2025-02-01 13:00:00,M3,51.0,0.20831056134814327,67.5965434847598,OpC
2025-02-01 13:00:00,M4,41.0,0.23937575987999204,63.54005287988515,OpC
2025-02-01 14:00:00,M1,55.0,0.5589318829458291,62.24482939692275,OpA
2025-02-01 14:00:00,M2,58.0,0.10917012184102744,66.45890063079199,OpB
2025-02-01 14:00:00,M3,59.0,0.05154821645577382,61.693877269242016,OpC
2025-02-01 14:00:00,M4,48.0,0.31987580422323386,64.92597654406107,OpC
2025-02-01 15:00:00,M1,50.0,0.16137449676583998,68.41618499417623,OpC
2025-02-01 15:00:00,M2,,0.18705355799207457,67.67209545820911,OpC
2025-02-01 15:00:00,M3,60.0,0.17355504353108714,61.42859226848244,OpB
2025-02-01 15:00:00,M4,52.0,0.6525068300552621,63.42318027188492,OpA
2025-02-01 16:00:00,M1,51.0,0.38983927636074917,65.85143607265238,OpB
2025-02-01 16:00:00,M2,53.0,0.33721791032979054,58.69264464509488,OpB
2025-02-01 16:00:00,M3,44.0,0.1457697594022987,60.934788978499036,OpB
2025-02-01 16:00:00,M4,65.0,0.2298208684160546,,OpB
2025-02-01 17:00:00,M1,50.0,0.15144719811653745,63.18628032259762,OpB
2025-02-01 17:00:00,M2,43.0,0.20216447006714938,58.92563362693664,OpC
2025-02-01 17:00:00,M3,55.0,0.3691327559303358,61.75868540295803,OpC
2025-02-01 17:00:00,M4,,0.12287977102166873,59.49056568351109,OpA
2025-02-01 18:00:00,M1,40.0,0.06627253805647913,60.17590491792164,OpA
2025-02-01 18:00:00,M2,50.0,0.14998174026050892,62.46340902494509,OpC
2025-02-01 18:00:00,M3,44.0,0.24651267316529893,57.939010235608045,OpA
2025-02-01 18:00:00,M4,43.0,0.31374539897745096,55.183226318376526,OpA
2025-02-01 19:00:00,M1,54.0,0.15378688757969036,61.184759689223924,OpB
2025-02-01 19:00:00,M2,61.0,0.4668351191979363,62.722006449105315,OpA
2025-02-01 19:00:00,M3,47.0,0.22097921297890516,60.57049815265281,OpB
2025-02-01 19:00:00,M4,55.0,0.20596312401961409,63.03200463249571,OpA
2025-02-01 20:00:00,M1,60.0,0.24729114923206796,60.36583232257725,OpC
2025-02-01 20:00:00,M2,49.0,0.20806153764112015,60.71390418002426,OpC
2025-02-01 20:00:00,M3,,,59.93580412787228,OpC
2025-02-01 20:00:00,M4,45.0,,61.90382925747733,OpC
2025-02-01 21:00:00,M1,39.0,0.27089258627131463,63.85472711643608,OpB
2025-02-01 21:00:00,M2,48.0,0.37556136291148273,64.37410835683252,OpA
2025-02-01 21:00:00,M3,45.0,0.4028580081608405,61.35004825016594,OpB
2025-02-01 21:00:00,M4,63.0,0.2554764841847472,65.51460806484829,OpA
2025-02-01 22:00:00,M1,55.0,0.1660529723833649,64.42589756761711,OpB
2025-02-01 22:00:00,M2,58.0,,64.3629307317908,OpC
2025-02-01 22:00:00,M3,,0.26096386195196347,63.212313894174706,OpC
2025-02-01 22:00:00,M4,52.0,0.5241746715066992,66.43044305969876,OpC
2025-02-01 23:00:00,M1,58.0,0.1985711831392856,66.91833660681249,OpC
2025-02-01 23:00:00,M2,39.0,0.18094449544634056,67.64651791895879,OpB
2025-02-01 23:00:00,M3,50.0,0.31546461346588184,63.84931934886708,OpC
2025-02-01 23:00:00,M4,46.0,0.1844889190293873,67.93325444493705,OpC
2025-02-02 00:00:00,M1,62.0,0.11337260151105132,69.11999854789508,OpB
2025-02-02 00:00:00,M2,60.0,0.13393095174585395,67.02788622922377,OpC
2025-02-02 00:00:00,M3,44.0,0.3296972522163679,69.7611595189811,OpB
2025-02-02 00:00:00,M4,54.0,0.1274885856916015,70.01628868826464,OpC
2025-02-02 01:00:00,M1,52.0,0.3059938425071894,74.38877846545677,OpA
2025-02-02 01:00:00,M2,59.0,0.06725082453087618,69.59085297605094,OpB
2025-02-02 01:00:00,M3,42.0,0.29813448098014195,74.34041032694276,OpA
2025-02-02 01:00:00,M4,45.0,0.3242191243262432,66.89163829410347,OpA
2025-02-02 02:00:00,M1,49.0,0.19962558079390166,73.7450346617187,OpC
2025-02-02 02:00:00,M2,52.0,0.053960876537907425,76.65827454295523,OpA
2025-02-02 02:00:00,M3,50.0,0.06976672617584002,76.56543481030428,OpB
2025-02-02 02:00:00,M4,57.0,0.13435218723880354,71.93878884088909,OpB
2025-02-02 03:00:00,M1,53.0,,78.72207600228876,OpB
2025-02-02 03:00:00,M2,57.0,,77.6350232609894,OpB
2025-02-02 03:00:00,M3,,0.4797126670650802,78.04819942223155,OpA
2025-02-02 03:00:00,M4,56.0,0.2741362647836714,78.3098592202011,OpA
2025-02-02 04:00:00,M1,53.0,0.20086888535017194,75.84762424883279,OpA
2025-02-02 04:00:00,M2,47.0,0.3624536716631961,79.18072022007657,OpC
2025-02-02 04:00:00,M3,56.0,0.24655236567678085,74.5716143480927,OpB
2025-02-02 04:00:00,M4,51.0,0.420793871889619,77.43228416860023,OpA
2025-02-02 05:00:00,M1,38.0,0.15470306734415978,80.9177449153217,OpB
2025-02-02 05:00:00,M2,56.0,0.2954244262479955,80.68151544253072,OpA
2025-02-02 05:00:00,M3,48.0,0.13167955239239634,79.42270298861439,OpC
2025-02-02 05:00:00,M4,48.0,0.16628645605576162,79.50659423665171,OpB
2025-02-02 06:00:00,M1,57.0,0.05296755255955217,77.91095171151018,OpA
2025-02-02 06:00:00,M2,43.0,0.5995910795849467,82.41957619129202,OpB
2025-02-02 06:00:00,M3,52.0,,79.64161457619407,OpC
2025-02-02 06:00:00,M4,45.0,0.24247038328001766,80.60548342027319,OpC
2025-02-02 07:00:00,M1,45.0,0.10498643946401971,76.61959570085116,OpB
2025-02-02 07:00:00,M2,65.0,0.4281452863722463,79.0594932163088,OpA
2025-02-02 07:00:00,M3,43.0,0.20264562694680763,,OpA
2025-02-02 07:00:00,M4,37.0,,78.15449592451861,OpA
2025-02-02 08:00:00,M1,42.0,0.279047880510404,77.75209684218346,OpB
2025-02-02 08:00:00,M2,64.0,,76.75687745994465,OpC
2025-02-02 08:00:00,M3,57.0,0.19258792564911112,76.0748421335143,OpA
2025-02-02 08:00:00,M4,57.0,0.5251917326382187,78.46083394329101,OpC
2025-02-02 09:00:00,M1,46.0,0.5126384474240423,76.42830242434482,OpA
2025-02-02 09:00:00,M2,52.0,0.15816109205705037,77.19741354593563,OpB
2025-02-02 09:00:00,M3,55.0,0.06639057356525035,79.84751133553168,OpB
2025-02-02 09:00:00,M4,65.0,0.10952815025667377,75.00569411214106,OpB
2025-02-02 10:00:00,M1,35.0,0.18511953101180087,73.59210185065541,OpC
2025-02-02 10:00:00,M2,41.0,0.2057870634229249,74.43415871675063,OpC
2025-02-02 10:00:00,M3,66.0,0.5493799413251843,76.67813318419287,OpC
2025-02-02 10:00:00,M4,40.0,0.15035673999199908,75.57245323346956,OpC
2025-02-02 11:00:00,M1,66.0,0.2639071307740211,,OpC
2025-02-02 11:00:00,M2,52.0,0.23774915213851058,71.24275870117579,OpB
2025-02-02 11:00:00,M3,43.0,0.5289751464190275,75.15923731899383,OpB
2025-02-02 11:00:00,M4,40.0,0.3603873780230424,74.62256962387443,OpB
2025-02-02 12:00:00,M1,51.0,0.03614153037323908,70.53729689734305,OpC
2025-02-02 12:00:00,M2,45.0,0.10971243715861984,67.90893419053306,OpB
2025-02-02 12:00:00,M3,46.0,0.27283562893801344,70.64541890257576,OpC
2025-02-02 12:00:00,M4,36.0,0.2509368178270802,69.59729162027187,OpA
2025-02-02 13:00:00,M1,43.0,0.37561060139678093,70.62665516164941,OpA
2025-02-02 13:00:00,M2,52.0,0.28307965980220984,67.05256983405523,OpA
2025-02-02 13:00:00,M3,58.0,0.5247815192985597,70.2023324617492,OpC
2025-02-02 13:00:00,M4,34.0,0.2858511189512022,69.1439432835906,OpB
2025-02-02 14:00:00,M1,50.0,,63.15305149210784,OpA
2025-02-02 14:00:00,M2,57.0,0.09976470240183977,66.08055998516228,OpB
2025-02-02 14:00:00,M3,46.0,0.10450443133274966,64.14536552766424,OpB
2025-02-02 14:00:00,M4,52.0,0.47518492410427166,69.81568467306752,OpA
2025-02-02 15:00:00,M1,53.0,0.038134259275789235,66.19152217131531,OpC
2025-02-02 15:00:00,M2,60.0,,64.64119588608054,OpA
2025-02-02 15:00:00,M3,31.0,0.3275041560268111,62.82431922825717,OpC
2025-02-02 15:00:00,M4,53.0,0.30717210348453083,61.90175692075808,OpB
2025-02-02 16:00:00,M1,49.0,0.42585877874003675,60.83013142849552,OpA
2025-02-02 16:00:00,M2,44.0,0.19248152141837122,64.444423995085,OpC
2025-02-02 16:00:00,M3,58.0,0.2651312150483615,64.64509389666568,OpB
2025-02-02 16:00:00,M4,43.0,0.16598047004032637,58.40146056987509,OpB
2025-02-02 17:00:00,M1,43.0,0.07313421689713086,59.21659273910842,OpC
2025-02-02 17:00:00,M2,47.0,0.15264013809460858,61.211947775070065,OpC
2025-02-02 17:00:00,M3,60.0,0.19273214834498148,58.388240755975325,OpC
2025-02-02 17:00:00,M4,61.0,0.1804775645343588,61.93632982419203,OpB
2025-02-02 18:00:00,M1,70.0,0.22938693554790707,58.56132400606105,OpA
2025-02-02 18:00:00,M2,55.0,0.09533236387761494,57.34347923403061,OpA
2025-02-02 18:00:00,M3,54.0,0.15830753013906643,58.48006985168266,OpA
2025-02-02 18:00:00,M4,50.0,0.42335628396606567,59.19024901273008,OpA
2025-02-02 19:00:00,M1,53.0,0.2504404840366601,59.84180832664875,OpA
2025-02-02 19:00:00,M2,41.0,0.0888917654431427,59.3794926806572,OpC
2025-02-02 19:00:00,M3,50.0,0.32346754505534925,62.03134544293985,OpA
2025-02-02 19:00:00,M4,50.0,0.04694201343116007,62.70364895330964,OpB
2025-02-02 20:00:00,M1,58.0,0.25717149127093897,59.69029563600887,OpB
2025-02-02 20:00:00,M2,39.0,0.2758162968795763,61.535088564830005,OpC
2025-02-02 20:00:00,M3,57.0,0.16940110657897692,58.79785782634,OpC
2025-02-02 20:00:00,M4,44.0,0.142167540375575,59.855449369044415,OpC
2025-02-02 21:00:00,M1,52.0,0.2634727356398701,62.774086572945976,OpA
2025-02-02 21:00:00,M2,58.0,0.2090920970714137,62.4289107449366,OpC
2025-02-02 21:00:00,M3,42.0,0.4359390920496489,65.03047146111274,OpA
2025-02-02 21:00:00,M4,61.0,0.351045150690923,60.561153928339344,OpC
2025-02-02 22:00:00,M1,45.0,0.42948013762504533,65.82590437868025,OpA
2025-02-02 22:00:00,M2,50.0,0.21781793209121567,63.65325797491114,OpC
2025-02-02 22:00:00,M3,52.0,0.22898424074663437,68.7250740865654,OpC
2025-02-02 22:00:00,M4,53.0,0.24515126084436276,63.773897410119616,OpB
2025-02-02 23:00:00,M1,,0.08801289162748216,66.44947734613152,OpA
2025-02-02 23:00:00,M2,48.0,0.13395211203156893,67.16277125791994,OpA
2025-02-02 23:00:00,M3,53.0,0.34503061742189234,67.65310596976029,OpA
2025-02-02 23:00:00,M4,56.0,0.35104167186032026,67.62426935053388,OpC
2025-02-03 00:00:00,M1,,0.09650959446351647,71.09282866190121,OpB
2025-02-03 00:00:00,M2,60.0,0.31305084650177956,69.2676904164532,OpB
2025-02-03 00:00:00,M3,47.0,0.5253018651474362,67.96768611206987,OpB
2025-02-03 00:00:00,M4,53.0,0.10654004310009091,72.7159167521851,OpB
2025-02-03 01:00:00,M1,55.0,0.21207574530828419,69.24926477922544,OpC
2025-02-03 01:00:00,M2,55.0,0.4587363085636902,,OpC
2025-02-03 01:00:00,M3,58.0,0.4696056724318159,71.17555366741271,OpC
2025-02-03 01:00:00,M4,52.0,0.16176058431316898,74.07273688954811,OpB
2025-02-03 02:00:00,M1,52.0,0.48079886644183273,75.12352350578041,OpB
2025-02-03 02:00:00,M2,58.0,0.2505647202830204,72.57704663096737,OpB
2025-02-03 02:00:00,M3,54.0,0.3940710306957697,74.08648708284333,OpA
2025-02-03 02:00:00,M4,48.0,0.2357397103809759,77.51739498489387,OpA
2025-02-03 03:00:00,M1,61.0,0.10200578365755733,77.36389425181218,OpB
2025-02-03 03:00:00,M2,34.0,0.24900780081222434,79.01311244296181,OpC
2025-02-03 03:00:00,M3,40.0,0.08845647512438348,75.78483427789497,OpA
2025-02-03 03:00:00,M4,50.0,0.11668001513182515,76.63663754160554,OpC
2025-02-03 04:00:00,M1,60.0,0.14909272596837764,74.12746384354821,OpB
2025-02-03 04:00:00,M2,44.0,,77.68351248765939,OpB
2025-02-03 04:00:00,M3,43.0,0.2638282686601696,,OpA
2025-02-03 04:00:00,M4,41.0,0.15492132827903266,,OpA
2025-02-03 05:00:00,M1,51.0,0.4367389893159582,,OpA
2025-02-03 05:00:00,M2,,0.3912779683998961,76.4074539956209,OpC
2025-02-03 05:00:00,M3,52.0,0.2569668646796688,80.52492322017481,OpC
2025-02-03 05:00:00,M4,62.0,0.30117303630431314,80.67256365795286,OpB
2025-02-03 06:00:00,M1,60.0,0.22112508627295996,79.07781525228741,OpB
2025-02-03 06:00:00,M2,55.0,0.6765677478922857,,OpA
2025-02-03 06:00:00,M3,49.0,0.4222331002716158,79.55278768448301,OpC
2025-02-03 06:00:00,M4,50.0,0.18987328874424586,80.83592865205439,OpB
2025-02-03 07:00:00,M1,67.0,,83.0549692352502,OpB
2025-02-03 07:00:00,M2,55.0,0.38307729267522117,,OpC
2025-02-03 07:00:00,M3,53.0,0.17996811909843086,81.43842163521366,OpB
2025-02-03 07:00:00,M4,40.0,0.27195980795969366,79.17014720399746,OpB
2025-02-03 08:00:00,M1,46.0,0.5402473592346654,78.76771589694529,OpA
2025-02-03 08:00:00,M2,58.0,,74.59220184446963,OpB
2025-02-03 08:00:00,M3,43.0,0.5362656028162718,78.75102352918486,OpA
2025-02-03 08:00:00,M4,50.0,0.1172856000915654,82.40093822857169,OpA
2025-02-03 09:00:00,M1,48.0,0.2109345751614338,79.22845015155353,OpC
2025-02-03 09:00:00,M2,44.0,0.21884495568765344,78.27581614456926,OpA
2025-02-03 09:00:00,M3,55.0,0.3263864042809978,75.57089663789213,OpB
2025-02-03 09:00:00,M4,51.0,0.3761662168840227,76.80173796730918,OpA
2025-02-03 10:00:00,M1,,0.06478898137792799,75.67193403415689,OpA
2025-02-03 10:00:00,M2,54.0,0.11198975357143123,71.27954077312937,OpC
2025-02-03 10:00:00,M3,52.0,0.26986861362288966,73.71639155791522,OpC
2025-02-03 10:00:00,M4,48.0,0.35373622473294053,74.52471077245124,OpA
2025-02-03 11:00:00,M1,47.0,0.20390923355367033,74.37296622928035,OpA
2025-02-03 11:00:00,M2,48.0,0.4028550610092022,71.27278604216639,OpA
2025-02-03 11:00:00,M3,53.0,0.4214691580353747,71.10738097903433,OpB
2025-02-03 11:00:00,M4,47.0,0.23839737498114166,76.25603430701445,OpA
2025-02-03 12:00:00,M1,54.0,0.2379221691719384,72.0353596707347,OpB
2025-02-03 12:00:00,M2,41.0,0.06284375102663668,72.90872827520225,OpA
2025-02-03 12:00:00,M3,48.0,0.1154715432510839,67.37542881904379,OpC
2025-02-03 12:00:00,M4,57.0,0.4083474345857204,68.23022339780576,OpB
2025-02-03 13:00:00,M1,55.0,0.22876675974375607,70.70822250578314,OpC
2025-02-03 13:00:00,M2,59.0,0.11284515244243591,70.17925414921848,OpA
2025-02-03 13:00:00,M3,40.0,0.317672853691727,64.60130608699522,OpC
2025-02-03 13:00:00,M4,55.0,0.16062639636167336,67.833660172185,OpA
2025-02-03 14:00:00,M1,42.0,0.41694635190684814,65.31001594988166,OpB
2025-02-03 14:00:00,M2,50.0,0.42335876526598315,62.27222799747958,OpB
2025-02-03 14:00:00,M3,45.0,0.3970004203636795,63.840893688237145,OpC
2025-02-03 14:00:00,M4,52.0,0.06908942411988263,62.10305798960579,OpC
2025-02-03 15:00:00,M1,51.0,0.4301368866924492,64.23782183918055,OpA
2025-02-03 15:00:00,M2,44.0,0.0707009509051469,61.1649866107648,OpB
2025-02-03 15:00:00,M3,43.0,0.5921029102689284,64.01290635445937,OpB
2025-02-03 15:00:00,M4,40.0,0.06748193375325369,64.00978408909128,OpB
2025-02-03 16:00:00,M1,,0.41507655293185197,60.793012797154205,OpB
2025-02-03 16:00:00,M2,44.0,0.13401922292768714,58.21767368511701,OpC
2025-02-03 16:00:00,M3,44.0,0.0885060353540008,57.93547306686491,OpA
2025-02-03 16:00:00,M4,62.0,0.2729711940970014,63.67900298698748,OpB
2025-02-03 17:00:00,M1,41.0,0.17764823340288768,63.75267214107116,OpA
2025-02-03 17:00:00,M2,47.0,0.05015130051991875,62.698022359117594,OpA
2025-02-03 17:00:00,M3,40.0,0.2036142556960821,59.846630582004885,OpA
2025-02-03 17:00:00,M4,38.0,0.24948037664672557,60.086495272072504,OpC
2025-02-03 18:00:00,M1,52.0,0.24748709594813978,56.88681373731544,OpB
2025-02-03 18:00:00,M2,62.0,0.11174237120349412,61.382772334183414,OpC
2025-02-03 18:00:00,M3,67.0,0.07966166217176524,59.60144575784798,OpB
2025-02-03 18:00:00,M4,56.0,0.1839003583004751,61.00028311226964,OpA
2025-02-03 19:00:00,M1,48.0,0.2427722949755836,60.91348342455931,OpA
2025-02-03 19:00:00,M2,54.0,0.11033140008482871,61.86900369588262,OpC
2025-02-03 19:00:00,M3,54.0,0.0640446599232133,61.3834670809423,OpA
2025-02-03 19:00:00,M4,67.0,0.11504767217204422,60.41928792735307,OpB
2025-02-03 20:00:00,M1,51.0,0.18390893425372354,58.23322440589197,OpC
2025-02-03 20:00:00,M2,44.0,0.020361177764973096,61.16260031505512,OpB
2025-02-03 20:00:00,M3,54.0,0.18542102152536633,61.528400467739374,OpC
2025-02-03 20:00:00,M4,53.0,0.2509484847855346,62.033638937466435,OpC
2025-02-03 21:00:00,M1,47.0,0.5258007354725279,62.063992409129064,OpA
2025-02-03 21:00:00,M2,67.0,0.12676171042780773,,OpB
2025-02-03 21:00:00,M3,53.0,0.164756665024046,,OpB
2025-02-03 21:00:00,M4,49.0,0.33493053327607686,65.56793811925841,OpA
2025-02-03 22:00:00,M1,58.0,0.7541203662957654,65.57213056367057,OpA
2025-02-03 22:00:00,M2,46.0,0.6223658120224829,66.14787943495195,OpB
2025-02-03 22:00:00,M3,50.0,0.35251334607681956,65.814457977421,OpA
2025-02-03 22:00:00,M4,49.0,0.3742605398060006,64.22402960388901,OpC
2025-02-03 23:00:00,M1,58.0,0.5327740086785262,67.06094308797185,OpB
2025-02-03 23:00:00,M2,57.0,0.3471668072785835,70.15031672867129,OpC
2025-02-03 23:00:00,M3,52.0,0.16109004100772573,65.52551809386283,OpC
2025-02-03 23:00:00,M4,48.0,0.664181027647881,67.48480577564295,OpC
2025-02-04 00:00:00,M1,42.0,0.11591466422077625,68.09420431070497,OpC
2025-02-04 00:00:00,M2,52.0,0.3576462082089301,70.61709803482763,OpB
2025-02-04 00:00:00,M3,65.0,0.3643277444588819,72.3123946816092,OpB
2025-02-04 00:00:00,M4,46.0,0.3435614562082357,70.94920087776869,OpC
2025-02-04 01:00:00,M1,,0.5765375567258846,72.3128932275353,OpA
2025-02-04 01:00:00,M2,54.0,0.19748723069211235,72.84671554824406,OpC
2025-02-04 01:00:00,M3,44.0,0.18577454777237135,72.76257584237868,OpB
2025-02-04 01:00:00,M4,56.0,0.22032011294663756,,OpA
2025-02-04 02:00:00,M1,52.0,0.1789349794576229,73.49952868758005,OpB
2025-02-04 02:00:00,M2,38.0,0.33116624285691876,76.04952062859034,OpB
2025-02-04 02:00:00,M3,54.0,0.1752035835430849,76.25407843872907,OpA
2025-02-04 02:00:00,M4,49.0,0.5871185998948862,75.56918307183655,OpC
2025-02-04 03:00:00,M1,54.0,0.1208403814935597,80.00398718356314,OpA
2025-02-04 03:00:00,M2,48.0,0.3454179857640141,77.03447298195445,OpA
2025-02-04 03:00:00,M3,44.0,0.4638715522369696,77.44717802336714,OpA
2025-02-04 03:00:00,M4,56.0,0.13755284347269892,79.3642134852497,OpC
2025-02-04 04:00:00,M1,38.0,0.25092793549572073,79.80586011138213,OpC
2025-02-04 04:00:00,M2,52.0,0.3900421235493674,77.42740237181944,OpC
2025-02-04 04:00:00,M3,52.0,0.19099000418838788,79.86038979545474,OpC
2025-02-04 04:00:00,M4,43.0,0.32550082220504256,83.8020235705959,OpA
2025-02-04 05:00:00,M1,51.0,0.19288782450538697,82.7088439530772,OpB
2025-02-04 05:00:00,M2,47.0,0.6741440439009028,79.5271753244315,OpA
2025-02-04 05:00:00,M3,66.0,0.14246397255928844,79.01065436599545,OpA
2025-02-04 05:00:00,M4,44.0,0.1590493850091349,80.24301507176472,OpA
2025-02-04 06:00:00,M1,53.0,0.25307634834459336,76.59879730173058,OpC
2025-02-04 06:00:00,M2,50.0,0.3362930986092337,77.81830565275402,OpB
2025-02-04 06:00:00,M3,58.0,,78.3053742687804,OpC
2025-02-04 06:00:00,M4,43.0,0.11844118747554287,84.02310808192776,OpA
2025-02-04 07:00:00,M1,49.0,,81.13218871368042,OpB
2025-02-04 07:00:00,M2,55.0,0.14315540880233227,81.62859541616022,OpC
2025-02-04 07:00:00,M3,41.0,0.18124852421826476,77.63330767076683,OpC
2025-02-04 07:00:00,M4,70.0,0.01105194600159983,78.37439963202014,OpC
2025-02-04 08:00:00,M1,58.0,0.25718640039517854,79.33778200138475,OpB
2025-02-04 08:00:00,M2,63.0,0.4326170314252143,81.4286302480932,OpC
2025-02-04 08:00:00,M3,60.0,0.32989267245821896,74.30040534894374,OpC
2025-02-04 08:00:00,M4,48.0,0.5957457366054254,78.50623303241419,OpA
2025-02-04 09:00:00,M1,45.0,0.5522647401568741,77.72327003154693,OpA
2025-02-04 09:00:00,M2,40.0,,75.47989378610164,OpB
2025-02-04 09:00:00,M3,50.0,0.15616880644919443,79.54535773566332,OpA
2025-02-04 09:00:00,M4,52.0,0.035750144680870934,78.45637883903106,OpA
2025-02-04 10:00:00,M1,50.0,0.22188277099472456,75.15562773478962,OpA
2025-02-04 10:00:00,M2,56.0,0.32943183546393856,76.29325301120461,OpC
2025-02-04 10:00:00,M3,49.0,0.1777498332587535,73.8309066397471,OpA
2025-02-04 10:00:00,M4,51.0,0.12356210373706175,73.1714900793911,OpA
2025-02-04 11:00:00,M1,38.0,0.28634930134175973,73.29086214682702,OpA
2025-02-04 11:00:00,M2,65.0,,74.46436320988394,OpA
2025-02-04 11:00:00,M3,50.0,0.07030060829766285,74.69755959365489,OpA
2025-02-04 11:00:00,M4,46.0,0.27538526686313863,73.67490867122869,OpC
2025-02-04 12:00:00,M1,54.0,0.2230954950425827,68.45793055367321,OpB
2025-02-04 12:00:00,M2,46.0,0.24673658247904642,70.21871861754308,OpB
2025-02-04 12:00:00,M3,54.0,0.2431574132784036,68.74614675261014,OpC
2025-02-04 12:00:00,M4,48.0,0.3055479060136335,69.99073772624972,OpB
2025-02-04 13:00:00,M1,,0.17036196788144534,65.18275233314274,OpB
2025-02-04 13:00:00,M2,52.0,0.2027708541942368,66.38241382614927,OpC
2025-02-04 13:00:00,M3,60.0,0.43052830832636463,67.32245735787342,OpA
2025-02-04 13:00:00,M4,55.0,0.276951484503869,69.36902914911273,OpB
2025-02-04 14:00:00,M1,47.0,0.12530336812161913,63.88267417281204,OpB
2025-02-04 14:00:00,M2,47.0,0.5082553114487938,65.28974295944427,OpA
2025-02-04 14:00:00,M3,,0.265580781400199,64.59598849760532,OpB
2025-02-04 14:00:00,M4,57.0,0.5225142944630339,68.04805441829734,OpA
2025-02-04 15:00:00,M1,50.0,0.5233553328894804,62.555277198381674,OpC
2025-02-04 15:00:00,M2,45.0,0.3232451440347017,60.78013482029936,OpB
2025-02-04 15:00:00,M3,46.0,0.30643705707038404,64.23009391146488,OpC
2025-02-04 15:00:00,M4,49.0,0.39188454323656313,61.86416244038604,OpC
2025-02-04 16:00:00,M1,,0.3930046217862951,62.41411823916016,OpC
2025-02-04 16:00:00,M2,42.0,0.30497356157075034,65.31978963349697,OpB
2025-02-04 16:00:00,M3,49.0,0.47985282515939703,62.64967739159686,OpB
2025-02-04 16:00:00,M4,47.0,0.1938655489988108,62.44266115896126,OpC
2025-02-04 17:00:00,M1,52.0,0.06331925317639335,61.11044677446079,OpC
2025-02-04 17:00:00,M2,,0.3542842050343886,59.597677947215594,OpB
2025-02-04 17:00:00,M3,51.0,0.2699325714232692,60.3477777622625,OpC
2025-02-04 17:00:00,M4,52.0,0.27289670529361376,62.20277667020387,OpC
2025-02-04 18:00:00,M1,49.0,0.3626079456809244,59.660178200055135,OpA
2025-02-04 18:00:00,M2,50.0,0.2003386133044951,59.50254833169764,OpA
2025-02-04 18:00:00,M3,52.0,0.36006043507368546,59.002981735251986,OpB
2025-02-04 18:00:00,M4,51.0,0.07984061964160158,63.42813652569951,OpB
2025-02-04 19:00:00,M1,40.0,0.2302508355426663,63.96130116869812,OpB
2025-02-04 19:00:00,M2,,0.13369613554017315,63.67420134918197,OpA
2025-02-04 19:00:00,M3,47.0,0.5488395736135203,57.509975541042714,OpB
2025-02-04 19:00:00,M4,61.0,0.19470152704265728,,OpB
2025-02-04 20:00:00,M1,42.0,0.1687945636867547,65.01356691765484,OpA
2025-02-04 20:00:00,M2,54.0,0.13213185483721585,64.0396539728591,OpB
2025-02-04 20:00:00,M3,67.0,0.1747897873353594,64.91376452764608,OpA
2025-02-04 20:00:00,M4,47.0,0.31513774746088685,62.1729788958625,OpC
2025-02-04 21:00:00,M1,56.0,0.12833641288897465,60.22744558171116,OpC
2025-02-04 21:00:00,M2,55.0,0.17652419631113295,59.46003744476701,OpC
2025-02-04 21:00:00,M3,43.0,0.3608809124438041,66.50777425080567,OpA
2025-02-04 21:00:00,M4,53.0,0.26243886473767647,59.47863360671062,OpC
2025-02-04 22:00:00,M1,36.0,0.11982932774537507,66.47394813219518,OpB
2025-02-04 22:00:00,M2,47.0,0.26020545317360905,65.64142383214667,OpC
2025-02-04 22:00:00,M3,54.0,0.5051419960613096,66.55119016601091,OpC
2025-02-04 22:00:00,M4,44.0,0.0984080705715531,64.70182673584308,OpC
2025-02-04 23:00:00,M1,52.0,0.4663521380297927,,OpC
2025-02-04 23:00:00,M2,55.0,0.16130899988594316,64.72300968923776,OpB
2025-02-04 23:00:00,M3,47.0,0.17286892117145383,68.48473088040977,OpB
2025-02-04 23:00:00,M4,50.0,0.3027059963177496,68.80603891135397,OpA
2025-02-05 00:00:00,M1,,0.2750868059273172,72.11113858349734,OpA
2025-02-05 00:00:00,M2,53.0,0.4050177781801347,71.09560231834816,OpA
2025-02-05 00:00:00,M3,50.0,0.27723298890838205,67.53754244615065,OpB
2025-02-05 00:00:00,M4,46.0,0.2009573239993054,72.89464700386532,OpB
2025-02-05 01:00:00,M1,47.0,0.209978736099925,71.22715564205336,OpC
2025-02-05 01:00:00,M2,48.0,0.16443720392052613,70.64214691672464,OpB
2025-02-05 01:00:00,M3,46.0,0.19310517635536278,73.47494725778579,OpC
2025-02-05 01:00:00,M4,46.0,0.1491396381644603,72.20508459185407,OpC
2025-02-05 02:00:00,M1,45.0,0.1793029962740225,75.35136543620642,OpB
2025-02-05 02:00:00,M2,,0.2554500237557656,72.92923520984624,OpC
2025-02-05 02:00:00,M3,41.0,0.3093139309147925,75.24183590914686,OpC
2025-02-05 02:00:00,M4,54.0,0.38912072192234937,74.31756159951301,OpB
2025-02-05 03:00:00,M1,48.0,0.257645444265107,81.00949650728128,OpA
2025-02-05 03:00:00,M2,52.0,0.39593555722676066,75.79265080627295,OpB
2025-02-05 03:00:00,M3,37.0,0.10583997291585312,77.88341155017451,OpC
2025-02-05 03:00:00,M4,57.0,0.5121483273092148,74.07995151449671,OpA
2025-02-05 04:00:00,M1,49.0,0.10257954916817069,71.89704808380162,OpA
2025-02-05 04:00:00,M2,51.0,0.26874439792485044,77.41631769356961,OpC
2025-02-05 04:00:00,M3,62.0,0.3067125123069571,76.34258001611525,OpA
2025-02-05 04:00:00,M4,51.0,0.31273883027520927,80.04874678281298,OpB
2025-02-05 05:00:00,M1,40.0,0.24466865174132374,78.59897906643675,OpA
2025-02-05 05:00:00,M2,63.0,0.5161879965792865,79.41906354990005,OpC
2025-02-05 05:00:00,M3,44.0,0.42735340683427875,81.80703797147328,OpA
2025-02-05 05:00:00,M4,46.0,0.09955610393879812,80.2033776588606,OpB
2025-02-05 06:00:00,M1,51.0,0.33897559731670646,80.31728751206094,OpB
2025-02-05 06:00:00,M2,50.0,0.28558119164890183,80.38339208824141,OpB
2025-02-05 06:00:00,M3,57.0,,80.9149169114647,OpA
2025-02-05 06:00:00,M4,53.0,0.16231489148711573,79.37576391338892,OpB
2025-02-05 07:00:00,M1,56.0,0.145974871391892,81.57068684552405,OpC
2025-02-05 07:00:00,M2,45.0,0.2027176196773586,79.18061431478934,OpA
2025-02-05 07:00:00,M3,61.0,0.30570720862773704,80.28239639768341,OpA
2025-02-05 07:00:00,M4,54.0,0.14150679264960353,82.8310736292609,OpB
2025-02-05 08:00:00,M1,,0.4243314645330829,81.8908193588221,OpC
2025-02-05 08:00:00,M2,47.0,0.13711442953871902,79.9154511612118,OpA
2025-02-05 08:00:00,M3,54.0,0.6501659506098988,78.41287633653123,OpC
2025-02-05 08:00:00,M4,52.0,0.3733308854341756,78.31868836265708,OpA
2025-02-05 09:00:00,M1,44.0,0.1912170603808805,73.36613417141861,OpC
2025-02-05 09:00:00,M2,45.0,0.39306396805691424,75.54118587153,OpC
2025-02-05 09:00:00,M3,61.0,0.19845048223504613,78.37994591554785,OpA
2025-02-05 09:00:00,M4,56.0,0.11386313315920239,75.82924173996018,OpA
2025-02-05 10:00:00,M1,,0.28164893335277863,73.61029201260955,OpA
2025-02-05 10:00:00,M2,52.0,0.3794140640781304,75.972158414159,OpC
2025-02-05 10:00:00,M3,46.0,0.2736309503215567,,OpC
2025-02-05 10:00:00,M4,48.0,0.14063225831057252,74.68633133390122,OpC
2025-02-05 11:00:00,M1,54.0,0.21784775059856648,73.78986263662568,OpA
2025-02-05 11:00:00,M2,52.0,0.2345622889234664,78.85107799569356,OpB
2025-02-05 11:00:00,M3,49.0,0.5692434108702803,,OpC
2025-02-05 11:00:00,M4,51.0,0.22435230527580416,,OpB
2025-02-05 12:00:00,M1,56.0,0.16115415683948545,68.54076071096017,OpC
2025-02-05 12:00:00,M2,52.0,0.0382316165102047,71.842423722343,OpB
2025-02-05 12:00:00,M3,52.0,0.44500480678687315,68.26195662017376,OpB
2025-02-05 12:00:00,M4,49.0,0.16938771271622935,68.87097305114186,OpC
2025-02-05 13:00:00,M1,48.0,0.30064539656499567,67.78961968978429,OpA
2025-02-05 13:00:00,M2,34.0,0.36316783304767225,67.13546637815173,OpC
2025-02-05 13:00:00,M3,52.0,0.41624746800676504,71.38722193894189,OpB
2025-02-05 13:00:00,M4,43.0,0.33634176144949535,69.09381803544412,OpA
2025-02-05 14:00:00,M1,50.0,0.04564194885473477,66.2304013489056,OpA
2025-02-05 14:00:00,M2,55.0,0.21725399068166795,61.21296764465354,OpB
2025-02-05 14:00:00,M3,43.0,0.1328001963683031,65.13036685076692,OpA
2025-02-05 14:00:00,M4,,0.22258271413371358,66.25754355135324,OpC
2025-02-05 15:00:00,M1,51.0,0.35368325009107926,60.8500022141467,OpB
2025-02-05 15:00:00,M2,49.0,0.19271024178196525,66.0799728161222,OpC
2025-02-05 15:00:00,M3,56.0,0.3663816335011105,64.79782188345251,OpC
2025-02-05 15:00:00,M4,47.0,0.2929965667272148,63.68316576480622,OpC
2025-02-05 16:00:00,M1,64.0,,59.5346270971296,OpA
2025-02-05 16:00:00,M2,45.0,0.2852026168110563,62.670278379584616,OpB
2025-02-05 16:00:00,M3,46.0,0.47112147075861754,60.18926359459582,OpA
2025-02-05 16:00:00,M4,55.0,0.4099924252278095,59.71283253637392,OpC
2025-02-05 17:00:00,M1,48.0,0.28739684721839304,61.13571923513899,OpA
2025-02-05 17:00:00,M2,46.0,0.6053124277496121,61.99318987930868,OpC
2025-02-05 17:00:00,M3,55.0,0.3140334184899405,61.65185699491105,OpB
2025-02-05 17:00:00,M4,42.0,0.3074646425960244,60.463081814693695,OpC
2025-02-05 18:00:00,M1,41.0,0.08391784155916311,61.05318428665104,OpC
2025-02-05 18:00:00,M2,45.0,0.5497334737605925,59.02844998001604,OpC
2025-02-05 18:00:00,M3,53.0,0.2552158060562462,59.51539012278237,OpC
2025-02-05 18:00:00,M4,39.0,0.5745097319852115,62.104497908674865,OpB
2025-02-05 19:00:00,M1,45.0,,63.504309059825715,OpA
2025-02-05 19:00:00,M2,50.0,0.20171366001066784,59.61704819310039,OpA
2025-02-05 19:00:00,M3,52.0,0.12298594031942736,62.892652372702564,OpC
2025-02-05 19:00:00,M4,46.0,0.1137300835100621,,OpC
2025-02-05 20:00:00,M1,56.0,,,OpB
2025-02-05 20:00:00,M2,51.0,0.27517654449668116,60.317929397027875,OpA
2025-02-05 20:00:00,M3,47.0,0.02474637420154471,62.222644134668926,OpA
2025-02-05 20:00:00,M4,57.0,0.23165945086237222,63.72426306546962,OpB
2025-02-05 21:00:00,M1,38.0,0.2813072907260494,64.68097444808498,OpC
2025-02-05 21:00:00,M2,36.0,0.4005304121239262,61.12892054733503,OpB
2025-02-05 21:00:00,M3,42.0,0.31174600646435063,59.89539150605556,OpB
2025-02-05 21:00:00,M4,62.0,0.37809878826639404,64.19839872061435,OpB
2025-02-05 22:00:00,M1,47.0,0.4154017524813259,63.75851205863309,OpB
2025-02-05 22:00:00,M2,50.0,0.18312793720756948,67.28175935663324,OpC
2025-02-05 22:00:00,M3,54.0,0.08180022181619019,69.49462405584056,OpB
2025-02-05 22:00:00,M4,60.0,0.47892146965975,66.9545578049326,OpC
2025-02-05 23:00:00,M1,55.0,0.4488777476175679,66.64347143209275,OpB
2025-02-05 23:00:00,M2,39.0,0.4364889575282954,64.45352609236045,OpB
2025-02-05 23:00:00,M3,49.0,0.40425233043686376,67.41732135465084,OpB
2025-02-05 23:00:00,M4,53.0,0.33445456609612345,70.89140826428785,OpC
2025-02-06 00:00:00,M1,58.0,0.4680911353834941,71.29357834784685,OpA
2025-02-06 00:00:00,M2,49.0,0.22191816991919666,69.02590376760841,OpB
2025-02-06 00:00:00,M3,58.0,,71.85513555778478,OpA
2025-02-06 00:00:00,M4,56.0,0.23450566861065242,72.96642265132911,OpC
2025-02-06 01:00:00,M1,32.0,0.36426930028495,70.96998184706698,OpA
2025-02-06 01:00:00,M2,42.0,0.4262805140407006,73.30737101519676,OpB
2025-02-06 01:00:00,M3,54.0,0.24686417432188562,71.45213980961171,OpA
2025-02-06 01:00:00,M4,44.0,0.3395284504928309,72.33575028240983,OpB
2025-02-06 02:00:00,M1,47.0,0.2018243854964364,78.1607240335434,OpA
2025-02-06 02:00:00,M2,42.0,0.3481169300939881,75.3250961273473,OpC
2025-02-06 02:00:00,M3,66.0,0.37706120100814494,75.20604000811791,OpB
2025-02-06 02:00:00,M4,57.0,0.16763604296540371,72.94830807774414,OpB
2025-02-06 03:00:00,M1,47.0,0.17688774574043095,79.63491392053551,OpB
2025-02-06 03:00:00,M2,38.0,0.20925536699662203,77.64308118520043,OpB
2025-02-06 03:00:00,M3,50.0,0.11581912123782767,77.08226032016398,OpA
2025-02-06 03:00:00,M4,53.0,0.35615589364104594,79.03366976108333,OpC
2025-02-06 04:00:00,M1,59.0,,73.62803526548608,OpB
2025-02-06 04:00:00,M2,54.0,0.36851622167241654,79.09212149194093,OpC
2025-02-06 04:00:00,M3,63.0,0.6154932531559147,74.26099359579547,OpA
2025-02-06 04:00:00,M4,53.0,0.2467303622556309,79.6063835637729,OpA
2025-02-06 05:00:00,M1,49.0,0.08880675258742114,79.85423778937806,OpB
2025-02-06 05:00:00,M2,47.0,0.2604382445393078,81.15479581078155,OpA
2025-02-06 05:00:00,M3,60.0,0.31578308482447875,81.58793289314801,OpA
2025-02-06 05:00:00,M4,49.0,0.2724755577156759,80.89457212218039,OpC
2025-02-06 06:00:00,M1,,0.4772989101823479,80.14925950836991,OpA
2025-02-06 06:00:00,M2,47.0,0.3700549573924785,79.18477664397066,OpB
2025-02-06 06:00:00,M3,54.0,0.4552262585248746,78.37883072858936,OpB
2025-02-06 06:00:00,M4,40.0,0.2554514447535033,78.90260949334696,OpA
2025-02-06 07:00:00,M1,56.0,0.060198635449937477,83.7342012059797,OpB
2025-02-06 07:00:00,M2,36.0,0.3958071750071809,79.2066131471797,OpC
2025-02-06 07:00:00,M3,43.0,0.2547841796668327,80.72250273850108,OpC
2025-02-06 07:00:00,M4,65.0,0.41053248817752164,81.00125220211528,OpC
2025-02-06 08:00:00,M1,55.0,0.4036235637873062,78.87468924148668,OpA
2025-02-06 08:00:00,M2,52.0,,78.09661045388599,OpA
2025-02-06 08:00:00,M3,59.0,0.0187684190939897,81.30129377035951,OpA
2025-02-06 08:00:00,M4,51.0,0.4548767507601762,76.05080828854821,OpC
2025-02-06 09:00:00,M1,44.0,0.1918173417734129,77.62803273217801,OpB
2025-02-06 09:00:00,M2,50.0,0.4619521365803714,79.03066229683171,OpC
2025-02-06 09:00:00,M3,50.0,0.09038033950309678,77.18305090782704,OpB
2025-02-06 09:00:00,M4,55.0,0.43562121336758297,79.09871852982101,OpA
2025-02-06 10:00:00,M1,64.0,0.11843540984402959,76.98011728121597,OpB
2025-02-06 10:00:00,M2,45.0,0.10899561489890552,74.37374655247484,OpA
2025-02-06 10:00:00,M3,53.0,0.5931578201074311,74.24443641539983,OpA
2025-02-06 10:00:00,M4,59.0,0.3220959738011673,72.59170734941539,OpB
2025-02-06 11:00:00,M1,54.0,0.10733012178766631,68.07738156856816,OpA
2025-02-06 11:00:00,M2,56.0,0.16301343488178185,74.25263277687932,OpA
2025-02-06 11:00:00,M3,50.0,0.29257824360953844,72.08928621440745,OpA
2025-02-06 11:00:00,M4,52.0,0.404150747780089,73.45795109136638,OpC
2025-02-06 12:00:00,M1,48.0,,69.39289578126007,OpA
2025-02-06 12:00:00,M2,42.0,0.36196490148074156,66.919054242201,OpC
2025-02-06 12:00:00,M3,47.0,,74.83187945904139,OpA
2025-02-06 12:00:00,M4,,0.4180835214146607,70.74306450166102,OpC
2025-02-06 13:00:00,M1,51.0,0.24770638148878038,68.5228398945117,OpC
2025-02-06 13:00:00,M2,49.0,0.2716468246415134,,OpC
2025-02-06 13:00:00,M3,55.0,0.20560698040460532,64.93250803039793,OpC
2025-02-06 13:00:00,M4,46.0,0.21260269218414485,69.92343200427554,OpC
2025-02-06 14:00:00,M1,56.0,0.685930239142161,65.89231732846265,OpC
2025-02-06 14:00:00,M2,53.0,0.2175266097126054,64.91397337987662,OpC
2025-02-06 14:00:00,M3,52.0,0.14444859575865807,66.81948903775037,OpB
2025-02-06 14:00:00,M4,56.0,,63.80347993116571,OpA
2025-02-06 15:00:00,M1,68.0,0.26522825436299424,60.21658464970099,OpA
2025-02-06 15:00:00,M2,41.0,0.1611406795803172,63.38699883776471,OpC
2025-02-06 15:00:00,M3,40.0,0.20849292836154748,63.909597423104785,OpC
2025-02-06 15:00:00,M4,61.0,0.44661750542973194,67.32130872336006,OpA
2025-02-06 16:00:00,M1,55.0,0.059333972391482526,60.48799971884238,OpC
2025-02-06 16:00:00,M2,51.0,,58.8474261464258,OpC
2025-02-06 16:00:00,M3,36.0,0.3248362551728717,61.54421455705056,OpA
2025-02-06 16:00:00,M4,41.0,0.44110542167290434,61.51785390966514,OpB
2025-02-06 17:00:00,M1,44.0,0.46843909751988083,,OpB
2025-02-06 17:00:00,M2,46.0,0.4140521458392042,59.74880211487933,OpC
2025-02-06 17:00:00,M3,41.0,0.23205116834261919,62.02614819946684,OpB
2025-02-06 17:00:00,M4,57.0,0.42857124638776295,62.31689879236701,OpA
2025-02-06 18:00:00,M1,50.0,0.10363677537049912,58.75397644344475,OpA
2025-02-06 18:00:00,M2,52.0,0.3542316876185269,59.32900627184691,OpA
2025-02-06 18:00:00,M3,46.0,,60.43938747024096,OpA
2025-02-06 18:00:00,M4,49.0,0.15533102636071816,63.02438939263075,OpA
2025-02-06 19:00:00,M1,57.0,,60.125496901290425,OpB
2025-02-06 19:00:00,M2,41.0,0.5691068767540848,61.15108254498634,OpA
2025-02-06 19:00:00,M3,48.0,0.40326985872471616,59.75466786774905,OpC
2025-02-06 19:00:00,M4,51.0,0.3328949354687294,60.289536469633084,OpB
2025-02-06 20:00:00,M1,54.0,0.15953463542891808,60.65566445117878,OpA
2025-02-06 20:00:00,M2,41.0,0.15252418369570456,61.543705585314065,OpB
2025-02-06 20:00:00,M3,49.0,,62.437442351189965,OpB
2025-02-06 20:00:00,M4,52.0,0.0773574815144267,59.817933975830435,OpC
2025-02-06 21:00:00,M1,41.0,0.24388155484989749,61.424226981012104,OpC
2025-02-06 21:00:00,M2,47.0,0.25069436149057106,62.45803091484051,OpB
2025-02-06 21:00:00,M3,58.0,0.46880015464202696,61.90462417221626,OpA
2025-02-06 21:00:00,M4,51.0,0.12802010050497742,62.9116472381183,OpB
2025-02-06 22:00:00,M1,57.0,0.19618855652382822,65.15760341167648,OpB
2025-02-06 22:00:00,M2,40.0,,67.86209681928011,OpA
2025-02-06 22:00:00,M3,43.0,0.09953870505146097,65.5885894957703,OpA
2025-02-06 22:00:00,M4,57.0,0.24469538182240752,67.18673000894532,OpC
2025-02-06 23:00:00,M1,50.0,0.19570561749318655,67.49526056318889,OpA
2025-02-06 23:00:00,M2,53.0,0.5313036313522472,68.67304595875093,OpC
2025-02-06 23:00:00,M3,57.0,0.27113399857061427,67.73051040350578,OpA
2025-02-06 23:00:00,M4,46.0,,64.20262611839414,OpC
2025-02-07 00:00:00,M1,58.0,0.5569298681502279,63.69919035197671,OpB
2025-02-07 00:00:00,M2,53.0,0.3465551373386405,71.48306392936013,OpB
2025-02-07 00:00:00,M3,63.0,0.10522876724155067,71.73562626588749,OpA
2025-02-07 00:00:00,M4,58.0,0.30997978858642167,75.66458045640849,OpA
2025-02-07 01:00:00,M1,53.0,0.5034783931363537,73.66031750735631,OpC
2025-02-07 01:00:00,M2,52.0,0.5693917604705792,75.41442998768568,OpC
2025-02-07 01:00:00,M3,58.0,0.12145105050354908,74.81945553553355,OpA
2025-02-07 01:00:00,M4,47.0,0.18939114147807107,76.6138216301864,OpA
2025-02-07 02:00:00,M1,49.0,0.27875388279921437,,OpA
2025-02-07 02:00:00,M2,53.0,0.2681617590885409,,OpA
2025-02-07 02:00:00,M3,59.0,0.19481882627855038,74.21840454195663,OpB
2025-02-07 02:00:00,M4,42.0,0.2709498291466691,76.59397460729716,OpC
2025-02-07 03:00:00,M1,38.0,0.2785275637217856,76.40525679798631,OpC
2025-02-07 03:00:00,M2,44.0,0.14685518826334715,77.24960077999137,OpA
2025-02-07 03:00:00,M3,55.0,0.07231487646246014,79.14380953191207,OpB
2025-02-07 03:00:00,M4,44.0,0.04967583556199688,74.96280163457783,OpA
2025-02-07 04:00:00,M1,49.0,0.36889049767744975,77.26539300957384,OpA
2025-02-07 04:00:00,M2,37.0,0.16660575911010678,78.536259879419,OpA
2025-02-07 04:00:00,M3,53.0,0.10539892472792117,82.23690487469713,OpB
2025-02-07 04:00:00,M4,43.0,0.5694410795399915,75.52512944747403,OpC
2025-02-07 05:00:00,M1,,0.46782073359826754,79.67838539810805,OpB
2025-02-07 05:00:00,M2,52.0,0.12311722550754556,77.87389653669985,OpB
2025-02-07 05:00:00,M3,43.0,0.25409978125850247,79.52201016998735,OpA
2025-02-07 05:00:00,M4,51.0,0.12568161002774222,80.01305623840867,OpC
2025-02-07 06:00:00,M1,55.0,0.14615049685515294,77.35690641199686,OpA
2025-02-07 06:00:00,M2,,0.27055451300145406,79.38790321722152,OpC
2025-02-07 06:00:00,M3,35.0,0.11988748781057201,79.42300319120172,OpA
2025-02-07 06:00:00,M4,46.0,0.40153755545968256,84.36016802790067,OpB
2025-02-07 07:00:00,M1,42.0,0.2422760283601932,81.21518404268528,OpA
2025-02-07 07:00:00,M2,55.0,0.20780940943365994,75.33021824999668,OpB
2025-02-07 07:00:00,M3,49.0,0.4683429608569474,82.84061539761943,OpB
2025-02-07 07:00:00,M4,42.0,0.38429430305611423,74.98262209199635,OpC
2025-02-07 08:00:00,M1,37.0,0.1747878916277382,78.89945315939826,OpC
2025-02-07 08:00:00,M2,54.0,0.16855867091630408,78.08783692578471,OpC
2025-02-07 08:00:00,M3,56.0,0.11930418529538359,78.02028846129976,OpB
2025-02-07 08:00:00,M4,,0.5388698503862062,77.90549531605967,OpC
2025-02-07 09:00:00,M1,58.0,0.08631854236210637,75.57559369723184,OpC
2025-02-07 09:00:00,M2,46.0,0.2543428344118004,73.78809579323354,OpC
2025-02-07 09:00:00,M3,,0.3670385285855349,81.43682382400348,OpC
2025-02-07 09:00:00,M4,50.0,0.251714761387291,74.98422259297722,OpC
2025-02-07 10:00:00,M1,55.0,,77.35177694044157,OpB
2025-02-07 10:00:00,M2,58.0,0.14159392969069923,74.95864399607225,OpB
2025-02-07 10:00:00,M3,52.0,0.5641859313707073,76.66025196080594,OpC
2025-02-07 10:00:00,M4,47.0,0.5331037916003356,74.37769333082265,OpC
2025-02-07 11:00:00,M1,,0.5687053299317815,72.6347215885863,OpC
2025-02-07 11:00:00,M2,59.0,0.2785768503184956,73.6854467517869,OpA
2025-02-07 11:00:00,M3,56.0,0.15442720250745293,75.4636488412875,OpA
2025-02-07 11:00:00,M4,48.0,0.5141635729558152,72.27366843598055,OpA
2025-02-07 12:00:00,M1,38.0,0.2006550131846155,68.88867466498566,OpB
2025-02-07 12:00:00,M2,45.0,0.15899999762000894,69.90686070462002,OpB
2025-02-07 12:00:00,M3,49.0,0.2524898304294514,68.81446120209799,OpA
2025-02-07 12:00:00,M4,44.0,0.1223329627848332,65.88120602375096,OpA
2025-02-07 13:00:00,M1,53.0,0.4314668216226236,66.87680581394098,OpB
2025-02-07 13:00:00,M2,44.0,0.21701941742048916,70.20857651843704,OpA
2025-02-07 13:00:00,M3,50.0,0.2893051345373529,68.50410046583161,OpB
2025-02-07 13:00:00,M4,50.0,0.7620823478351253,66.75465329334088,OpC
2025-02-07 14:00:00,M1,57.0,0.5553640861438487,65.71029146375852,OpA
2025-02-07 14:00:00,M2,50.0,0.47892097320792393,63.5135874600162,OpC
2025-02-07 14:00:00,M3,39.0,0.22428092850247225,64.84840791148115,OpA
2025-02-07 14:00:00,M4,42.0,0.19470433786714814,59.66039980329519,OpC
2025-02-07 15:00:00,M1,48.0,0.10259613135691163,61.070870738416204,OpB
2025-02-07 15:00:00,M2,49.0,,65.80247202783623,OpB
2025-02-07 15:00:00,M3,63.0,0.21474382692566035,61.88929604590862,OpB
2025-02-07 15:00:00,M4,51.0,0.36417178726178173,60.469218565803686,OpB
2025-02-07 16:00:00,M1,37.0,0.3812827996764544,62.61687901833778,OpA
2025-02-07 16:00:00,M2,51.0,0.15905452150790808,,OpA
2025-02-07 16:00:00,M3,54.0,0.10081706316455968,65.91344544764033,OpB
2025-02-07 16:00:00,M4,58.0,0.08127280589453374,59.99925548290304,OpC
2025-02-07 17:00:00,M1,59.0,0.34842560644704107,59.64290621354838,OpC
2025-02-07 17:00:00,M2,,0.1502699429670626,61.471661505217185,OpA
2025-02-07 17:00:00,M3,55.0,0.37763424141145746,60.59834473087509,OpA
2025-02-07 17:00:00,M4,45.0,0.3721638398919678,61.98351049795757,OpB
2025-02-07 18:00:00,M1,45.0,0.23563409457297596,59.53601808968856,OpB
2025-02-07 18:00:00,M2,48.0,0.18555741384482527,60.774485275195396,OpA
2025-02-07 18:00:00,M3,44.0,0.28636943906492424,,OpB
2025-02-07 18:00:00,M4,48.0,0.15055030603448294,59.677577997747285,OpA
2025-02-07 19:00:00,M1,45.0,0.5794786814986539,60.926438944379235,OpC
2025-02-07 19:00:00,M2,51.0,0.07773849716823207,55.39795525921418,OpC
2025-02-07 19:00:00,M3,49.0,0.39133112322906866,57.95922887750162,OpA
2025-02-07 19:00:00,M4,39.0,0.17630263768148227,62.41915746140725,OpB
2025-02-07 20:00:00,M1,70.0,0.4543636895953889,60.97634453138603,OpB
2025-02-07 20:00:00,M2,50.0,0.10591380811972881,58.96040184870978,OpA
2025-02-07 20:00:00,M3,56.0,0.3798638874244401,66.54238323031456,OpB
2025-02-07 20:00:00,M4,43.0,0.06606921458235994,63.48877174421257,OpA
2025-02-07 21:00:00,M1,58.0,0.20384602358738174,64.19838960635884,OpB
2025-02-07 21:00:00,M2,51.0,0.18134547651954352,66.50522605126413,OpA
2025-02-07 21:00:00,M3,57.0,0.19183761222634424,,OpC
2025-02-07 21:00:00,M4,58.0,0.19593266292505157,62.99920640775049,OpA
2025-02-07 22:00:00,M1,47.0,0.12880397988969525,66.52303219284138,OpA
2025-02-07 22:00:00,M2,47.0,0.23177540362303656,65.66835521125967,OpA
2025-02-07 22:00:00,M3,44.0,0.17919864809166522,64.4829492115045,OpA
2025-02-07 22:00:00,M4,45.0,0.027992507407886003,63.70473970480335,OpA
2025-02-07 23:00:00,M1,45.0,0.3376768504304209,67.6917041888755,OpC
2025-02-07 23:00:00,M2,49.0,0.39010278673710375,63.22338448353343,OpB
2025-02-07 23:00:00,M3,,0.45103676078166327,60.87002622030881,OpC
2025-02-07 23:00:00,M4,47.0,0.0996847467240066,67.0029335525966,OpB
2025-02-08 00:00:00,M1,51.0,0.2590396114397234,72.32102038515097,OpA
2025-02-08 00:00:00,M2,49.0,0.39502381109242357,69.2266988361009,OpA
2025-02-08 00:00:00,M3,46.0,0.2784154127941554,67.70950517898841,OpB
2025-02-08 00:00:00,M4,,0.4335717976901815,70.70917869864603,OpA
2025-02-08 01:00:00,M1,52.0,0.02574732013168573,69.30314597626149,OpB
2025-02-08 01:00:00,M2,55.0,0.10096759145953671,73.62646108864247,OpC
2025-02-08 01:00:00,M3,46.0,0.33429619977249214,73.83752763113283,OpB
2025-02-08 01:00:00,M4,47.0,0.21040539874704714,70.0644474819974,OpA
2025-02-08 02:00:00,M1,39.0,0.10982457232372773,74.88823082319796,OpA
2025-02-08 02:00:00,M2,66.0,,76.56868911754356,OpC
2025-02-08 02:00:00,M3,40.0,0.3437517751846203,76.38843090346293,OpC
2025-02-08 02:00:00,M4,49.0,0.579980226299252,77.0875677130753,OpC
2025-02-08 03:00:00,M1,44.0,0.6520933118694188,76.9315832783411,OpA
2025-02-08 03:00:00,M2,40.0,0.16651903183232952,74.47737577822096,OpA
2025-02-08 03:00:00,M3,60.0,0.1782754762657395,78.48951283522062,OpA
2025-02-08 03:00:00,M4,53.0,0.25235610634542144,76.3851312169316,OpA
2025-02-08 04:00:00,M1,46.0,0.16771565058909674,78.58682850474375,OpC
2025-02-08 04:00:00,M2,51.0,0.05922233665150065,78.41084885365302,OpA
2025-02-08 04:00:00,M3,47.0,0.2729594611905577,81.5365799837238,OpB
2025-02-08 04:00:00,M4,49.0,0.6905364099393623,78.62952333481027,OpA
2025-02-08 05:00:00,M1,39.0,0.19591646174507207,80.17315549083568,OpA
2025-02-08 05:00:00,M2,44.0,0.41098835228961267,79.82417722414453,OpA
2025-02-08 05:00:00,M3,51.0,0.17715888914097763,80.55308996994293,OpA
2025-02-08 05:00:00,M4,40.0,0.43861131119838065,77.50912587932734,OpC
2025-02-08 06:00:00,M1,40.0,0.11327103651940401,,OpC
2025-02-08 06:00:00,M2,41.0,0.39089440392879915,80.13028447328537,OpC
2025-02-08 06:00:00,M3,49.0,0.21484949626995065,80.22195902957745,OpC
2025-02-08 06:00:00,M4,54.0,0.19608740218630236,81.21487396857599,OpA
2025-02-08 07:00:00,M1,47.0,0.5254202464002242,79.24440045842313,OpA
2025-02-08 07:00:00,M2,49.0,0.16597139968977626,82.56945235281704,OpB
2025-02-08 07:00:00,M3,52.0,0.18273984875679358,79.7906924033524,OpB
2025-02-08 07:00:00,M4,49.0,0.32579796774209524,75.33526717835028,OpB
2025-02-08 08:00:00,M1,54.0,0.4276618466142167,82.69239625506809,OpB
2025-02-08 08:00:00,M2,45.0,0.06726987167734223,79.1428716967496,OpB
2025-02-08 08:00:00,M3,44.0,,77.86846862913332,OpC
2025-02-08 08:00:00,M4,49.0,0.6275158815645057,78.02036436482362,OpC
2025-02-08 09:00:00,M1,,0.13062062307191136,79.17284193699406,OpB
2025-02-08 09:00:00,M2,,0.045233078197027404,80.25754006721084,OpC
2025-02-08 09:00:00,M3,59.0,0.2096764373786878,75.95228832048524,OpB
2025-02-08 09:00:00,M4,56.0,0.5706850519999542,77.11198383709821,OpB
2025-02-08 10:00:00,M1,48.0,,69.02450051920768,OpC
2025-02-08 10:00:00,M2,36.0,0.41902723646522555,74.18028255795649,OpB
2025-02-08 10:00:00,M3,43.0,0.05371192466008451,78.84060892961078,OpA
2025-02-08 10:00:00,M4,49.0,0.4978267968388658,76.31584155312362,OpC
2025-02-08 11:00:00,M1,41.0,0.18982241204392705,71.61879037783388,OpB
2025-02-08 11:00:00,M2,54.0,0.13922699480922002,70.70779319439342,OpB
2025-02-08 11:00:00,M3,52.0,0.20915947395554885,78.379979000617,OpB
2025-02-08 11:00:00,M4,63.0,0.41809406314478453,70.77549509278174,OpA
2025-02-08 12:00:00,M1,45.0,0.19447957852131562,69.46822307146655,OpC
2025-02-08 12:00:00,M2,50.0,0.22380999106164176,66.41882298351935,OpB
2025-02-08 12:00:00,M3,34.0,0.17384969664711294,72.1818998541975,OpB
2025-02-08 12:00:00,M4,,0.20003262326649732,,OpC
2025-02-08 13:00:00,M1,47.0,0.23828908153510706,68.29610332767682,OpA
2025-02-08 13:00:00,M2,46.0,0.04607726299159102,66.46610493033153,OpC
2025-02-08 13:00:00,M3,52.0,0.1479462022780234,70.09771555257359,OpB
2025-02-08 13:00:00,M4,41.0,0.27927076030356873,67.62337373175896,OpB
2025-02-08 14:00:00,M1,38.0,0.14122636356156607,64.5040264241355,OpB
2025-02-08 14:00:00,M2,57.0,0.5305313228938547,62.727366087544624,OpB
2025-02-08 14:00:00,M3,53.0,0.2276657611061139,62.92570880306065,OpB
2025-02-08 14:00:00,M4,61.0,,66.90224391181334,OpB
2025-02-08 15:00:00,M1,53.0,0.34516699049772986,65.0037026297219,OpB
2025-02-08 15:00:00,M2,50.0,0.15262579018934289,63.068887490034534,OpA
2025-02-08 15:00:00,M3,52.0,0.11439975276085367,64.45339154591338,OpA
2025-02-08 15:00:00,M4,49.0,0.20441232012119318,62.117273423418276,OpC
2025-02-08 16:00:00,M1,50.0,0.35473083963281044,59.123836682381395,OpB
2025-02-08 16:00:00,M2,51.0,0.38211235952614064,62.41012556367704,OpC
2025-02-08 16:00:00,M3,,0.5751757756155013,61.99071659317401,OpB
2025-02-08 16:00:00,M4,45.0,0.3602131998610798,60.384990324402445,OpA
2025-02-08 17:00:00,M1,42.0,0.4664709958506869,57.65202211497441,OpA
2025-02-08 17:00:00,M2,40.0,0.21941806703520597,57.91383702799708,OpC
2025-02-08 17:00:00,M3,47.0,,59.056278043762326,OpB
2025-02-08 17:00:00,M4,46.0,0.14649423924335364,59.89430640580246,OpB
2025-02-08 18:00:00,M1,47.0,0.10730406240574344,60.664462627447904,OpB
2025-02-08 18:00:00,M2,52.0,0.15022452293494445,59.175018008355316,OpA
2025-02-08 18:00:00,M3,56.0,0.35197601804725737,56.62901110982228,OpB
2025-02-08 18:00:00,M4,51.0,0.3700944786495925,57.77822978719953,OpC
2025-02-08 19:00:00,M1,,0.11916693964243055,57.182551501404824,OpB
2025-02-08 19:00:00,M2,33.0,0.07720598187115514,60.13520604471534,OpC
2025-02-08 19:00:00,M3,43.0,0.5596293202141578,57.98933946823979,OpB
2025-02-08 19:00:00,M4,52.0,0.19117495642079502,59.5605109867187,OpA
2025-02-08 20:00:00,M1,49.0,0.03778811943100705,64.52028844836593,OpC
2025-02-08 20:00:00,M2,56.0,0.05379214504196743,61.716219606313224,OpC
2025-02-08 20:00:00,M3,58.0,0.2139174410125865,60.36000624300429,OpC
2025-02-08 20:00:00,M4,44.0,0.3000935548351395,62.77111032560415,OpB
2025-02-08 21:00:00,M1,47.0,0.6797012061861126,,OpB
2025-02-08 21:00:00,M2,38.0,0.22692928001486162,62.778224365837836,OpB
2025-02-08 21:00:00,M3,49.0,0.24094979038443343,63.160802115207694,OpC
2025-02-08 21:00:00,M4,60.0,,62.4023160242778,OpA
2025-02-08 22:00:00,M1,51.0,0.13298086543269,63.949835016482005,OpC
2025-02-08 22:00:00,M2,38.0,0.35614845200841266,63.604636886304675,OpC
2025-02-08 22:00:00,M3,57.0,0.07906280618498618,66.44385377276753,OpB
2025-02-08 22:00:00,M4,39.0,0.05426660459002987,63.47048976734537,OpC
2025-02-08 23:00:00,M1,52.0,0.2084176960475011,65.88092090016464,OpC
2025-02-08 23:00:00,M2,48.0,0.1638424363632377,68.48427966648521,OpC
2025-02-08 23:00:00,M3,48.0,0.4215811981885842,66.36679704517539,OpB
2025-02-08 23:00:00,M4,58.0,0.3204152265476981,66.77626759732728,OpB
2025-02-09 00:00:00,M1,47.0,0.15621064233836296,72.65697911052553,OpB
2025-02-09 00:00:00,M2,44.0,0.16842815262212452,72.8350134223866,OpB
2025-02-09 00:00:00,M3,58.0,,71.16348389565938,OpC
2025-02-09 00:00:00,M4,55.0,0.255059835042946,71.42725003767404,OpA
2025-02-09 01:00:00,M1,47.0,0.18885830310169083,76.85923333597704,OpC
2025-02-09 01:00:00,M2,52.0,0.35593996636601805,71.16916092305178,OpB
2025-02-09 01:00:00,M3,66.0,0.46978957489628226,73.93435016669434,OpC
2025-02-09 01:00:00,M4,60.0,0.06627207447476162,68.65456401186752,OpC
2025-02-09 02:00:00,M1,58.0,0.2404643955745133,74.69904569914611,OpA
2025-02-09 02:00:00,M2,63.0,0.4448369624157033,75.42026398917426,OpA
2025-02-09 02:00:00,M3,54.0,0.37569959202321124,75.97630565755242,OpC
2025-02-09 02:00:00,M4,38.0,0.3216707296878201,73.85583984106867,OpC
2025-02-09 03:00:00,M1,45.0,,74.96799825127073,OpA
2025-02-09 03:00:00,M2,59.0,0.3827462598805646,77.1410671158704,OpC
2025-02-09 03:00:00,M3,43.0,0.20714403054709507,77.95462721414209,OpB
2025-02-09 03:00:00,M4,70.0,0.18335277371410288,74.17399494550911,OpC
2025-02-09 04:00:00,M1,52.0,0.5755554348998103,79.34863244727178,OpA
2025-02-09 04:00:00,M2,55.0,0.1700176673862706,79.6419247858785,OpB
2025-02-09 04:00:00,M3,57.0,0.4932873182418612,77.71615298693251,OpB
2025-02-09 04:00:00,M4,44.0,0.3981036150361487,77.94239351416454,OpB
2025-02-09 05:00:00,M1,50.0,0.4521434259693141,81.48084733944344,OpC
2025-02-09 05:00:00,M2,49.0,0.09001795144611233,76.82057612676832,OpB
2025-02-09 05:00:00,M3,46.0,0.344115852486384,79.6067718876006,OpC
2025-02-09 05:00:00,M4,43.0,0.20491215553792824,81.16671548173348,OpA
2025-02-09 06:00:00,M1,57.0,0.2153412717654499,78.30966730124123,OpA
2025-02-09 06:00:00,M2,42.0,0.5600029473194139,77.62449911239312,OpA
2025-02-09 06:00:00,M3,46.0,0.4775704848591132,78.87189629319951,OpA
2025-02-09 06:00:00,M4,45.0,0.10609903308741044,78.06148097964062,OpC
2025-02-09 07:00:00,M1,58.0,0.5357566790430812,81.41967783456067,OpA
2025-02-09 07:00:00,M2,,0.007036474588049226,83.46240004725945,OpB
2025-02-09 07:00:00,M3,49.0,0.1767993459631498,76.85165550420803,OpA
2025-02-09 07:00:00,M4,52.0,0.5550765659081139,81.00962659038507,OpA
2025-02-09 08:00:00,M1,48.0,0.2718653736678827,,OpA
2025-02-09 08:00:00,M2,50.0,0.5733800525645042,79.52422856079116,OpC
2025-02-09 08:00:00,M3,60.0,,80.93968788978493,OpA
2025-02-09 08:00:00,M4,57.0,0.19709758924777512,75.31686017169525,OpC
2025-02-09 09:00:00,M1,41.0,0.13973696484816514,79.83112911473249,OpB
2025-02-09 09:00:00,M2,57.0,0.42728353269627817,79.57398466415644,OpC
2025-02-09 09:00:00,M3,51.0,0.4371460272141682,,OpB
2025-02-09 09:00:00,M4,68.0,0.07787491507866465,80.08800200040166,OpB
2025-02-09 10:00:00,M1,47.0,0.24843788236924896,76.23286252634297,OpC
2025-02-09 10:00:00,M2,61.0,0.2333974409528645,76.19781806505921,OpA
2025-02-09 10:00:00,M3,53.0,0.06759651001217977,72.79110471836881,OpB
2025-02-09 10:00:00,M4,54.0,0.5669618759642124,76.7009857144788,OpB
2025-02-09 11:00:00,M1,57.0,0.2125143100073703,72.31749973039938,OpC
2025-02-09 11:00:00,M2,46.0,0.038036826816405585,71.9816960332347,OpA
2025-02-09 11:00:00,M3,49.0,0.209687400237286,75.42990709710601,OpC
2025-02-09 11:00:00,M4,46.0,0.15658748543532958,73.33440333563254,OpB
2025-02-09 12:00:00,M1,46.0,0.09085971635104703,67.6802618031099,OpB
2025-02-09 12:00:00,M2,53.0,0.3766601419884927,68.0168742958291,OpC
2025-02-09 12:00:00,M3,44.0,0.07848250100597547,67.97369391429734,OpA
2025-02-09 12:00:00,M4,55.0,0.022761976028838758,71.87113114121017,OpC
2025-02-09 13:00:00,M1,45.0,0.26671207647967304,68.54742593021115,OpB
2025-02-09 13:00:00,M2,51.0,0.21646574847609465,66.55021490623449,OpA
2025-02-09 13:00:00,M3,48.0,0.12536147128143552,68.57934901734106,OpB
2025-02-09 13:00:00,M4,51.0,0.18818541832070815,66.44519803637752,OpB
2025-02-09 14:00:00,M1,39.0,0.44902576562426244,63.92615823507869,OpC
2025-02-09 14:00:00,M2,66.0,0.3830941914703782,63.440141250901746,OpB
2025-02-09 14:00:00,M3,,0.07253648360598113,65.51868774650822,OpB
2025-02-09 14:00:00,M4,47.0,0.28206411076644633,62.84272784957133,OpC
2025-02-09 15:00:00,M1,53.0,0.37506828015199073,62.08401967317771,OpC
2025-02-09 15:00:00,M2,55.0,0.33094625085280477,61.51202584312861,OpB
2025-02-09 15:00:00,M3,55.0,,60.70880355782288,OpA
2025-02-09 15:00:00,M4,58.0,0.1664476732696958,61.46331198194781,OpC
2025-02-09 16:00:00,M1,50.0,0.27369636270822245,61.65210158422173,OpB
2025-02-09 16:00:00,M2,41.0,0.16498597178963803,62.76223999830845,OpC
2025-02-09 16:00:00,M3,48.0,0.27695308553784503,64.24525863186321,OpC
2025-02-09 16:00:00,M4,41.0,0.08158113768729224,61.47521761961955,OpA
2025-02-09 17:00:00,M1,48.0,0.1605999096683341,61.02249114230936,OpB
2025-02-09 17:00:00,M2,62.0,0.3075627324512175,60.45159105629256,OpB
2025-02-09 17:00:00,M3,46.0,0.3140238497092121,56.91142153041232,OpA
2025-02-09 17:00:00,M4,46.0,0.2519477304032178,58.23648883156994,OpA
2025-02-09 18:00:00,M1,59.0,0.21888803837700982,59.48816823253183,OpC
2025-02-09 18:00:00,M2,52.0,0.18211061814428636,57.42392342077264,OpB
2025-02-09 18:00:00,M3,64.0,0.3318198938798387,61.20700609491307,OpB
2025-02-09 18:00:00,M4,35.0,0.2076349658383485,59.463906636267815,OpA
2025-02-09 19:00:00,M1,56.0,0.1443072990868681,65.72945167984412,OpC
2025-02-09 19:00:00,M2,57.0,0.10228006503983487,56.37370458108407,OpC
2025-02-09 19:00:00,M3,49.0,0.40474341625202553,59.50239525597303,OpA
2025-02-09 19:00:00,M4,52.0,0.5356144396088162,61.568430736167606,OpC
2025-02-09 20:00:00,M1,37.0,0.02151288227319612,61.44931783692897,OpB
2025-02-09 20:00:00,M2,60.0,0.6619854314487759,58.25312115247197,OpC
2025-02-09 20:00:00,M3,,0.3297740356608081,59.06986565029335,OpB
2025-02-09 20:00:00,M4,,0.6189639026562892,58.015661633634096,OpB
2025-02-09 21:00:00,M1,50.0,0.048891021925268306,64.25658752301476,OpB
2025-02-09 21:00:00,M2,56.0,0.21133487999063733,64.55811310159098,OpA
2025-02-09 21:00:00,M3,49.0,0.19246390288630175,65.42101763010503,OpA
2025-02-09 21:00:00,M4,52.0,0.2116116935546982,65.45758593997593,OpC
2025-02-09 22:00:00,M1,40.0,0.23587451500937376,65.2999820271506,OpB
2025-02-09 22:00:00,M2,49.0,0.21282235429994328,65.4297738601074,OpC
2025-02-09 22:00:00,M3,37.0,0.5409437592459532,66.42238385532966,OpA
2025-02-09 22:00:00,M4,42.0,0.1886776264934352,62.97646223772054,OpC
2025-02-09 23:00:00,M1,,0.3155831038598133,65.78957800133966,OpC
2025-02-09 23:00:00,M2,62.0,0.12582101994437586,66.45897784984388,OpB
2025-02-09 23:00:00,M3,51.0,0.12745623244389265,68.75698088140028,OpC
2025-02-09 23:00:00,M4,46.0,0.3281423521861005,69.8354737307245,OpA
2025-02-10 00:00:00,M1,60.0,0.24903083435486756,71.69075953798097,OpC
2025-02-10 00:00:00,M2,61.0,0.4035176446461421,71.92843109912813,OpB
2025-02-10 00:00:00,M3,,0.3110236994447337,68.59549300156324,OpB
2025-02-10 00:00:00,M4,52.0,0.1185769121049891,,OpA
2025-02-10 01:00:00,M1,48.0,0.09794464682801143,75.82495427621495,OpC
2025-02-10 01:00:00,M2,44.0,0.2207998737134854,72.62168054349698,OpA
2025-02-10 01:00:00,M3,55.0,0.24517505489427718,75.04859522238034,OpA
2025-02-10 01:00:00,M4,52.0,0.18660208148916463,71.77934857618656,OpB
2025-02-10 02:00:00,M1,65.0,0.2870011320180456,75.68393225277345,OpA
2025-02-10 02:00:00,M2,45.0,0.2849009034757378,76.61318244621394,OpA
2025-02-10 02:00:00,M3,59.0,0.17249933074327506,78.4406304982878,OpC
2025-02-10 02:00:00,M4,40.0,0.12949673793053218,72.67896866199789,OpB
2025-02-10 03:00:00,M1,41.0,0.9086089439185207,75.39632827534983,OpB
2025-02-10 03:00:00,M2,43.0,0.07723851779743272,,OpB
2025-02-10 03:00:00,M3,53.0,0.3292380447319453,75.99018190845834,OpA
2025-02-10 03:00:00,M4,62.0,0.14012131808922837,76.22200738420295,OpA
2025-02-10 04:00:00,M1,,0.20633445578484386,79.38146729473965,OpC
2025-02-10 04:00:00,M2,61.0,0.11678239485142457,80.45345401990078,OpB
2025-02-10 04:00:00,M3,56.0,0.3914728133990941,80.07568766217274,OpC
2025-02-10 04:00:00,M4,42.0,0.4030940254342345,76.53644553560204,OpB
2025-02-10 05:00:00,M1,46.0,0.12006465647959094,76.71388863802468,OpB
2025-02-10 05:00:00,M2,47.0,0.5170825494215135,,OpC
2025-02-10 05:00:00,M3,52.0,0.18693818232160972,78.75451952233966,OpC
2025-02-10 05:00:00,M4,50.0,0.3214246201671282,77.71581789785859,OpC
2025-02-10 06:00:00,M1,59.0,0.519667689589913,83.96119843630218,OpB
2025-02-10 06:00:00,M2,67.0,0.4332002329367813,84.49020549530069,OpA
2025-02-10 06:00:00,M3,43.0,0.10645499691644898,83.37867293484942,OpC
2025-02-10 06:00:00,M4,50.0,0.48775542318470705,77.79130556235155,OpB
2025-02-10 07:00:00,M1,42.0,0.6049359985584346,84.18847167162708,OpA
2025-02-10 07:00:00,M2,48.0,0.3442838218057582,,OpA
2025-02-10 07:00:00,M3,50.0,0.3862433194924322,81.63880218890714,OpB
2025-02-10 07:00:00,M4,48.0,0.2078011233052602,77.61777436564874,OpA
2025-02-10 08:00:00,M1,63.0,0.13389641314189232,78.76162933309026,OpC
2025-02-10 08:00:00,M2,53.0,0.2193368787793578,80.1809139365089,OpA
2025-02-10 08:00:00,M3,54.0,,77.90691696586825,OpB
2025-02-10 08:00:00,M4,36.0,0.055892539436225123,81.10420321966014,OpB
2025-02-10 09:00:00,M1,68.0,0.21028507588136844,78.78303233716976,OpA
2025-02-10 09:00:00,M2,50.0,0.5240953227895352,,OpA
2025-02-10 09:00:00,M3,52.0,0.3539525478433424,77.72110900344786,OpA
2025-02-10 09:00:00,M4,59.0,0.15073582655489626,,OpC
2025-02-10 10:00:00,M1,56.0,0.2671980197993787,73.00644278279923,OpB
2025-02-10 10:00:00,M2,49.0,0.3759538085456799,75.34966346114741,OpA
2025-02-10 10:00:00,M3,55.0,0.09190658233648817,,OpB
2025-02-10 10:00:00,M4,54.0,0.34412270618950086,74.55659518397674,OpC
2025-02-10 11:00:00,M1,54.0,0.5121219194411711,71.96570349806262,OpA
2025-02-10 11:00:00,M2,43.0,0.2718405328494174,72.4281705364947,OpA
2025-02-10 11:00:00,M3,52.0,0.22648554307102908,69.48570025516283,OpB
2025-02-10 11:00:00,M4,44.0,0.37720605815137,72.3103597415491,OpA
2025-02-10 12:00:00,M1,41.0,0.14841163654866504,67.66239871989724,OpB
2025-02-10 12:00:00,M2,57.0,0.038964659717404135,70.76763127480186,OpB
2025-02-10 12:00:00,M3,56.0,0.28466096842121585,68.7818433935015,OpB
2025-02-10 12:00:00,M4,42.0,0.19976969966396443,67.46386655743392,OpA
2025-02-10 13:00:00,M1,50.0,0.12704564633539478,66.47312788148109,OpA
2025-02-10 13:00:00,M2,44.0,0.24050221628245175,66.88700532267485,OpB
2025-02-10 13:00:00,M3,58.0,0.25692008306955005,67.86300088517226,OpB
2025-02-10 13:00:00,M4,45.0,,66.96815668229445,OpA
2025-02-10 14:00:00,M1,43.0,0.16430730130769808,64.64800575771432,OpB
2025-02-10 14:00:00,M2,55.0,0.24671212984388463,66.0025031527479,OpC
2025-02-10 14:00:00,M3,44.0,0.42863926129241264,64.26043811458877,OpC
2025-02-10 14:00:00,M4,45.0,0.0869757301699003,64.67765189029348,OpA
2025-02-10 15:00:00,M1,48.0,0.037411790015065,62.532836370315884,OpA
2025-02-10 15:00:00,M2,49.0,0.14627277114081313,59.4261745232496,OpC
2025-02-10 15:00:00,M3,46.0,0.36256551020571876,62.22938905518882,OpB
2025-02-10 15:00:00,M4,47.0,0.18264482675912871,60.65242104020313,OpC
2025-02-10 16:00:00,M1,39.0,0.17608869223923618,59.49308388025223,OpB
2025-02-10 16:00:00,M2,61.0,0.16486881263860245,63.181962610756734,OpB
2025-02-10 16:00:00,M3,35.0,0.23658589042247566,56.68086733198006,OpC
2025-02-10 16:00:00,M4,48.0,0.4682528925475626,61.48176981746756,OpA
2025-02-10 17:00:00,M1,40.0,0.2201599210780588,60.929496877378654,OpB
2025-02-10 17:00:00,M2,63.0,0.03312336543277783,58.37564080640165,OpB
2025-02-10 17:00:00,M3,61.0,0.05997483582784573,57.873208019221124,OpB
2025-02-10 17:00:00,M4,56.0,0.05848055521641308,60.813591636316744,OpB
2025-02-10 18:00:00,M1,58.0,0.10420899051722693,62.259172939826165,OpA
2025-02-10 18:00:00,M2,53.0,0.41232600287744103,56.701616061515296,OpB
2025-02-10 18:00:00,M3,44.0,0.28809557536776226,,OpA
2025-02-10 18:00:00,M4,42.0,0.237620755039464,60.262600446728385,OpA
2025-02-10 19:00:00,M1,63.0,0.5632263587024299,62.092534245187124,OpC
2025-02-10 19:00:00,M2,49.0,0.38595481994206654,61.144919750650615,OpA
2025-02-10 19:00:00,M3,39.0,0.4083345852965129,60.10424834661459,OpA
2025-02-10 19:00:00,M4,55.0,0.3602833768243362,63.3732915692384,OpC
2025-02-10 20:00:00,M1,44.0,0.4346973582355529,64.4377134138681,OpB
2025-02-10 20:00:00,M2,57.0,0.5809696017254707,61.95780131030688,OpC
2025-02-10 20:00:00,M3,48.0,0.16361041006812874,62.8676299438371,OpC
2025-02-10 20:00:00,M4,43.0,0.23592540980745286,61.61774441400752,OpC
2025-02-10 21:00:00,M1,53.0,0.33719235706799794,59.69354014676066,OpA
2025-02-10 21:00:00,M2,44.0,,61.55111970044023,OpC
2025-02-10 21:00:00,M3,56.0,0.5227412093787882,63.938884928455025,OpC
2025-02-10 21:00:00,M4,46.0,0.2631690492756574,59.557941992400885,OpA
2025-02-10 22:00:00,M1,55.0,0.4098380531173285,64.14993578565677,OpC
2025-02-10 22:00:00,M2,47.0,0.06343545485729563,62.73938405756841,OpC
2025-02-10 22:00:00,M3,44.0,0.2988361838821291,64.52329704061731,OpB
2025-02-10 22:00:00,M4,48.0,0.6283382993296688,68.47867027985552,OpB
2025-02-10 23:00:00,M1,46.0,0.36509381248420375,,OpA
2025-02-10 23:00:00,M2,55.0,0.3877506050956087,68.78008202084533,OpC
2025-02-10 23:00:00,M3,65.0,0.36171407724275095,67.58666065774065,OpA
2025-02-10 23:00:00,M4,73.0,0.27383538520939105,69.95449086679662,OpC
2025-02-11 00:00:00,M1,38.0,0.3576099712212651,67.54031296960103,OpC
2025-02-11 00:00:00,M2,47.0,0.02768826659230354,68.9208478237112,OpB
2025-02-11 00:00:00,M3,51.0,0.18623340144282388,71.18483316751085,OpB
2025-02-11 00:00:00,M4,40.0,0.12077434262715414,70.66116090460949,OpC
2025-02-11 01:00:00,M1,47.0,0.20040903204280144,73.03549533768715,OpC
2025-02-11 01:00:00,M2,54.0,0.10213587983414948,72.87610138695939,OpC
2025-02-11 01:00:00,M3,49.0,0.5920091946497701,74.55995599167477,OpC
2025-02-11 01:00:00,M4,44.0,0.07374306031156351,75.42847100691546,OpC
2025-02-11 02:00:00,M1,51.0,0.3720916083674477,73.16611182441838,OpB
2025-02-11 02:00:00,M2,48.0,0.19332653891792517,78.26601449417367,OpA
2025-02-11 02:00:00,M3,,0.32055410952883545,72.25971343203072,OpC
2025-02-11 02:00:00,M4,45.0,0.5226141972229648,73.00827334857917,OpB
2025-02-11 03:00:00,M1,44.0,0.09538172916323036,78.68549150690946,OpB
2025-02-11 03:00:00,M2,60.0,0.29958133770599593,75.31484344608062,OpB
2025-02-11 03:00:00,M3,41.0,0.0892597721497127,74.81108825304257,OpB
2025-02-11 03:00:00,M4,58.0,0.08486424916273491,78.51483494975811,OpC
2025-02-11 04:00:00,M1,50.0,0.49880733136758,,OpB
2025-02-11 04:00:00,M2,46.0,0.12488682599967252,81.90482767181388,OpA
2025-02-11 04:00:00,M3,52.0,0.42583505955862444,77.79589047154163,OpC
2025-02-11 04:00:00,M4,42.0,0.21655528010392888,76.45418857007489,OpA
2025-02-11 05:00:00,M1,51.0,0.087738679250741,75.48307798426244,OpB
2025-02-11 05:00:00,M2,55.0,,76.73127606259851,OpC
2025-02-11 05:00:00,M3,48.0,0.3157405322469513,79.70256842119431,OpC
2025-02-11 05:00:00,M4,55.0,0.14893287409947617,81.47766123830664,OpB
2025-02-11 06:00:00,M1,42.0,0.33055746167469685,79.02325671657314,OpA
2025-02-11 06:00:00,M2,53.0,0.11360158894693553,79.65083707953322,OpB
2025-02-11 06:00:00,M3,52.0,0.09379955438644845,81.26518170416973,OpC
2025-02-11 06:00:00,M4,,0.44061452468661455,78.22260883827154,OpB
2025-02-11 07:00:00,M1,54.0,0.1644484930667886,77.73040373069114,OpB
2025-02-11 07:00:00,M2,40.0,0.3815233103417924,80.46262423454219,OpA
2025-02-11 07:00:00,M3,55.0,0.13235359128634688,78.43680824045788,OpA
2025-02-11 07:00:00,M4,52.0,0.2387132021067205,81.54175160694828,OpB
2025-02-11 08:00:00,M1,61.0,0.24267332109403852,79.56070342246589,OpB
2025-02-11 08:00:00,M2,50.0,0.7019823773069948,79.51652341093637,OpA
2025-02-11 08:00:00,M3,56.0,0.034681134643666865,79.48959150307596,OpC
2025-02-11 08:00:00,M4,57.0,0.37190043079105617,76.8648610267278,OpC
2025-02-11 09:00:00,M1,43.0,0.15273573771065627,78.45068955765473,OpC
2025-02-11 09:00:00,M2,53.0,0.2457594090909514,73.26939902242322,OpA
2025-02-11 09:00:00,M3,32.0,0.44418231844406786,75.754216790687,OpA
2025-02-11 09:00:00,M4,32.0,,79.52873910362594,OpB
2025-02-11 10:00:00,M1,43.0,0.1813086631630519,74.3370887946374,OpB
2025-02-11 10:00:00,M2,61.0,0.11354641978457011,74.31907604199928,OpB
2025-02-11 10:00:00,M3,56.0,,78.18677579034488,OpB
2025-02-11 10:00:00,M4,49.0,0.5304667277341932,72.75410045689364,OpB
2025-02-11 11:00:00,M1,41.0,0.2608570693348951,76.57341664462537,OpC
2025-02-11 11:00:00,M2,38.0,0.2708208220218668,69.4714619255921,OpA
2025-02-11 11:00:00,M3,50.0,0.11116847649498143,70.73057246210182,OpC
2025-02-11 11:00:00,M4,,0.6433449769194939,73.39248444835938,OpC
2025-02-11 12:00:00,M1,41.0,0.1930459803370958,67.9160688476448,OpC
2025-02-11 12:00:00,M2,57.0,,69.62315111399346,OpC
2025-02-11 12:00:00,M3,53.0,0.25997732296473797,70.41714301347731,OpB
2025-02-11 12:00:00,M4,37.0,0.25536511107607107,,OpC
2025-02-11 13:00:00,M1,58.0,0.21462998361090507,62.70242402039029,OpC
2025-02-11 13:00:00,M2,50.0,0.37668140135079553,69.50657152669598,OpA
2025-02-11 13:00:00,M3,49.0,0.12748742044404215,66.45726756152513,OpC
2025-02-11 13:00:00,M4,55.0,,65.74681578431,OpC
2025-02-11 14:00:00,M1,49.0,0.13999274492092548,63.01259713918783,OpB
2025-02-11 14:00:00,M2,38.0,0.0749176299492575,69.25303518681939,OpA
2025-02-11 14:00:00,M3,49.0,0.3267466020710977,68.71783129765859,OpB
2025-02-11 14:00:00,M4,45.0,0.29420641722022484,63.428038222987446,OpC
2025-02-11 15:00:00,M1,48.0,0.278118378576233,65.13793112026384,OpB
2025-02-11 15:00:00,M2,50.0,0.07441740157782634,58.8984490690106,OpC
2025-02-11 15:00:00,M3,45.0,0.17111325841628966,63.16362166956361,OpB
2025-02-11 15:00:00,M4,64.0,0.47884629100447934,61.66647869133157,OpA
2025-02-11 16:00:00,M1,49.0,0.31680558506338596,61.39549263584855,OpC
2025-02-11 16:00:00,M2,50.0,0.3718433039301267,58.717220781178185,OpC
2025-02-11 16:00:00,M3,43.0,0.21684964195122888,60.767366582883234,OpA
2025-02-11 16:00:00,M4,39.0,0.28555263303915007,58.23512776101782,OpC
2025-02-11 17:00:00,M1,,0.10954157928620517,64.01999737742189,OpB
2025-02-11 17:00:00,M2,58.0,0.07755962067655885,60.24159826302918,OpC
2025-02-11 17:00:00,M3,43.0,0.1506260947881706,57.010364686297045,OpC
2025-02-11 17:00:00,M4,53.0,0.39419776251951544,62.63799729120925,OpA
2025-02-11 18:00:00,M1,48.0,0.8266093471207296,60.506084994196655,OpC
2025-02-11 18:00:00,M2,51.0,0.35710138911024675,58.12455400612817,OpB
2025-02-11 18:00:00,M3,40.0,0.7128238051140038,59.20622664206318,OpB
2025-02-11 18:00:00,M4,51.0,0.5032353785352489,57.53767761176048,OpA
2025-02-11 19:00:00,M1,49.0,0.4540199525572594,60.01673635359108,OpA
2025-02-11 19:00:00,M2,,0.34125149949773953,59.56289931867099,OpA
2025-02-11 19:00:00,M3,55.0,0.33117363459224036,62.78068274295784,OpA
2025-02-11 19:00:00,M4,55.0,,60.557220800572644,OpB
2025-02-11 20:00:00,M1,55.0,0.26088960644929754,57.96343719771869,OpC
2025-02-11 20:00:00,M2,59.0,0.14910885577782537,64.70673189083014,OpA
2025-02-11 20:00:00,M3,,0.14630449308432955,63.92735886061704,OpB
2025-02-11 20:00:00,M4,38.0,0.22583127023370375,58.137862997145696,OpC
2025-02-11 21:00:00,M1,35.0,0.20782805577213634,62.45519837825447,OpC
2025-02-11 21:00:00,M2,53.0,0.4073914143543281,63.00181037794783,OpA
2025-02-11 21:00:00,M3,52.0,0.5279219719100658,63.78411619272,OpC
2025-02-11 21:00:00,M4,40.0,0.15620113799898006,63.95909007413338,OpB
2025-02-11 22:00:00,M1,58.0,0.13601888260853945,59.77861882295146,OpA
2025-02-11 22:00:00,M2,57.0,0.20238073361448983,66.3598576319699,OpA
2025-02-11 22:00:00,M3,42.0,0.30295197958656306,66.82627903934339,OpC
2025-02-11 22:00:00,M4,38.0,0.3118075992707642,62.14716321044465,OpA
2025-02-11 23:00:00,M1,60.0,0.40018387961353663,64.71853779210987,OpB
2025-02-11 23:00:00,M2,41.0,0.3433497388229682,66.90242506106289,OpC
2025-02-11 23:00:00,M3,63.0,0.14154677579077293,66.28438887336033,OpC
2025-02-11 23:00:00,M4,56.0,,66.33335733078573,OpC
2025-02-12 00:00:00,M1,52.0,0.32507374749651485,69.59351805228991,OpA
2025-02-12 00:00:00,M2,53.0,0.14842431669323172,70.10109329530749,OpA
2025-02-12 00:00:00,M3,47.0,0.39712850067850664,65.73542484956141,OpC
2025-02-12 00:00:00,M4,54.0,0.5183757353363446,70.80721880954333,OpB
2025-02-12 01:00:00,M1,49.0,0.2137759841848756,70.87434748928588,OpC
2025-02-12 01:00:00,M2,50.0,0.3541540357318982,67.95150615180896,OpA
2025-02-12 01:00:00,M3,47.0,0.0859163197181665,70.2754780088033,OpA
2025-02-12 01:00:00,M4,41.0,0.4774348269528831,70.12072100041868,OpB
2025-02-12 02:00:00,M1,49.0,0.28503720468797666,78.58433399400981,OpA
2025-02-12 02:00:00,M2,53.0,0.14093740480963007,72.85300925703648,OpB
2025-02-12 02:00:00,M3,49.0,0.027891562200371294,75.15399521778322,OpA
2025-02-12 02:00:00,M4,50.0,0.5549593727002776,76.2650831175736,OpC
2025-02-12 03:00:00,M1,44.0,0.5014417374581244,76.68859506080399,OpB
2025-02-12 03:00:00,M2,44.0,0.25368185568997453,76.02341383596178,OpB
2025-02-12 03:00:00,M3,41.0,0.1561357715519958,,OpB
2025-02-12 03:00:00,M4,50.0,0.5443178584259198,74.65797309574675,OpB
2025-02-12 04:00:00,M1,46.0,0.43284783400548116,81.97817026353698,OpA
2025-02-12 04:00:00,M2,48.0,0.2220261632274627,75.26520065925581,OpA
2025-02-12 04:00:00,M3,60.0,0.1403103036854224,78.43162954605825,OpA
2025-02-12 04:00:00,M4,44.0,0.37673319582366455,80.18471969749118,OpB
2025-02-12 05:00:00,M1,45.0,0.13735709173395652,83.31409900311002,OpA
2025-02-12 05:00:00,M2,48.0,0.5882350224662859,79.68482308187686,OpC
2025-02-12 05:00:00,M3,52.0,0.38245620771431993,83.09543247995933,OpC
2025-02-12 05:00:00,M4,56.0,0.09300246844338134,78.00368747122808,OpC
2025-02-12 06:00:00,M1,49.0,0.36338337981058294,80.81261155411043,OpA
2025-02-12 06:00:00,M2,46.0,0.3912164565022506,78.1359532484108,OpB
2025-02-12 06:00:00,M3,53.0,0.20868667550769177,79.88931261240478,OpA
2025-02-12 06:00:00,M4,,0.2099985033781443,75.18648982099062,OpA
2025-02-12 07:00:00,M1,61.0,0.29270686392088546,74.49440970611903,OpC
2025-02-12 07:00:00,M2,52.0,0.3927724042228199,79.4207931525857,OpB
2025-02-12 07:00:00,M3,38.0,0.3247635473081296,83.60406756373513,OpA
2025-02-12 07:00:00,M4,62.0,0.4126558766096758,76.45239932896463,OpB
2025-02-12 08:00:00,M1,44.0,,83.11492741310173,OpA
2025-02-12 08:00:00,M2,65.0,0.12177374527135658,79.75635433157,OpC
2025-02-12 08:00:00,M3,49.0,0.6382146869787401,80.69757254096822,OpB
2025-02-12 08:00:00,M4,51.0,0.29552070171705636,79.39765783589965,OpA
2025-02-12 09:00:00,M1,62.0,0.47503303084527926,78.14354999172544,OpB
2025-02-12 09:00:00,M2,47.0,0.3211453430303824,75.40185052280484,OpB
2025-02-12 09:00:00,M3,44.0,0.245909303777897,77.47507106321083,OpC
2025-02-12 09:00:00,M4,47.0,0.4229579173721468,81.40528812236963,OpB
2025-02-12 10:00:00,M1,50.0,0.5641157789807457,70.58185164502828,OpA
2025-02-12 10:00:00,M2,52.0,0.19138444121839351,79.55430526982317,OpC
2025-02-12 10:00:00,M3,56.0,0.24519786117050338,77.08797143383337,OpB
2025-02-12 10:00:00,M4,64.0,0.09546470295611244,76.93506267739282,OpC
2025-02-12 11:00:00,M1,50.0,0.3787911185532275,72.23578514829917,OpC
2025-02-12 11:00:00,M2,44.0,0.3356445312874366,72.94184542858363,OpC
2025-02-12 11:00:00,M3,50.0,0.2770004331456619,72.32779165623887,OpA
2025-02-12 11:00:00,M4,62.0,0.18863930914402163,73.67639564431023,OpB
2025-02-12 12:00:00,M1,50.0,0.39252241775501867,69.16842882131937,OpB
2025-02-12 12:00:00,M2,46.0,0.25066652275027795,70.1171516089742,OpA
2025-02-12 12:00:00,M3,60.0,0.1356890678998053,69.44477489017311,OpC
2025-02-12 12:00:00,M4,58.0,0.1993304284388078,69.85445831032686,OpA
2025-02-12 13:00:00,M1,43.0,0.08560316947761554,67.91666481490003,OpC
2025-02-12 13:00:00,M2,57.0,0.4437406544837027,70.14721812533708,OpB
2025-02-12 13:00:00,M3,46.0,0.34491074715281633,69.03242671091357,OpA
2025-02-12 13:00:00,M4,49.0,0.06692710210270042,67.40035538722212,OpA
2025-02-12 14:00:00,M1,62.0,0.41108989738847734,63.329063290528126,OpA
2025-02-12 14:00:00,M2,44.0,0.2159847695286908,64.65626115612437,OpB
2025-02-12 14:00:00,M3,54.0,0.436596604892826,65.2702585910146,OpA
2025-02-12 14:00:00,M4,48.0,0.34811992854306384,65.8435771581147,OpA
2025-02-12 15:00:00,M1,45.0,0.4340903924722236,65.08940054715242,OpC
2025-02-12 15:00:00,M2,48.0,0.13615258259931123,62.191562538025536,OpC
2025-02-12 15:00:00,M3,35.0,0.37203352960319536,61.54230693442714,OpC
2025-02-12 15:00:00,M4,58.0,0.2322525765821669,58.70443979523951,OpC
2025-02-12 16:00:00,M1,46.0,0.11535077719390457,58.490718874015606,OpA
2025-02-12 16:00:00,M2,61.0,,59.66341270493994,OpC
2025-02-12 16:00:00,M3,45.0,0.27871608877693926,61.95183717953686,OpC
2025-02-12 16:00:00,M4,39.0,0.33249233788548527,60.283637443900766,OpA
2025-02-12 17:00:00,M1,43.0,0.2680678209186969,59.28541173011318,OpB
2025-02-12 17:00:00,M2,47.0,0.22631819274319484,65.42816132560304,OpC
2025-02-12 17:00:00,M3,68.0,0.29558729230915104,61.82325220549706,OpC
2025-02-12 17:00:00,M4,44.0,0.18035626816418254,61.04788801729329,OpC
2025-02-12 18:00:00,M1,46.0,0.08886457000716587,57.11496864704446,OpB
2025-02-12 18:00:00,M2,51.0,0.20741357909901076,57.573839141526456,OpC
2025-02-12 18:00:00,M3,49.0,0.06108035387382016,57.16514222466321,OpC
2025-02-12 18:00:00,M4,50.0,0.27441098174928474,61.01436831906413,OpB
2025-02-12 19:00:00,M1,55.0,0.25486758623217226,59.609185089379984,OpB
2025-02-12 19:00:00,M2,51.0,0.20425437005539268,60.0885036172615,OpC
2025-02-12 19:00:00,M3,41.0,0.5808344312577911,57.68162979174209,OpC
2025-02-12 19:00:00,M4,47.0,0.4360809241261541,65.00311319379153,OpC
2025-02-12 20:00:00,M1,46.0,0.28090591242894564,61.169753427594166,OpB
2025-02-12 20:00:00,M2,62.0,0.2735217505557959,59.09483748436904,OpC
2025-02-12 20:00:00,M3,42.0,0.18837721418704403,63.839877062871615,OpC
2025-02-12 20:00:00,M4,50.0,0.4589369010341277,65.07677906597884,OpB
2025-02-12 21:00:00,M1,45.0,0.1676916049617922,62.07670987038516,OpA
2025-02-12 21:00:00,M2,43.0,0.156551955017812,61.64658556656471,OpB
2025-02-12 21:00:00,M3,58.0,0.3544471661666514,62.988369892646325,OpB
2025-02-12 21:00:00,M4,52.0,0.1300877327126689,61.204394261395095,OpB
2025-02-12 22:00:00,M1,56.0,,66.0721722292241,OpC
2025-02-12 22:00:00,M2,41.0,0.1219358666800257,61.83605051989039,OpC
2025-02-12 22:00:00,M3,50.0,0.13847454179186058,62.473071763579036,OpA
2025-02-12 22:00:00,M4,44.0,0.504773200878464,64.59597302364244,OpC
2025-02-12 23:00:00,M1,55.0,0.5585373927784837,68.12018014335959,OpB
2025-02-12 23:00:00,M2,53.0,0.3550925486854223,68.19932231477692,OpA
2025-02-12 23:00:00,M3,56.0,0.32790449508431296,65.12642397689594,OpB
2025-02-12 23:00:00,M4,46.0,0.10432367658801682,67.71409155843239,OpA
2025-02-13 00:00:00,M1,63.0,0.19086346239291463,69.10908098580721,OpB
2025-02-13 00:00:00,M2,48.0,,69.59602847926358,OpA
2025-02-13 00:00:00,M3,52.0,0.0865931368601115,70.961858429082,OpC
2025-02-13 00:00:00,M4,46.0,0.13889245034198547,72.8127005624613,OpA
2025-02-13 01:00:00,M1,47.0,0.2399506884809221,72.90554121617895,OpA
2025-02-13 01:00:00,M2,54.0,0.32639433011859487,75.50195144023212,OpC
2025-02-13 01:00:00,M3,51.0,,70.54908588055804,OpC
2025-02-13 01:00:00,M4,52.0,0.2851406683216571,,OpB
2025-02-13 02:00:00,M1,49.0,0.42910769334819804,74.31026070169314,OpA
2025-02-13 02:00:00,M2,56.0,0.47013356140896373,76.50745172296809,OpB
2025-02-13 02:00:00,M3,51.0,0.2988920682010766,73.49111784724069,OpC
2025-02-13 02:00:00,M4,53.0,0.11938761144840626,75.68965039642089,OpB
2025-02-13 03:00:00,M1,43.0,0.18133568055758245,79.58476148815566,OpB
2025-02-13 03:00:00,M2,38.0,0.20496047069091403,78.12623154661588,OpA
2025-02-13 03:00:00,M3,43.0,0.2662708887718537,78.5964981880284,OpC
2025-02-13 03:00:00,M4,44.0,0.1321436392551404,77.74025954317192,OpA
2025-02-13 04:00:00,M1,44.0,0.3216991810258509,75.84533056451755,OpB
2025-02-13 04:00:00,M2,52.0,0.2980091593528581,81.36248789269078,OpA
2025-02-13 04:00:00,M3,42.0,0.13034543151101058,79.45222956582802,OpC
2025-02-13 04:00:00,M4,46.0,0.29881236125726973,79.21493735997701,OpB
2025-02-13 05:00:00,M1,53.0,,76.3374233440893,OpB
2025-02-13 05:00:00,M2,46.0,0.2780192127367738,79.82375352802258,OpB
2025-02-13 05:00:00,M3,48.0,0.3354026676220005,80.32177438987885,OpB
2025-02-13 05:00:00,M4,49.0,0.3203527113450558,76.68174788287862,OpA
2025-02-13 06:00:00,M1,50.0,0.30208685129446367,81.52155852649207,OpB
2025-02-13 06:00:00,M2,36.0,0.3672953430900417,79.79090143593106,OpC
2025-02-13 06:00:00,M3,41.0,0.06367756705649558,80.60951398037672,OpA
2025-02-13 06:00:00,M4,39.0,0.058590689822449825,79.99655327935447,OpC
2025-02-13 07:00:00,M1,52.0,0.11694386107611726,78.45254526161708,OpA
2025-02-13 07:00:00,M2,54.0,0.033650528510438905,83.19151546605224,OpA
2025-02-13 07:00:00,M3,50.0,0.09039472793211226,78.13890254132754,OpA
2025-02-13 07:00:00,M4,59.0,0.3120453312211042,79.05463011256141,OpA
2025-02-13 08:00:00,M1,45.0,0.2653670649149548,81.28716170916175,OpA
2025-02-13 08:00:00,M2,53.0,0.3656199659330779,78.15247661476167,OpC
2025-02-13 08:00:00,M3,48.0,0.09488109957912146,74.91535881922387,OpC
2025-02-13 08:00:00,M4,49.0,0.3052569129313521,77.73244578355612,OpC
2025-02-13 09:00:00,M1,53.0,0.19682260077623615,76.71235664775668,OpB
2025-02-13 09:00:00,M2,54.0,0.47068932838010796,79.63337002842388,OpA
2025-02-13 09:00:00,M3,51.0,0.11923776556158916,77.73439580747069,OpB
2025-02-13 09:00:00,M4,54.0,0.10868780210512594,81.26444016749392,OpB
2025-02-13 10:00:00,M1,48.0,0.17947394008566578,75.0614545378458,OpA
2025-02-13 10:00:00,M2,56.0,0.5726699520016818,73.33331787291219,OpC
2025-02-13 10:00:00,M3,52.0,0.37597082645564445,74.44651398548984,OpC
2025-02-13 10:00:00,M4,52.0,0.6862254899920512,78.01283592939208,OpB
2025-02-13 11:00:00,M1,56.0,0.2841224120911471,73.1631630017069,OpB
2025-02-13 11:00:00,M2,54.0,0.1914110017353816,71.15584900611358,OpB
2025-02-13 11:00:00,M3,47.0,0.45190763288550734,74.75845586370305,OpC
2025-02-13 11:00:00,M4,48.0,0.35222772113674883,71.9351299213833,OpB
2025-02-13 12:00:00,M1,54.0,0.13662486071055324,68.04206625327174,OpA
2025-02-13 12:00:00,M2,59.0,0.6748585126495156,69.43901197634017,OpA
2025-02-13 12:00:00,M3,53.0,0.1959159588914191,67.53571732317373,OpA
2025-02-13 12:00:00,M4,51.0,0.11441607536117512,70.34940463719363,OpB
2025-02-13 13:00:00,M1,52.0,0.5278790998943417,65.0698857264599,OpB
2025-02-13 13:00:00,M2,48.0,0.04564205320884557,65.09262506918745,OpC
2025-02-13 13:00:00,M3,50.0,0.29004677791567673,68.93389489782446,OpC
2025-02-13 13:00:00,M4,52.0,0.42554950344186854,67.08432227028085,OpC
2025-02-13 14:00:00,M1,59.0,,67.87636676981792,OpC
2025-02-13 14:00:00,M2,56.0,0.5256627353721938,64.01864659463679,OpC
2025-02-13 14:00:00,M3,44.0,0.2715163733110156,64.72636265363528,OpA
2025-02-13 14:00:00,M4,40.0,0.1820717438864345,65.94971962641083,OpC
2025-02-13 15:00:00,M1,47.0,0.45789470195770204,63.69579231492147,OpB
2025-02-13 15:00:00,M2,47.0,0.2773175698886616,62.47957449404127,OpC
2025-02-13 15:00:00,M3,56.0,0.13352805797468267,65.18227142714973,OpC
2025-02-13 15:00:00,M4,50.0,0.42996987107177004,60.965472679290556,OpB
2025-02-13 16:00:00,M1,69.0,0.2979923849231857,,OpA
2025-02-13 16:00:00,M2,45.0,0.38057701984168696,59.762288771163874,OpC
2025-02-13 16:00:00,M3,45.0,0.24207245539588093,60.56172457072636,OpC
2025-02-13 16:00:00,M4,60.0,0.35363090663695873,61.0351257079476,OpB
2025-02-13 17:00:00,M1,56.0,0.7636747658613924,61.773122918680976,OpA
2025-02-13 17:00:00,M2,48.0,,63.47707380476697,OpB
2025-02-13 17:00:00,M3,33.0,0.577515681655329,63.37942190462113,OpC
2025-02-13 17:00:00,M4,47.0,0.26045135952979653,57.08094009657373,OpA
2025-02-13 18:00:00,M1,47.0,0.24436905221411342,59.38135267830317,OpC
2025-02-13 18:00:00,M2,56.0,0.31107807260140163,60.77875703046625,OpA
2025-02-13 18:00:00,M3,48.0,0.30661921111449814,56.65827063751606,OpA
2025-02-13 18:00:00,M4,59.0,0.4683272574555598,61.334938002689206,OpB
2025-02-13 19:00:00,M1,53.0,0.6433363621077536,60.72214947862292,OpA
2025-02-13 19:00:00,M2,51.0,0.1649607434833626,59.03846428302909,OpC
2025-02-13 19:00:00,M3,37.0,,62.34576902567799,OpA
2025-02-13 19:00:00,M4,49.0,0.40904752178751996,58.388316335565925,OpB
2025-02-13 20:00:00,M1,51.0,0.41995826520854324,61.01494274258675,OpB
2025-02-13 20:00:00,M2,46.0,0.27837207942528963,,OpB
2025-02-13 20:00:00,M3,52.0,0.3241884573356367,61.08234491141589,OpC
2025-02-13 20:00:00,M4,47.0,0.14201276688274483,60.990602114036456,OpC
2025-02-13 21:00:00,M1,,0.21447532636694885,63.54348396908398,OpB
2025-02-13 21:00:00,M2,61.0,0.16474101449301776,63.22317774493186,OpC
2025-02-13 21:00:00,M3,57.0,0.28558982626717144,64.2058471283183,OpC
2025-02-13 21:00:00,M4,49.0,0.22724036025702787,63.17406543217056,OpC
2025-02-13 22:00:00,M1,44.0,0.3244367022195602,63.48571294143977,OpA
2025-02-13 22:00:00,M2,49.0,0.11836072231211293,63.40014587865608,OpB
2025-02-13 22:00:00,M3,51.0,0.6107018407493413,64.53520170321775,OpB
2025-02-13 22:00:00,M4,55.0,0.4591962484059364,69.82661045637154,OpA
2025-02-13 23:00:00,M1,46.0,0.18612060108077513,,OpB
2025-02-13 23:00:00,M2,40.0,0.12416208580835823,66.82202351401729,OpA
2025-02-13 23:00:00,M3,55.0,0.18247320083216229,67.5267365694003,OpC
2025-02-13 23:00:00,M4,53.0,0.241843492570424,68.79749712426488,OpA
2025-02-14 00:00:00,M1,42.0,0.33610703925548874,70.79192932330686,OpC
2025-02-14 00:00:00,M2,62.0,0.2648516033977092,72.50896837844867,OpA
2025-02-14 00:00:00,M3,46.0,0.17387907911178593,67.69639257750048,OpB
2025-02-14 00:00:00,M4,47.0,0.31520560644523726,,OpB
2025-02-14 01:00:00,M1,51.0,0.13398187617028462,69.4902095407196,OpC
2025-02-14 01:00:00,M2,47.0,0.033159611483412045,70.17810615770193,OpB
2025-02-14 01:00:00,M3,41.0,0.19270745443113016,71.72149937665347,OpA
2025-02-14 01:00:00,M4,43.0,0.18488033828929346,72.67558660334973,OpB
2025-02-14 02:00:00,M1,50.0,0.41094257920782584,77.75826459326527,OpA
2025-02-14 02:00:00,M2,46.0,0.46547200323690685,73.87449914007782,OpC
2025-02-14 02:00:00,M3,44.0,0.6943374256771754,73.59692981449906,OpB
2025-02-14 02:00:00,M4,59.0,0.11465925081611975,73.01110477685586,OpC
2025-02-14 03:00:00,M1,53.0,0.22734422860689,75.12948879276684,OpB
2025-02-14 03:00:00,M2,51.0,,79.44850764549571,OpA
2025-02-14 03:00:00,M3,55.0,0.20913010754564582,77.29473147186496,OpC
2025-02-14 03:00:00,M4,37.0,0.3613403601252033,75.46671247732378,OpB
2025-02-14 04:00:00,M1,59.0,0.08355799800391911,76.721390417877,OpA
2025-02-14 04:00:00,M2,58.0,0.08407546010780584,,OpB
2025-02-14 04:00:00,M3,54.0,0.19615656904007864,77.27638045882115,OpC
2025-02-14 04:00:00,M4,55.0,0.02292846784355026,81.37030449907687,OpC
2025-02-14 05:00:00,M1,46.0,0.1556291372824111,81.86857070187014,OpC
2025-02-14 05:00:00,M2,53.0,0.2826559803961755,,OpC
2025-02-14 05:00:00,M3,44.0,0.11608238821811175,81.47296841734705,OpB
2025-02-14 05:00:00,M4,59.0,0.3051549107693046,79.02278026688859,OpA
2025-02-14 06:00:00,M1,54.0,0.1781579152272932,81.18915066031529,OpB
2025-02-14 06:00:00,M2,49.0,0.4967319250812713,78.27276059339967,OpB
2025-02-14 06:00:00,M3,54.0,0.20044138579910992,82.87875467425917,OpA
2025-02-14 06:00:00,M4,43.0,0.28813317551339807,79.66290045009171,OpC
2025-02-14 07:00:00,M1,56.0,0.30970538858286456,79.5367817540744,OpB
2025-02-14 07:00:00,M2,51.0,0.12434311360395148,83.64361899449173,OpB
2025-02-14 07:00:00,M3,53.0,0.7919403006473547,80.02569981864406,OpA
2025-02-14 07:00:00,M4,57.0,0.2899533760632102,80.01421038633836,OpA
2025-02-14 08:00:00,M1,48.0,0.19291686723448556,74.2974589438324,OpB
2025-02-14 08:00:00,M2,60.0,,75.21958965768962,OpC
2025-02-14 08:00:00,M3,46.0,0.2832475151691161,77.55453751350984,OpA
2025-02-14 08:00:00,M4,42.0,0.42762767979541577,75.03375495831912,OpC
2025-02-14 09:00:00,M1,,0.6516793813744864,77.20163940994843,OpC
2025-02-14 09:00:00,M2,48.0,0.3061148765427669,76.18752376479813,OpC
2025-02-14 09:00:00,M3,51.0,,79.96415614660191,OpA
2025-02-14 09:00:00,M4,57.0,0.36403051770978967,,OpC
2025-02-14 10:00:00,M1,49.0,0.14462802651519432,76.41549629311497,OpC
2025-02-14 10:00:00,M2,57.0,0.2700763313736166,75.92963846269016,OpB
2025-02-14 10:00:00,M3,54.0,0.46726814115756987,73.36778309381381,OpC
2025-02-14 10:00:00,M4,55.0,0.44383635266969707,74.12438063529072,OpB
2025-02-14 11:00:00,M1,60.0,0.22918296918516506,70.71233102985063,OpC
2025-02-14 11:00:00,M2,55.0,0.16761898607378722,73.00848935001447,OpA
2025-02-14 11:00:00,M3,50.0,0.2625997704353073,71.88406717219341,OpA
2025-02-14 11:00:00,M4,43.0,0.11823312488649959,72.55688797073105,OpB
2025-02-14 12:00:00,M1,45.0,,72.70297498429348,OpA
2025-02-14 12:00:00,M2,53.0,0.2106597119338733,69.27021404659448,OpB
2025-02-14 12:00:00,M3,39.0,0.45316814107556175,70.44232749906942,OpC
2025-02-14 12:00:00,M4,56.0,0.08203637475446666,69.52777415078505,OpA
2025-02-14 13:00:00,M1,48.0,0.3166767205292855,68.72244828813847,OpC
2025-02-14 13:00:00,M2,55.0,0.19463834297072585,67.73882771108273,OpA
2025-02-14 13:00:00,M3,42.0,0.31585712188148557,67.89930834707376,OpC
2025-02-14 13:00:00,M4,46.0,0.29922549653214503,,OpA
2025-02-14 14:00:00,M1,44.0,0.33011191390726763,65.03994000076055,OpC
2025-02-14 14:00:00,M2,64.0,0.1608752256683189,63.78117985030269,OpB
2025-02-14 14:00:00,M3,42.0,,66.92367625555478,OpC
2025-02-14 14:00:00,M4,46.0,0.15311577280589372,65.00653884492554,OpA
2025-02-14 15:00:00,M1,49.0,0.4064758559017966,62.643050666554565,OpB
2025-02-14 15:00:00,M2,68.0,0.13729654194980412,,OpB
2025-02-14 15:00:00,M3,47.0,0.31828144844372924,62.22660361195803,OpC
2025-02-14 15:00:00,M4,42.0,0.510141199575183,61.75631650210267,OpC
2025-02-14 16:00:00,M1,41.0,0.27633387841914164,58.496741962659385,OpC
2025-02-14 16:00:00,M2,60.0,0.4610033100952944,59.65102171137282,OpA
2025-02-14 16:00:00,M3,45.0,0.05575957751226908,62.3556642702999,OpC
2025-02-14 16:00:00,M4,37.0,0.4805460271022635,60.66565908268637,OpC
2025-02-14 17:00:00,M1,57.0,,61.3628506719555,OpA
2025-02-14 17:00:00,M2,,0.3359227222610931,57.31525453328774,OpB
2025-02-14 17:00:00,M3,54.0,0.25110368541568273,58.568852919510135,OpA
2025-02-14 17:00:00,M4,51.0,0.1302151960643599,60.8849697847008,OpA
2025-02-14 18:00:00,M1,44.0,0.2853543653849682,59.22914407509196,OpB
2025-02-14 18:00:00,M2,54.0,0.4007913407129681,59.936103877559,OpA
2025-02-14 18:00:00,M3,37.0,0.4230245715170472,62.63546674843915,OpA
2025-02-14 18:00:00,M4,45.0,0.07930056704394373,59.014698370466085,OpB
2025-02-14 19:00:00,M1,53.0,0.29394197458419885,59.68790060509007,OpA
2025-02-14 19:00:00,M2,51.0,0.07688283451826694,59.12183431293384,OpA
2025-02-14 19:00:00,M3,69.0,0.44449822087144775,59.04318812895344,OpA
2025-02-14 19:00:00,M4,45.0,0.21234693684594616,58.34482911380517,OpA
2025-02-14 20:00:00,M1,,0.10862204992096337,60.8133652153927,OpB
2025-02-14 20:00:00,M2,57.0,0.24506399582612684,,OpB
2025-02-14 20:00:00,M3,55.0,0.14304278591699576,62.92900883743289,OpC
2025-02-14 20:00:00,M4,50.0,0.18066233608464077,60.52153310937168,OpA
2025-02-14 21:00:00,M1,58.0,0.3370246130194196,60.20258269314364,OpA
2025-02-14 21:00:00,M2,53.0,0.6728072505136296,62.48734347190642,OpB
2025-02-14 21:00:00,M3,40.0,0.4981819337855574,63.55787182181841,OpC
2025-02-14 21:00:00,M4,57.0,0.39232519899538,60.51070736061925,OpC
2025-02-14 22:00:00,M1,,0.19001401560265246,67.04424808711562,OpC
2025-02-14 22:00:00,M2,48.0,,65.99661513278981,OpC
2025-02-14 22:00:00,M3,51.0,0.19690373133891642,64.15230945614312,OpC
2025-02-14 22:00:00,M4,45.0,0.2558930849249926,63.90206051435435,OpC
2025-02-14 23:00:00,M1,61.0,0.23579568979219076,65.55206929812795,OpA
2025-02-14 23:00:00,M2,48.0,0.3309811474240405,65.91431823464133,OpC
2025-02-14 23:00:00,M3,44.0,0.24150000641935002,63.78309380118266,OpB
2025-02-14 23:00:00,M4,47.0,0.19006242716779673,67.67485631461328,OpC
2025-02-15 00:00:00,M1,48.0,0.09748547597413917,71.43516766133575,OpA
2025-02-15 00:00:00,M2,37.0,0.6010436341329543,69.59960349330987,OpB
2025-02-15 00:00:00,M3,37.0,0.1927389918230348,69.63445051967018,OpB
2025-02-15 00:00:00,M4,48.0,0.08986871969150492,69.59278942700405,OpA
2025-02-15 01:00:00,M1,38.0,0.2669133671656514,70.79811996033409,OpC
2025-02-15 01:00:00,M2,63.0,0.11725208582560195,75.11025560656473,OpC
2025-02-15 01:00:00,M3,60.0,0.3638707344236446,75.2414774669521,OpA
2025-02-15 01:00:00,M4,45.0,0.134225893275744,72.13883067055716,OpC
2025-02-15 02:00:00,M1,39.0,0.23150621517093736,75.0350361811265,OpC
2025-02-15 02:00:00,M2,,0.33158217745328705,76.71888943714309,OpA
2025-02-15 02:00:00,M3,49.0,0.555901234761159,74.77955962649122,OpA
2025-02-15 02:00:00,M4,53.0,0.2807491890075218,78.05066535865986,OpA
2025-02-15 03:00:00,M1,51.0,0.15135290069611143,77.09781354053071,OpB
2025-02-15 03:00:00,M2,54.0,0.05014110164211891,73.21194087186429,OpA
2025-02-15 03:00:00,M3,59.0,0.13597813158295127,74.17617388389853,OpA
2025-02-15 03:00:00,M4,47.0,0.5040135764177678,79.50334855932832,OpB
2025-02-15 04:00:00,M1,53.0,0.06559848295176024,80.00955387841945,OpA
2025-02-15 04:00:00,M2,49.0,0.014300989255306163,,OpA
2025-02-15 04:00:00,M3,49.0,0.1586187919406733,84.01577906878599,OpC
2025-02-15 04:00:00,M4,48.0,0.6403676400649343,77.60060286154624,OpC
2025-02-15 05:00:00,M1,52.0,0.30689912564379634,80.90962223299071,OpA
2025-02-15 05:00:00,M2,60.0,0.3748022994469435,79.42642855380574,OpA
2025-02-15 05:00:00,M3,,0.16231486773526918,83.0167022073441,OpB
2025-02-15 05:00:00,M4,48.0,0.11252247810555571,79.23020974105782,OpC
2025-02-15 06:00:00,M1,49.0,0.4126112810364718,78.67898749906307,OpC
2025-02-15 06:00:00,M2,50.0,0.09920486494682319,81.20476359592729,OpB
2025-02-15 06:00:00,M3,53.0,0.2520594099005618,82.92142570739644,OpA
2025-02-15 06:00:00,M4,54.0,0.3544470828771561,80.22790288109988,OpB
2025-02-15 07:00:00,M1,47.0,0.1925666620383558,76.4407988947274,OpA
2025-02-15 07:00:00,M2,47.0,0.03152915897286804,79.43008182061793,OpC
2025-02-15 07:00:00,M3,,0.5343065755245979,80.60138884811319,OpC
2025-02-15 07:00:00,M4,,0.4731258066011276,79.16515791574787,OpA
2025-02-15 08:00:00,M1,45.0,0.21153310780443818,,OpA
2025-02-15 08:00:00,M2,39.0,0.12220268477273784,80.84914627069814,OpB
2025-02-15 08:00:00,M3,40.0,0.1926240162753577,79.71233573082228,OpB
2025-02-15 08:00:00,M4,56.0,0.29916569679891675,76.74034991618407,OpA
2025-02-15 09:00:00,M1,53.0,0.14087321255930707,75.7373770185259,OpB
2025-02-15 09:00:00,M2,51.0,0.5569570068063436,74.2068346371807,OpA
2025-02-15 09:00:00,M3,42.0,0.6446508362065296,81.93796316398846,OpB
2025-02-15 09:00:00,M4,52.0,0.3442582123861846,73.68946977500295,OpA
2025-02-15 10:00:00,M1,45.0,0.09780032531670395,74.92480443821171,OpA
2025-02-15 10:00:00,M2,39.0,0.4623997035713277,73.46305475651714,OpC
2025-02-15 10:00:00,M3,36.0,,76.91368056855852,OpA
2025-02-15 10:00:00,M4,47.0,0.18659739019351304,73.08372547932349,OpB
2025-02-15 11:00:00,M1,50.0,,,OpA
2025-02-15 11:00:00,M2,55.0,0.09566550113085558,75.64918445670534,OpB
2025-02-15 11:00:00,M3,50.0,0.13872393392149515,70.128590752675,OpC
2025-02-15 11:00:00,M4,57.0,0.48720336193400515,75.09059661279275,OpA
2025-02-15 12:00:00,M1,45.0,0.120838374401399,73.0776060947237,OpC
2025-02-15 12:00:00,M2,57.0,,68.76300138511134,OpA
2025-02-15 12:00:00,M3,48.0,0.19837770042264338,,OpA
2025-02-15 12:00:00,M4,51.0,0.43520479443623533,68.67755673172535,OpA
2025-02-15 13:00:00,M1,66.0,0.32947536308507924,69.8252344950862,OpC
2025-02-15 13:00:00,M2,49.0,0.35176469745999617,,OpC
2025-02-15 13:00:00,M3,48.0,0.2350661452788926,68.88132805531225,OpA
2025-02-15 13:00:00,M4,52.0,0.09703453340564477,66.99968214612022,OpA
2025-02-15 14:00:00,M1,48.0,0.020845640095229562,64.25523861287195,OpC
2025-02-15 14:00:00,M2,46.0,0.14503907108462408,65.6673256409938,OpA
2025-02-15 14:00:00,M3,48.0,0.26474021291679484,65.25315507853321,OpA
2025-02-15 14:00:00,M4,42.0,0.14433886414941233,63.11479269856773,OpA
2025-02-15 15:00:00,M1,53.0,,65.9158058717797,OpA
2025-02-15 15:00:00,M2,54.0,0.17947359047591646,65.32621912584281,OpA
2025-02-15 15:00:00,M3,57.0,0.5452749672015121,65.34944291870362,OpB
2025-02-15 15:00:00,M4,57.0,0.27303777032106835,63.446357412060834,OpC
2025-02-15 16:00:00,M1,59.0,0.03853091360793638,59.32902604173262,OpB
2025-02-15 16:00:00,M2,45.0,0.25456605727442455,61.566216372520444,OpB
2025-02-15 16:00:00,M3,46.0,0.14453384466777489,61.210054342035136,OpC
2025-02-15 16:00:00,M4,48.0,0.4139791078885479,62.40734362891225,OpA
2025-02-15 17:00:00,M1,39.0,0.46219267029616334,61.75618153332435,OpB
2025-02-15 17:00:00,M2,53.0,0.2919473831416373,57.42226333574154,OpA
2025-02-15 17:00:00,M3,39.0,0.27801700185471057,60.22325721518626,OpA
2025-02-15 17:00:00,M4,55.0,0.1987336744383787,63.45653113364421,OpA
2025-02-15 18:00:00,M1,53.0,0.48289459932145756,55.755497051288344,OpB
2025-02-15 18:00:00,M2,47.0,0.13520268630376162,61.614346237982154,OpC
2025-02-15 18:00:00,M3,44.0,0.07822708167347192,59.80438196895032,OpA
2025-02-15 18:00:00,M4,50.0,0.5511669830302136,,OpC
2025-02-15 19:00:00,M1,52.0,0.28953092760351096,60.16468446347923,OpA
2025-02-15 19:00:00,M2,44.0,,56.19075522742359,OpC
2025-02-15 19:00:00,M3,59.0,0.5807149369726149,60.757862744048204,OpA
2025-02-15 19:00:00,M4,44.0,0.22613497478394595,58.103744022762996,OpB
2025-02-15 20:00:00,M1,47.0,0.06114441165573944,60.49531144752892,OpA
2025-02-15 20:00:00,M2,44.0,0.29837475116581186,59.86877093024749,OpB
2025-02-15 20:00:00,M3,54.0,0.26814810972645853,57.62830357076331,OpB
2025-02-15 20:00:00,M4,62.0,0.597081171739819,64.00419170476584,OpA
2025-02-15 21:00:00,M1,53.0,0.24903592784306045,64.5305267486099,OpA
2025-02-15 21:00:00,M2,59.0,0.11942565068859572,,OpA
2025-02-15 21:00:00,M3,49.0,0.5248368769375443,65.31253686656916,OpA
2025-02-15 21:00:00,M4,48.0,0.1714236019275186,60.922993281530545,OpA
2025-02-15 22:00:00,M1,51.0,0.4153539373551957,63.34538424428414,OpB
2025-02-15 22:00:00,M2,44.0,0.345039604864185,66.00207458597448,OpB
2025-02-15 22:00:00,M3,60.0,0.15723419630689733,64.90451553356047,OpA
2025-02-15 22:00:00,M4,43.0,0.0732685573749344,65.45553000728252,OpC
2025-02-15 23:00:00,M1,49.0,0.18741146742061882,68.44366658972625,OpB
2025-02-15 23:00:00,M2,55.0,0.2512292548624578,65.43831991100238,OpC
2025-02-15 23:00:00,M3,49.0,0.10785354836580367,69.31043741570478,OpB
2025-02-15 23:00:00,M4,61.0,0.30849859202632274,70.54615986604455,OpA
2025-02-16 00:00:00,M1,36.0,0.22739893730545885,73.6995034439546,OpB
2025-02-16 00:00:00,M2,47.0,0.8064257886992084,71.73458215073279,OpC
2025-02-16 00:00:00,M3,52.0,0.28597560544915984,69.75621872009958,OpA
2025-02-16 00:00:00,M4,53.0,0.33693852560205745,66.84840327730642,OpB
2025-02-16 01:00:00,M1,42.0,0.46685015424892495,70.29383824311849,OpA
2025-02-16 01:00:00,M2,57.0,0.1859718794819142,70.95258132889623,OpA
2025-02-16 01:00:00,M3,51.0,0.24323349984560017,73.38610403430462,OpA
2025-02-16 01:00:00,M4,45.0,0.3614088435739419,74.85643914157434,OpB
2025-02-16 02:00:00,M1,49.0,0.17200364253224226,74.62010887923626,OpA
2025-02-16 02:00:00,M2,54.0,0.18040385506232287,72.24759795644275,OpC
2025-02-16 02:00:00,M3,60.0,0.19064478720216446,74.06810071765537,OpB
2025-02-16 02:00:00,M4,55.0,0.15371918848720637,75.72703277085252,OpC
2025-02-16 03:00:00,M1,,0.4134620178651306,76.02469521065008,OpB
2025-02-16 03:00:00,M2,,0.45622427342432814,79.93649981042277,OpB
2025-02-16 03:00:00,M3,55.0,0.4490639680923306,74.44835151310224,OpB
2025-02-16 03:00:00,M4,58.0,0.2713164443188479,77.43624283413021,OpA
2025-02-16 04:00:00,M1,38.0,,,OpA
2025-02-16 04:00:00,M2,47.0,0.07513278746779287,81.37600349577195,OpA
2025-02-16 04:00:00,M3,51.0,0.6999105288929344,76.55104189877176,OpB
2025-02-16 04:00:00,M4,55.0,0.2135681510166426,80.81504211054813,OpA
2025-02-16 05:00:00,M1,49.0,0.32174587982518016,79.31940400694108,OpB
2025-02-16 05:00:00,M2,39.0,0.18105170181869742,79.62931791853721,OpB
2025-02-16 05:00:00,M3,37.0,0.2764048815622043,79.60452325050909,OpB
2025-02-16 05:00:00,M4,53.0,0.11441185122204695,79.17562761861358,OpA
2025-02-16 06:00:00,M1,43.0,0.2973854663453094,85.12071443928698,OpB
2025-02-16 06:00:00,M2,51.0,0.3512838477937477,81.19652748366123,OpC
2025-02-16 06:00:00,M3,50.0,0.22564727239605759,80.5796377505717,OpA
2025-02-16 06:00:00,M4,56.0,0.3508263457499931,76.18060605277373,OpA
2025-02-16 07:00:00,M1,39.0,0.2779890815009535,78.81695305962837,OpC
2025-02-16 07:00:00,M2,54.0,0.08765018244333869,78.80610477966029,OpB
2025-02-16 07:00:00,M3,67.0,0.369136370748444,80.11235014470232,OpB
2025-02-16 07:00:00,M4,67.0,0.4178474682997628,82.87436575595837,OpA
2025-02-16 08:00:00,M1,52.0,0.47603146384689016,77.50554567389669,OpB
2025-02-16 08:00:00,M2,48.0,0.23029551496550948,78.67837667583883,OpB
2025-02-16 08:00:00,M3,,0.27688575130644344,80.22387059436412,OpC
2025-02-16 08:00:00,M4,71.0,0.5093379948454869,75.5149096558936,OpA
2025-02-16 09:00:00,M1,42.0,0.35922818971353654,78.00990075614943,OpB
2025-02-16 09:00:00,M2,42.0,0.4272278309940964,77.59197619381113,OpB
2025-02-16 09:00:00,M3,44.0,0.33603046302762357,76.33613681600552,OpB
2025-02-16 09:00:00,M4,54.0,0.15229863075348762,72.8584564442942,OpB
2025-02-16 10:00:00,M1,49.0,0.32819009410952527,74.2212972795657,OpB
2025-02-16 10:00:00,M2,50.0,0.2563063857103695,77.75662985207514,OpA
2025-02-16 10:00:00,M3,50.0,0.24684345900919405,75.17164464497843,OpA
2025-02-16 10:00:00,M4,55.0,0.07394818525213707,72.50493764087403,OpA
2025-02-16 11:00:00,M1,51.0,,72.69435936690567,OpB
2025-02-16 11:00:00,M2,54.0,0.609030551477787,73.36519313302412,OpC
2025-02-16 11:00:00,M3,46.0,,69.6673187496791,OpA
2025-02-16 11:00:00,M4,46.0,0.18117236425566102,71.16590703563693,OpB
2025-02-16 12:00:00,M1,46.0,0.2273416358890307,69.21334634500023,OpC
2025-02-16 12:00:00,M2,48.0,0.7454687638812985,72.02222841559053,OpA
2025-02-16 12:00:00,M3,50.0,0.03742197854086674,,OpC
2025-02-16 12:00:00,M4,42.0,0.20868272732107704,73.24333247251722,OpB
2025-02-16 13:00:00,M1,53.0,,66.78894085243465,OpA
2025-02-16 13:00:00,M2,48.0,0.4715270000843156,65.06898627225048,OpA
2025-02-16 13:00:00,M3,69.0,0.08151481484464516,66.12885897246275,OpA
2025-02-16 13:00:00,M4,44.0,0.10443014926330521,67.24186969521557,OpC
2025-02-16 14:00:00,M1,44.0,0.2225586862831491,65.66840408669604,OpC
2025-02-16 14:00:00,M2,45.0,0.5160380449148916,62.357179724837934,OpB
2025-02-16 14:00:00,M3,45.0,0.26059375413253627,62.918697271212764,OpB
2025-02-16 14:00:00,M4,52.0,0.2888833355450843,61.096436367759566,OpC
2025-02-16 15:00:00,M1,50.0,0.09313686409752403,62.97765624082642,OpA
2025-02-16 15:00:00,M2,38.0,0.06823726820420029,63.26370167658859,OpC
2025-02-16 15:00:00,M3,44.0,0.2761753965854179,63.90523469503027,OpC
2025-02-16 15:00:00,M4,63.0,0.3356356146087487,65.05163654724804,OpA
2025-02-16 16:00:00,M1,52.0,,63.29616525615421,OpA
2025-02-16 16:00:00,M2,36.0,0.26176488912026186,63.54184808217651,OpB
2025-02-16 16:00:00,M3,46.0,0.5276941895673037,61.96466544829722,OpB
2025-02-16 16:00:00,M4,58.0,,62.68559850343274,OpB
2025-02-16 17:00:00,M1,63.0,,59.90082843207526,OpB
2025-02-16 17:00:00,M2,54.0,0.2215863510180275,56.82910601703334,OpA
2025-02-16 17:00:00,M3,51.0,0.36819764294790563,63.1006746036502,OpC
2025-02-16 17:00:00,M4,52.0,0.10209472608829086,62.566649294427535,OpC
2025-02-16 18:00:00,M1,,0.10932300265802587,64.01309077569103,OpA
2025-02-16 18:00:00,M2,45.0,0.27354352654065567,58.0239001743411,OpB
2025-02-16 18:00:00,M3,53.0,0.3773870838647702,55.616277053992505,OpB
2025-02-16 18:00:00,M4,32.0,0.4974188013332925,61.98907920369656,OpB
2025-02-16 19:00:00,M1,47.0,0.24251888612404301,60.21250133619165,OpA
2025-02-16 19:00:00,M2,41.0,0.4139827942761878,59.31856136869853,OpA
2025-02-16 19:00:00,M3,60.0,0.6008667309989518,58.29522595176906,OpB
2025-02-16 19:00:00,M4,44.0,0.39131865439999036,59.3068401591748,OpC
2025-02-16 20:00:00,M1,52.0,0.2883747263558433,62.310647836549684,OpB
2025-02-16 20:00:00,M2,42.0,0.6824625513074577,,OpB
2025-02-16 20:00:00,M3,53.0,0.26208791810889376,,OpA
2025-02-16 20:00:00,M4,39.0,0.0392519457561892,61.43556893841767,OpC
2025-02-16 21:00:00,M1,50.0,0.08468722694689731,67.70774927832932,OpC
2025-02-16 21:00:00,M2,61.0,0.18440341740139404,60.528815031761006,OpB
2025-02-16 21:00:00,M3,47.0,0.29779928916317483,63.094850000969124,OpA
2025-02-16 21:00:00,M4,40.0,0.4393300306651828,60.47668918026383,OpB
2025-02-16 22:00:00,M1,50.0,0.4072075319196876,66.2705013627986,OpB
2025-02-16 22:00:00,M2,52.0,0.1505283700164379,65.6751509331643,OpC
2025-02-16 22:00:00,M3,50.0,0.21788752515915025,63.31640571665973,OpC
2025-02-16 22:00:00,M4,60.0,0.28912423738433163,66.1587757662896,OpB
2025-02-16 23:00:00,M1,65.0,0.3162043090417512,69.86345544636298,OpB
2025-02-16 23:00:00,M2,45.0,0.17253550671612244,65.42474154093979,OpA
2025-02-16 23:00:00,M3,51.0,0.05972709144166281,69.61714896327571,OpB
2025-02-16 23:00:00,M4,54.0,0.16592059821867983,67.48501395639796,OpA
2025-02-17 00:00:00,M1,58.0,0.4561365385117492,68.50905866651566,OpC
2025-02-17 00:00:00,M2,48.0,0.05877579296653658,69.20535453160943,OpC
2025-02-17 00:00:00,M3,49.0,0.4503697410735547,70.80908099305871,OpC
2025-02-17 00:00:00,M4,48.0,0.5649929160294391,70.2687556311969,OpB
2025-02-17 01:00:00,M1,40.0,0.05437100224084904,74.45680912947239,OpA
2025-02-17 01:00:00,M2,56.0,0.402040943195755,69.80078517520552,OpA
2025-02-17 01:00:00,M3,43.0,0.4774887381228652,73.41899645952965,OpC
2025-02-17 01:00:00,M4,49.0,0.13261604024128598,74.55634607457965,OpB
2025-02-17 02:00:00,M1,67.0,0.4370087189263419,74.95155659281666,OpB
2025-02-17 02:00:00,M2,49.0,0.2108714609108221,72.86886840153595,OpB
2025-02-17 02:00:00,M3,53.0,0.07578674451215205,73.26483819866368,OpC
2025-02-17 02:00:00,M4,44.0,0.23011813931081732,73.87432203532754,OpC
2025-02-17 03:00:00,M1,59.0,0.18898739947507748,76.83384103693221,OpB
2025-02-17 03:00:00,M2,51.0,0.08661386361855346,77.28225512658369,OpC
2025-02-17 03:00:00,M3,56.0,0.1490792422851888,74.49530725729194,OpC
2025-02-17 03:00:00,M4,60.0,0.30407180731711675,78.30213783798875,OpA
2025-02-17 04:00:00,M1,60.0,0.17987247551587707,82.48356439700767,OpC
2025-02-17 04:00:00,M2,50.0,0.36336299576338316,80.01895768198362,OpB
2025-02-17 04:00:00,M3,47.0,0.30913022085645064,82.88812600320995,OpB
2025-02-17 04:00:00,M4,47.0,0.381168375232077,77.18534330337887,OpC
2025-02-17 05:00:00,M1,52.0,0.5981004278268431,81.58371079584079,OpA
2025-02-17 05:00:00,M2,46.0,0.26741943608397584,79.70107172542198,OpA
2025-02-17 05:00:00,M3,62.0,0.17828529220806727,78.56187656741349,OpB
2025-02-17 05:00:00,M4,45.0,0.21803723367917155,78.5487753664224,OpB
2025-02-17 06:00:00,M1,47.0,0.21029436540437393,77.58644359554727,OpA
2025-02-17 06:00:00,M2,47.0,0.4433270511712686,75.99543526177999,OpB
2025-02-17 06:00:00,M3,64.0,0.5583154985316524,82.42846426237035,OpB
2025-02-17 06:00:00,M4,,0.39188207575404604,80.16791572582947,OpC
2025-02-17 07:00:00,M1,,0.4327617547128353,77.90607670039138,OpA
2025-02-17 07:00:00,M2,45.0,0.2641312678223937,79.15830814013098,OpB
2025-02-17 07:00:00,M3,48.0,,79.46614078167042,OpA
2025-02-17 07:00:00,M4,50.0,0.10145178534698257,81.80992686058427,OpC
2025-02-17 08:00:00,M1,34.0,0.19015686450467997,83.47035014370074,OpB
2025-02-17 08:00:00,M2,,0.10121621192493063,75.49334917076851,OpC
2025-02-17 08:00:00,M3,46.0,0.34456809729670124,77.57772523389491,OpA
2025-02-17 08:00:00,M4,39.0,0.10410932662558198,76.54702208723789,OpC
2025-02-17 09:00:00,M1,55.0,0.2960029259030602,79.76013442968807,OpB
2025-02-17 09:00:00,M2,65.0,0.11129968717183195,78.76989765078787,OpC
2025-02-17 09:00:00,M3,48.0,0.4818570571460666,75.5778834279714,OpC
2025-02-17 09:00:00,M4,48.0,0.3216629557274164,76.8117096346242,OpB
2025-02-17 10:00:00,M1,48.0,0.12749687186145858,74.25143589438407,OpC
2025-02-17 10:00:00,M2,45.0,0.2111423292943156,78.80135010811729,OpB
2025-02-17 10:00:00,M3,44.0,0.28615291011110994,73.13791710119922,OpB
2025-02-17 10:00:00,M4,58.0,0.23701436715480012,74.28073688413312,OpC
2025-02-17 11:00:00,M1,46.0,0.677719955718871,72.30540812453901,OpC
2025-02-17 11:00:00,M2,46.0,0.34698738407332086,75.19545556513135,OpA
2025-02-17 11:00:00,M3,45.0,,74.09166846885874,OpC
2025-02-17 11:00:00,M4,42.0,0.43027797347999436,71.35648667869746,OpA
2025-02-17 12:00:00,M1,,0.6671364402056627,70.16316900929046,OpC
2025-02-17 12:00:00,M2,44.0,0.5862801423242895,66.85906538683257,OpC
2025-02-17 12:00:00,M3,47.0,0.32181556992855015,72.79206196485787,OpB
2025-02-17 12:00:00,M4,49.0,0.07910979332561278,74.9455509992961,OpB
2025-02-17 13:00:00,M1,47.0,0.21840578059228732,67.22926365553708,OpB
2025-02-17 13:00:00,M2,35.0,0.27849855706678966,66.19479047646918,OpA
2025-02-17 13:00:00,M3,55.0,0.07827717099504124,69.25472597083612,OpC
2025-02-17 13:00:00,M4,47.0,0.4673067522702246,69.30254744723459,OpA
2025-02-17 14:00:00,M1,37.0,0.28666271938706467,67.36305946837932,OpA
2025-02-17 14:00:00,M2,43.0,0.07141185014109253,65.89294914411813,OpB
2025-02-17 14:00:00,M3,34.0,0.17652802203975648,66.08561060175538,OpB
2025-02-17 14:00:00,M4,46.0,0.354305506136212,,OpA
2025-02-17 15:00:00,M1,48.0,0.5509857476711358,65.96483494009289,OpC
2025-02-17 15:00:00,M2,,0.5967732732077915,58.626311148201225,OpC
2025-02-17 15:00:00,M3,61.0,0.37042900679205787,,OpA
2025-02-17 15:00:00,M4,63.0,0.40528230687210404,65.53249470388772,OpB
2025-02-17 16:00:00,M1,62.0,0.3100548791499089,61.37942029827911,OpA
2025-02-17 16:00:00,M2,47.0,0.1326565969863913,65.3177548992164,OpC
2025-02-17 16:00:00,M3,45.0,0.48261880595674606,60.70566701332332,OpC
2025-02-17 16:00:00,M4,53.0,0.35048708463742007,61.45477878761146,OpA
2025-02-17 17:00:00,M1,56.0,0.5660471545043644,57.903704016968334,OpB
2025-02-17 17:00:00,M2,55.0,0.38238963067978643,64.28615090377106,OpC
2025-02-17 17:00:00,M3,57.0,0.2271547216103656,60.65842183495449,OpC
2025-02-17 17:00:00,M4,,0.3285420969970244,60.67156144002671,OpB
2025-02-17 18:00:00,M1,46.0,0.5852629072160677,59.75707600700151,OpC
2025-02-17 18:00:00,M2,51.0,0.7447210848882436,60.7374519228962,OpA
2025-02-17 18:00:00,M3,52.0,0.24787344730110553,57.902421829169825,OpC
2025-02-17 18:00:00,M4,48.0,0.3016489990509326,60.649255260060514,OpA
2025-02-17 19:00:00,M1,46.0,0.10252324133483545,62.16435029637898,OpA
2025-02-17 19:00:00,M2,47.0,0.4363666819792509,62.65573621416769,OpB
2025-02-17 19:00:00,M3,50.0,0.15863654221732648,59.88882420342683,OpA
2025-02-17 19:00:00,M4,43.0,0.19189652713549013,61.67553080053587,OpB
2025-02-17 20:00:00,M1,45.0,0.1215233779703047,60.531134372173156,OpC
2025-02-17 20:00:00,M2,47.0,0.29776520095859677,,OpC
2025-02-17 20:00:00,M3,39.0,0.13711168455186123,58.71201632395089,OpA
2025-02-17 20:00:00,M4,47.0,0.30581200835899436,63.02643645658361,OpB
2025-02-17 21:00:00,M1,49.0,0.17394525989542747,62.21884961518766,OpC
2025-02-17 21:00:00,M2,39.0,0.41740723516116274,64.85618419219703,OpC
2025-02-17 21:00:00,M3,56.0,0.3880279728068845,62.14146697496851,OpC
2025-02-17 21:00:00,M4,53.0,0.2234602625665828,63.247307004332995,OpC
2025-02-17 22:00:00,M1,43.0,0.38910243138520145,63.974106808933236,OpB
2025-02-17 22:00:00,M2,47.0,0.11360396715496912,67.81820934539309,OpC
2025-02-17 22:00:00,M3,49.0,0.3490016317120939,65.0897075684667,OpA
2025-02-17 22:00:00,M4,54.0,0.1553534379120525,,OpB
2025-02-17 23:00:00,M1,55.0,0.3882491196172359,66.04894016793625,OpA
2025-02-17 23:00:00,M2,57.0,0.08541170352274853,69.30620851350884,OpB
2025-02-17 23:00:00,M3,45.0,0.11349283866061721,67.05966665034602,OpC
2025-02-17 23:00:00,M4,46.0,0.13835329124078038,66.53442103230967,OpA
2025-02-18 00:00:00,M1,64.0,0.27789357164954537,70.10151158285971,OpA
2025-02-18 00:00:00,M2,53.0,0.39694794805259137,70.44916396942743,OpA
2025-02-18 00:00:00,M3,53.0,0.24440256447114514,69.31906206278632,OpB
2025-02-18 00:00:00,M4,42.0,0.2731249248601395,71.96571291447235,OpC
2025-02-18 01:00:00,M1,48.0,0.5354892081139316,73.31657281651275,OpB
2025-02-18 01:00:00,M2,59.0,0.1621244044198299,70.49212527257775,OpB
2025-02-18 01:00:00,M3,51.0,0.2639227758437569,70.56287667675814,OpA
2025-02-18 01:00:00,M4,46.0,0.4721516197527672,68.68452083528099,OpA
2025-02-18 02:00:00,M1,50.0,0.2490112707206641,73.80230887967515,OpC
2025-02-18 02:00:00,M2,59.0,0.04828417707702261,73.2597605157651,OpC
2025-02-18 02:00:00,M3,53.0,0.4163675195034083,75.63657647899439,OpA
2025-02-18 02:00:00,M4,44.0,0.25285210726379176,75.19748707005738,OpA
2025-02-18 03:00:00,M1,41.0,0.3088152312584668,77.37353529200877,OpB
2025-02-18 03:00:00,M2,58.0,0.037085542194565044,74.02153668535158,OpB
2025-02-18 03:00:00,M3,45.0,0.1010200340343021,77.60019786196156,OpC
2025-02-18 03:00:00,M4,41.0,0.2528471857326892,80.84009873773752,OpB
2025-02-18 04:00:00,M1,51.0,0.565474467922665,81.56722031982379,OpB
2025-02-18 04:00:00,M2,51.0,0.12162529418149998,78.32179436689934,OpC
2025-02-18 04:00:00,M3,59.0,0.21348692021157825,75.3929314604973,OpB
2025-02-18 04:00:00,M4,,0.46758823663093213,77.1841508287139,OpC
2025-02-18 05:00:00,M1,47.0,0.026028480671434012,,OpB
2025-02-18 05:00:00,M2,54.0,0.3477568242174856,77.89202497957498,OpB
2025-02-18 05:00:00,M3,,0.5000118085649117,,OpC
2025-02-18 05:00:00,M4,51.0,0.05727577729294871,78.97510786752842,OpA
2025-02-18 06:00:00,M1,51.0,0.3603719035582225,80.69978389729006,OpC
2025-02-18 06:00:00,M2,64.0,0.15179469892415393,82.10578304520749,OpB
2025-02-18 06:00:00,M3,,,80.22030014035087,OpA
2025-02-18 06:00:00,M4,50.0,0.026889623030432235,75.8752916418689,OpC
2025-02-18 07:00:00,M1,58.0,0.25003396377467474,80.39864900847535,OpA
2025-02-18 07:00:00,M2,51.0,0.2754511578972305,,OpC
2025-02-18 07:00:00,M3,51.0,0.09965652586462381,76.98876675865756,OpC
2025-02-18 07:00:00,M4,63.0,0.22241720290192943,76.57529371344489,OpA
2025-02-18 08:00:00,M1,,0.05380521451557552,79.00433988861958,OpA
2025-02-18 08:00:00,M2,64.0,0.07775026698443227,78.89418916643926,OpA
2025-02-18 08:00:00,M3,50.0,,79.23499741963599,OpA
2025-02-18 08:00:00,M4,57.0,0.3458741856996677,76.7410461773965,OpC
2025-02-18 09:00:00,M1,44.0,0.13917464411174355,77.23650412911016,OpC
2025-02-18 09:00:00,M2,50.0,0.04742970774635734,78.31855401306049,OpA
2025-02-18 09:00:00,M3,58.0,0.15697543368700506,76.40736802834526,OpB
2025-02-18 09:00:00,M4,53.0,0.20896152187838216,78.07476678732297,OpC
2025-02-18 10:00:00,M1,51.0,0.30654487289180926,73.85053727177744,OpA
2025-02-18 10:00:00,M2,61.0,0.17622952925964333,74.16454961263025,OpC
2025-02-18 10:00:00,M3,,0.326111177867702,74.4935207946411,OpA
2025-02-18 10:00:00,M4,47.0,0.3852423019523104,78.3618706643972,OpC
2025-02-18 11:00:00,M1,52.0,0.43361716448593407,73.6954062049424,OpA
2025-02-18 11:00:00,M2,44.0,0.10483394567380178,71.02775616330156,OpC
2025-02-18 11:00:00,M3,48.0,0.20453658680527242,72.51303913045778,OpC
2025-02-18 11:00:00,M4,52.0,0.21282766297815145,70.29471105688464,OpC
2025-02-18 12:00:00,M1,65.0,0.3489446797578982,72.2837062711685,OpC
2025-02-18 12:00:00,M2,48.0,0.18055643266769908,70.97470548938746,OpA
2025-02-18 12:00:00,M3,54.0,0.18270733855888246,68.58246477719302,OpB
2025-02-18 12:00:00,M4,55.0,0.017655032653631237,,OpB
2025-02-18 13:00:00,M1,50.0,0.293160170204717,68.1051962508899,OpA
2025-02-18 13:00:00,M2,48.0,0.040806212720000914,65.99660530956207,OpC
2025-02-18 13:00:00,M3,53.0,0.25177185190120704,71.05331058708866,OpA
2025-02-18 13:00:00,M4,54.0,0.03201274430398102,66.49358877440554,OpB
2025-02-18 14:00:00,M1,48.0,0.45288499869501675,66.09973099647311,OpA
2025-02-18 14:00:00,M2,46.0,0.18103874429418404,63.1132899369201,OpB
2025-02-18 14:00:00,M3,52.0,0.2652798471577313,66.0646227003709,OpA
2025-02-18 14:00:00,M4,60.0,0.08431524552802128,61.36098901668476,OpA
2025-02-18 15:00:00,M1,62.0,0.2557501170502636,60.874288198203075,OpB
2025-02-18 15:00:00,M2,48.0,0.16690627900962057,64.04893699992918,OpA
2025-02-18 15:00:00,M3,42.0,0.23322279199491472,,OpA
2025-02-18 15:00:00,M4,50.0,0.1875965535463483,64.52121517298306,OpA
2025-02-18 16:00:00,M1,52.0,0.26302770723326424,,OpA
2025-02-18 16:00:00,M2,50.0,0.2908457604586808,59.54859917012828,OpB
2025-02-18 16:00:00,M3,59.0,0.17261041673043542,63.464744675799885,OpA
2025-02-18 16:00:00,M4,,0.34597605044278223,60.611074078629905,OpC
2025-02-18 17:00:00,M1,58.0,0.6145198564940783,62.44421873702596,OpA
2025-02-18 17:00:00,M2,48.0,0.3211648946533325,59.11065443996547,OpA
2025-02-18 17:00:00,M3,46.0,0.6420950766334274,57.533229731811126,OpA
2025-02-18 17:00:00,M4,58.0,0.4566525597744979,59.056845116890436,OpB
2025-02-18 18:00:00,M1,27.0,0.1202977722543611,58.267731748695624,OpA
2025-02-18 18:00:00,M2,57.0,0.4933659680078946,62.05450092811656,OpA
2025-02-18 18:00:00,M3,39.0,0.07236850525303594,58.70047707662804,OpA
2025-02-18 18:00:00,M4,47.0,0.2456979407527027,61.35274071314296,OpA
2025-02-18 19:00:00,M1,47.0,0.06028006158086265,61.91788752126729,OpA
2025-02-18 19:00:00,M2,49.0,0.3117041833092515,62.85000721845588,OpA
2025-02-18 19:00:00,M3,35.0,0.253237275204761,,OpA
2025-02-18 19:00:00,M4,60.0,0.16269454967065658,58.93928488553312,OpC
2025-02-18 20:00:00,M1,,0.6605145363298488,59.44970131003521,OpA
2025-02-18 20:00:00,M2,48.0,0.22810892196404117,63.89621462068502,OpA
2025-02-18 20:00:00,M3,46.0,0.2578209360119023,62.010629309853016,OpA
2025-02-18 20:00:00,M4,55.0,0.5986613683626919,61.1574866861544,OpB
2025-02-18 21:00:00,M1,49.0,0.05164476429292392,58.16975413482611,OpC
2025-02-18 21:00:00,M2,51.0,0.03104448243233863,63.584146244249254,OpA
2025-02-18 21:00:00,M3,49.0,0.11846935775526544,60.36085386466905,OpC
2025-02-18 21:00:00,M4,50.0,0.5578659612576793,61.19123712663929,OpA
2025-02-18 22:00:00,M1,54.0,0.14669393391320215,64.85749047843304,OpC
2025-02-18 22:00:00,M2,35.0,0.40514216732228764,68.2105091098791,OpC
2025-02-18 22:00:00,M3,45.0,0.1333059812024498,63.83460306632231,OpC
2025-02-18 22:00:00,M4,,0.5549899140622749,64.75201924300794,OpB
2025-02-18 23:00:00,M1,43.0,0.26238533339197556,65.25799076471418,OpA
2025-02-18 23:00:00,M2,47.0,0.580984103809067,64.82491792465945,OpC
2025-02-18 23:00:00,M3,52.0,0.13454610022697785,68.8132012976208,OpB
2025-02-18 23:00:00,M4,47.0,0.1654246252682479,66.01476263471015,OpA
2025-02-19 00:00:00,M1,37.0,0.277139500401104,71.14672717387799,OpA
2025-02-19 00:00:00,M2,43.0,0.4702445357618477,69.19762663322248,OpB
2025-02-19 00:00:00,M3,55.0,,69.0060438997274,OpA
2025-02-19 00:00:00,M4,52.0,0.3873732175073823,75.63924780278342,OpA
2025-02-19 01:00:00,M1,59.0,0.2935751427948516,70.38785207797422,OpA
2025-02-19 01:00:00,M2,52.0,0.17824547871245314,71.21851348335467,OpA
2025-02-19 01:00:00,M3,62.0,0.4365045924988232,71.85399805484856,OpB
2025-02-19 01:00:00,M4,45.0,0.2782697076647451,74.47121503254508,OpB
2025-02-19 02:00:00,M1,49.0,0.5320040293586278,75.6038647792129,OpB
2025-02-19 02:00:00,M2,,0.1356460397770018,75.81662336757508,OpA
2025-02-19 02:00:00,M3,50.0,0.20074676481822187,75.9269445372521,OpC
2025-02-19 02:00:00,M4,52.0,0.4392102162908884,,OpC
2025-02-19 03:00:00,M1,53.0,0.07212164923638847,77.80620699864774,OpB
2025-02-19 03:00:00,M2,65.0,0.18727792200598728,76.51835351055496,OpA
2025-02-19 03:00:00,M3,54.0,0.1852697684757865,75.73634904817328,OpC
2025-02-19 03:00:00,M4,38.0,0.17766147919420797,76.82640427751447,OpA
2025-02-19 04:00:00,M1,49.0,0.18296984977414515,80.27430892786356,OpA
2025-02-19 04:00:00,M2,42.0,0.2705863049973511,75.72950967121051,OpC
2025-02-19 04:00:00,M3,55.0,0.4489860429316314,79.38303134906464,OpA
2025-02-19 04:00:00,M4,46.0,0.2884890765189223,74.4319779702757,OpC
2025-02-19 05:00:00,M1,50.0,,80.43674507161246,OpB
2025-02-19 05:00:00,M2,59.0,0.4973791066208189,81.164385100006,OpB
2025-02-19 05:00:00,M3,56.0,0.3841850994147137,81.70441360769303,OpA
2025-02-19 05:00:00,M4,51.0,0.07878052165498213,80.37396146319115,OpC
2025-02-19 06:00:00,M1,51.0,0.3319062748001853,79.99524694776632,OpB
2025-02-19 06:00:00,M2,56.0,0.28137475438611226,80.6047314707949,OpC
2025-02-19 06:00:00,M3,51.0,0.05089960969107605,80.26437261919597,OpB
2025-02-19 06:00:00,M4,55.0,0.21879936793639856,80.57222522535476,OpA
2025-02-19 07:00:00,M1,49.0,0.23188899451147674,79.02884413037125,OpA
2025-02-19 07:00:00,M2,56.0,,76.34374624731709,OpB
2025-02-19 07:00:00,M3,47.0,0.515270997200344,77.90962691273675,OpC
2025-02-19 07:00:00,M4,55.0,0.24612504992098272,78.31238442153047,OpA
2025-02-19 08:00:00,M1,49.0,0.5436802340458742,77.87062927828603,OpB
2025-02-19 08:00:00,M2,40.0,0.3586106449365713,81.41130121494471,OpB
2025-02-19 08:00:00,M3,43.0,0.011107656128282201,81.73321266414644,OpC
2025-02-19 08:00:00,M4,49.0,0.606493117732738,75.35276049642637,OpC
2025-02-19 09:00:00,M1,52.0,0.2505765952114652,76.33024293560804,OpB
2025-02-19 09:00:00,M2,47.0,0.5748953762828808,78.13214115520961,OpB
2025-02-19 09:00:00,M3,46.0,0.18611706416430746,77.33870534176862,OpB
2025-02-19 09:00:00,M4,42.0,0.09976233488164636,72.7858690350887,OpC
2025-02-19 10:00:00,M1,60.0,0.15849641316799587,78.38645805651332,OpC
2025-02-19 10:00:00,M2,50.0,0.36520623086449255,73.26768561748746,OpB
2025-02-19 10:00:00,M3,41.0,0.17411249016739555,78.82530724848141,OpA
2025-02-19 10:00:00,M4,51.0,0.5570309231829306,76.40030193453475,OpB
2025-02-19 11:00:00,M1,53.0,0.3031395355836114,72.55422131329267,OpC
2025-02-19 11:00:00,M2,53.0,0.7518169889127191,69.77864055844054,OpC
2025-02-19 11:00:00,M3,44.0,,73.11252977906246,OpB
2025-02-19 11:00:00,M4,42.0,0.13531124664999752,70.93891990135576,OpC
2025-02-19 12:00:00,M1,56.0,0.2615356687958678,69.8663746278649,OpA
2025-02-19 12:00:00,M2,59.0,0.32290537656323554,70.82465003967334,OpA
2025-02-19 12:00:00,M3,50.0,0.14830929474462748,68.53256655939678,OpB
2025-02-19 12:00:00,M4,52.0,0.2521854757000711,70.64250220101121,OpA
2025-02-19 13:00:00,M1,64.0,0.07657981275511595,68.5998348300286,OpC
2025-02-19 13:00:00,M2,51.0,0.1430549736507977,67.32826239421858,OpB
2025-02-19 13:00:00,M3,43.0,,65.21957606602368,OpB
2025-02-19 13:00:00,M4,51.0,0.1785417066235971,66.21551619082136,OpB
2025-02-19 14:00:00,M1,40.0,,68.50454452340111,OpA
2025-02-19 14:00:00,M2,42.0,0.28489006189944904,63.678259006838836,OpA
2025-02-19 14:00:00,M3,48.0,0.17613287987387738,63.55912203179273,OpB
2025-02-19 14:00:00,M4,51.0,0.11211139282586752,63.66576058997702,OpB
2025-02-19 15:00:00,M1,,0.17078464777456215,63.55518837085253,OpA
2025-02-19 15:00:00,M2,48.0,0.21715435167218455,59.39916128766511,OpC
2025-02-19 15:00:00,M3,48.0,0.3263664759603931,,OpB
2025-02-19 15:00:00,M4,60.0,0.49936034305383825,63.07997392989116,OpA
2025-02-19 16:00:00,M1,,0.17029773191233788,64.20962381278991,OpA
2025-02-19 16:00:00,M2,37.0,0.4810598259081485,61.945817971615355,OpA
2025-02-19 16:00:00,M3,45.0,0.01950700297835748,62.164774958342484,OpB
2025-02-19 16:00:00,M4,53.0,0.3439900921295183,63.348679141714626,OpC
2025-02-19 17:00:00,M1,41.0,0.0874651918729035,61.27880065103099,OpB
2025-02-19 17:00:00,M2,44.0,0.10809664717815863,61.040199169301005,OpC
2025-02-19 17:00:00,M3,55.0,0.3116725512953285,63.74717458287195,OpC
2025-02-19 17:00:00,M4,57.0,0.28081305992422134,61.2461113624438,OpC
2025-02-19 18:00:00,M1,42.0,0.316287550967418,59.629604928489755,OpB
2025-02-19 18:00:00,M2,55.0,0.20374840352977472,60.949174002730246,OpB
2025-02-19 18:00:00,M3,50.0,0.1316355880249453,57.23374608635597,OpA
2025-02-19 18:00:00,M4,63.0,0.44666948076559726,61.02625250085815,OpC
2025-02-19 19:00:00,M1,51.0,0.1844441265124553,57.62026606184717,OpA
2025-02-19 19:00:00,M2,52.0,0.34839435491961385,60.63428605191312,OpC
2025-02-19 19:00:00,M3,55.0,0.29717011862298176,60.66420851148151,OpB
2025-02-19 19:00:00,M4,43.0,0.14196826940823057,61.818352060023976,OpB
2025-02-19 20:00:00,M1,28.0,0.23270493927741523,,OpB
2025-02-19 20:00:00,M2,56.0,0.24857913700801476,64.15626512000506,OpB
2025-02-19 20:00:00,M3,52.0,0.15291324197005204,63.27777448746581,OpA
2025-02-19 20:00:00,M4,43.0,0.4260012476457293,63.426917638036294,OpC
2025-02-19 21:00:00,M1,49.0,0.285259519036757,64.45186862680394,OpB
2025-02-19 21:00:00,M2,34.0,0.06742811999987798,63.699985422719124,OpA
2025-02-19 21:00:00,M3,57.0,0.22194931810678553,62.891438996867606,OpC
2025-02-19 21:00:00,M4,50.0,0.201380460107459,64.36315615276787,OpB
2025-02-19 22:00:00,M1,47.0,0.3447198705365698,62.01465389001101,OpC
2025-02-19 22:00:00,M2,55.0,,64.50447885957375,OpB
2025-02-19 22:00:00,M3,54.0,0.5498123300676785,63.88328210751778,OpC
2025-02-19 22:00:00,M4,45.0,0.12261270821626175,67.37229729193291,OpC
2025-02-19 23:00:00,M1,63.0,0.5573855046358985,67.42351439239567,OpA
2025-02-19 23:00:00,M2,46.0,0.41922057922796074,70.42831522434173,OpA
2025-02-19 23:00:00,M3,52.0,0.4128784680206859,65.02502463974201,OpA
2025-02-19 23:00:00,M4,50.0,0.11248591207895488,62.73227996751213,OpC
2025-02-20 00:00:00,M1,51.0,0.5533523244022266,72.22770596235942,OpC
2025-02-20 00:00:00,M2,46.0,,68.91965732169983,OpA
2025-02-20 00:00:00,M3,45.0,0.03364406086282842,69.43938126891679,OpB
2025-02-20 00:00:00,M4,50.0,0.1336189787593094,69.89254082915916,OpC
2025-02-20 01:00:00,M1,41.0,0.33677812549099745,72.903082960282,OpC
2025-02-20 01:00:00,M2,,0.2280989885950774,72.50031956107466,OpC
2025-02-20 01:00:00,M3,42.0,0.3658237905282469,73.43393523195957,OpB
2025-02-20 01:00:00,M4,53.0,0.2661989641235135,73.32764896378497,OpB
2025-02-20 02:00:00,M1,49.0,0.33272580898688064,73.70918550374736,OpB
2025-02-20 02:00:00,M2,51.0,0.3268775986635145,74.20147404407348,OpB
2025-02-20 02:00:00,M3,46.0,0.7373759609224555,75.20267257272648,OpA
2025-02-20 02:00:00,M4,48.0,0.4726276287733531,74.70879470448999,OpB
2025-02-20 03:00:00,M1,44.0,0.11502888793945498,79.71015280051728,OpB
2025-02-20 03:00:00,M2,38.0,0.17770320166328282,78.0299411210081,OpB
2025-02-20 03:00:00,M3,54.0,0.07686792815911898,75.56121621386517,OpC
2025-02-20 03:00:00,M4,59.0,0.49036556316876206,75.1337057940296,OpA
2025-02-20 04:00:00,M1,48.0,0.23474640406737074,76.36207416232433,OpC
2025-02-20 04:00:00,M2,61.0,0.135042419576819,79.23702642099006,OpB
2025-02-20 04:00:00,M3,44.0,0.6047163576805078,76.10931418941416,OpA
2025-02-20 04:00:00,M4,48.0,0.22564518863967595,79.30307089420484,OpC
2025-02-20 05:00:00,M1,48.0,0.44762432209165864,79.47030959686124,OpC
2025-02-20 05:00:00,M2,39.0,,80.3745540161491,OpB
2025-02-20 05:00:00,M3,63.0,0.44886036996926276,81.45848585621233,OpC
2025-02-20 05:00:00,M4,48.0,0.25214531300998383,79.5548369303937,OpA
2025-02-20 06:00:00,M1,,0.3240202601595963,82.12760855498722,OpA
2025-02-20 06:00:00,M2,48.0,0.7422713190300889,,OpC
2025-02-20 06:00:00,M3,49.0,0.13486595957707573,79.10620828705423,OpA
2025-02-20 06:00:00,M4,61.0,0.27071397042435097,82.05618259571574,OpC
2025-02-20 07:00:00,M1,56.0,0.1411409357310947,75.62027136539574,OpB
2025-02-20 07:00:00,M2,47.0,0.15279001280047402,83.4668135395593,OpC
2025-02-20 07:00:00,M3,42.0,0.09743065163712596,79.5113272808109,OpB
2025-02-20 07:00:00,M4,45.0,0.2325041871000427,78.38595680009199,OpB
2025-02-20 08:00:00,M1,53.0,0.3285557089899609,80.42806447343338,OpA
2025-02-20 08:00:00,M2,56.0,0.18347772535720033,75.72529989188645,OpA
2025-02-20 08:00:00,M3,42.0,0.20993782662701582,77.71068135855883,OpC
2025-02-20 08:00:00,M4,48.0,0.3126159746615816,79.44378591216679,OpA
2025-02-20 09:00:00,M1,55.0,0.16876661029649834,78.19601889608204,OpB
2025-02-20 09:00:00,M2,44.0,0.11448126777953309,74.39567532674103,OpA
2025-02-20 09:00:00,M3,53.0,0.34733087915547717,77.53818919727281,OpA
2025-02-20 09:00:00,M4,38.0,0.22677904287070483,81.90989755545482,OpC
2025-02-20 10:00:00,M1,54.0,0.1140616787771243,77.99404419081161,OpB
2025-02-20 10:00:00,M2,53.0,0.40582277548316004,74.95170166993755,OpB
2025-02-20 10:00:00,M3,50.0,0.11674656326481132,,OpA
2025-02-20 10:00:00,M4,42.0,0.0673367219135164,75.37388952125117,OpC
2025-02-20 11:00:00,M1,47.0,0.30971915030172376,74.58434046588026,OpA
2025-02-20 11:00:00,M2,41.0,0.4075085942201337,73.63839648303266,OpC
2025-02-20 11:00:00,M3,38.0,0.3665512710021896,74.91708273673731,OpC
2025-02-20 11:00:00,M4,46.0,0.2736753001541803,77.05486236639787,OpA
2025-02-20 12:00:00,M1,52.0,0.39921344368823247,69.96504666783703,OpC
2025-02-20 12:00:00,M2,57.0,0.40600684282709676,74.58507672363118,OpB
2025-02-20 12:00:00,M3,51.0,0.25238308609600274,67.91799510728787,OpC
2025-02-20 12:00:00,M4,46.0,0.6832826251323991,70.90071827171244,OpB
2025-02-20 13:00:00,M1,60.0,0.2711909762448296,65.0609539134767,OpC
2025-02-20 13:00:00,M2,60.0,0.32289762506680125,65.82798826337542,OpA
2025-02-20 13:00:00,M3,,0.39205534093457867,65.75360276394579,OpC
2025-02-20 13:00:00,M4,48.0,0.14646766107372672,62.99421598351794,OpC
2025-02-20 14:00:00,M1,42.0,0.413926684883896,66.34538747653993,OpC
2025-02-20 14:00:00,M2,48.0,0.2804732770122231,66.20671006801916,OpB
2025-02-20 14:00:00,M3,56.0,0.3823234428792559,64.15772325347113,OpA
2025-02-20 14:00:00,M4,52.0,0.5272307168297685,,OpB
2025-02-20 15:00:00,M1,54.0,0.3154754459232497,60.83287999484994,OpB
2025-02-20 15:00:00,M2,,0.580501752383246,65.27698446404702,OpA
2025-02-20 15:00:00,M3,48.0,0.22296190136212912,62.646054886287104,OpC
2025-02-20 15:00:00,M4,41.0,0.3927527695200726,61.637255638713214,OpB
2025-02-20 16:00:00,M1,45.0,,61.49430152100835,OpC
2025-02-20 16:00:00,M2,52.0,0.27108000987169,62.629461204863475,OpB
2025-02-20 16:00:00,M3,52.0,0.2716280419941351,62.00280352716744,OpB
2025-02-20 16:00:00,M4,52.0,0.2661421394543113,58.36719267899484,OpB
2025-02-20 17:00:00,M1,55.0,0.6618585128591901,58.471505344019384,OpB
2025-02-20 17:00:00,M2,46.0,0.1916442884680201,58.80448034253652,OpC
2025-02-20 17:00:00,M3,44.0,0.23089788206071468,63.474684119868826,OpA
2025-02-20 17:00:00,M4,56.0,0.10396394227625097,59.904817785152694,OpC
2025-02-20 18:00:00,M1,49.0,0.710969772151463,61.8205411317911,OpA
2025-02-20 18:00:00,M2,47.0,0.39258452378001707,59.29939687274999,OpB
2025-02-20 18:00:00,M3,55.0,0.3000419682369556,62.88895194984056,OpC
2025-02-20 18:00:00,M4,,0.2860264694334646,58.77176718365402,OpC
2025-02-20 19:00:00,M1,46.0,0.12527471921277775,61.85908970965704,OpA
2025-02-20 19:00:00,M2,46.0,0.28660446733191336,57.26000788551624,OpB
2025-02-20 19:00:00,M3,45.0,0.38707438257290644,59.84975838195097,OpB
2025-02-20 19:00:00,M4,43.0,0.16144853951813476,62.79397086139791,OpC
2025-02-20 20:00:00,M1,44.0,0.27623743021321323,61.87737288181677,OpC
2025-02-20 20:00:00,M2,44.0,0.06999134010260814,,OpA
2025-02-20 20:00:00,M3,45.0,0.30977266601288844,58.91996613884657,OpB
2025-02-20 20:00:00,M4,51.0,0.2028166956714902,,OpC
2025-02-20 21:00:00,M1,39.0,0.6512114839930413,64.47877462410156,OpB
2025-02-20 21:00:00,M2,39.0,0.5791562966653655,66.89671376587427,OpA
2025-02-20 21:00:00,M3,57.0,0.08406109796399933,64.51824200641512,OpA
2025-02-20 21:00:00,M4,51.0,0.11952139852224929,61.91423544159793,OpB
2025-02-20 22:00:00,M1,54.0,,62.34888877475842,OpB
2025-02-20 22:00:00,M2,42.0,,,OpA
2025-02-20 22:00:00,M3,58.0,0.4010495025206852,62.858783001519434,OpB
2025-02-20 22:00:00,M4,52.0,0.2396154171283167,65.43512205562473,OpA
2025-02-20 23:00:00,M1,65.0,0.056470756681707555,69.21973726828712,OpC
2025-02-20 23:00:00,M2,47.0,0.10614180950484467,64.26883058914507,OpC
2025-02-20 23:00:00,M3,47.0,0.2528649054811394,67.61753985131897,OpC
2025-02-20 23:00:00,M4,43.0,0.09983614103124781,68.29731362492727,OpA
2025-02-21 00:00:00,M1,50.0,0.1417633554334805,67.08315707606307,OpB
2025-02-21 00:00:00,M2,48.0,0.1948680480461528,69.2272619282392,OpC
2025-02-21 00:00:00,M3,58.0,0.1305348813800948,70.04596320347724,OpB
2025-02-21 00:00:00,M4,,0.29355308112840045,75.099119748602,OpC
2025-02-21 01:00:00,M1,48.0,0.17930613353274077,72.23307379776861,OpC
2025-02-21 01:00:00,M2,47.0,0.3905401483007689,72.94622344126323,OpB
2025-02-21 01:00:00,M3,39.0,0.12108639344337564,76.02089438665111,OpA
2025-02-21 01:00:00,M4,49.0,0.04956847056970194,71.31271615012615,OpA
2025-02-21 02:00:00,M1,37.0,0.16086991403348422,75.43353634018202,OpB
2025-02-21 02:00:00,M2,54.0,0.1482936049964664,75.33261454856991,OpB
2025-02-21 02:00:00,M3,53.0,0.32653747448284187,75.82962766217052,OpA
2025-02-21 02:00:00,M4,54.0,0.13225930864076466,75.6728041500763,OpC
2025-02-21 03:00:00,M1,54.0,0.2640881773223809,75.85283035732516,OpA
2025-02-21 03:00:00,M2,59.0,0.14454300945773965,79.90907210716198,OpA
2025-02-21 03:00:00,M3,63.0,0.2876964827656526,75.75352715272815,OpC
2025-02-21 03:00:00,M4,45.0,0.0705841760516719,83.21174095534273,OpC
2025-02-21 04:00:00,M1,43.0,0.2382331354882817,73.13939578419682,OpC
2025-02-21 04:00:00,M2,,0.1122718312911637,77.00124706432015,OpA
2025-02-21 04:00:00,M3,45.0,0.11203918851647873,80.04767069929933,OpB
2025-02-21 04:00:00,M4,59.0,0.11675147937001956,78.1484040799998,OpC
2025-02-21 05:00:00,M1,39.0,0.36655085795104686,79.24868078737286,OpA
2025-02-21 05:00:00,M2,,0.5721111040203836,80.44643905975626,OpB
2025-02-21 05:00:00,M3,55.0,0.4368567111010287,79.27806805582857,OpB
2025-02-21 05:00:00,M4,53.0,0.13953580422589648,77.98688798908347,OpC
2025-02-21 06:00:00,M1,50.0,0.30343132104283993,81.90927061365471,OpA
2025-02-21 06:00:00,M2,40.0,0.4168177334280191,78.26207776516097,OpC
2025-02-21 06:00:00,M3,70.0,0.27322347454674495,79.1855460632722,OpA
2025-02-21 06:00:00,M4,62.0,0.4614589863327298,79.79621609413917,OpA
2025-02-21 07:00:00,M1,55.0,0.49200970052035,81.29701466856821,OpA
2025-02-21 07:00:00,M2,64.0,0.41293271106980767,78.31193191287286,OpC
2025-02-21 07:00:00,M3,49.0,0.4061808321116234,80.14862510735348,OpB
2025-02-21 07:00:00,M4,47.0,0.504949239591897,80.99346477440865,OpB
2025-02-21 08:00:00,M1,51.0,0.3249741325442435,78.81379322566376,OpA
2025-02-21 08:00:00,M2,56.0,0.2064071948942172,77.31446371199335,OpC
2025-02-21 08:00:00,M3,64.0,0.1686052224946011,79.5060357505893,OpB
2025-02-21 08:00:00,M4,40.0,0.3272797567975734,79.00838035944084,OpB
2025-02-21 09:00:00,M1,51.0,0.06703206457694083,79.25563458981748,OpA
2025-02-21 09:00:00,M2,50.0,0.39235485532041475,77.9086106078746,OpC
2025-02-21 09:00:00,M3,37.0,0.4096355450142364,,OpA
2025-02-21 09:00:00,M4,51.0,0.21432179627184353,78.25157050532636,OpA
2025-02-21 10:00:00,M1,44.0,0.1713128530379338,75.50808132094076,OpA
2025-02-21 10:00:00,M2,41.0,0.23454166828407452,73.67746351271286,OpB
2025-02-21 10:00:00,M3,58.0,0.022692193521937992,74.06176236263225,OpC
2025-02-21 10:00:00,M4,55.0,0.29290413573392377,77.88174102731222,OpA
2025-02-21 11:00:00,M1,45.0,0.591260174376831,72.39823980252316,OpB
2025-02-21 11:00:00,M2,41.0,0.5292650877737822,74.89634158372317,OpA
2025-02-21 11:00:00,M3,51.0,0.2784459938134089,72.05949171762556,OpA
2025-02-21 11:00:00,M4,51.0,0.1263149093866622,74.0294653549657,OpC
2025-02-21 12:00:00,M1,45.0,0.23516641424515222,68.88895188914474,OpC
2025-02-21 12:00:00,M2,53.0,,,OpB
2025-02-21 12:00:00,M3,44.0,0.3907019045660834,68.42797953802793,OpA
2025-02-21 12:00:00,M4,36.0,0.5041596836695418,70.30519963396844,OpA
2025-02-21 13:00:00,M1,51.0,0.18931904401196736,67.15100232345777,OpC
2025-02-21 13:00:00,M2,41.0,0.1918596797401744,69.78547047796162,OpA
2025-02-21 13:00:00,M3,45.0,0.2649353385835892,68.62563661801671,OpB
2025-02-21 13:00:00,M4,59.0,0.3190492657504028,60.632694272757746,OpA
2025-02-21 14:00:00,M1,,0.10565420642200687,65.23220543661424,OpA
2025-02-21 14:00:00,M2,49.0,0.20196160487297846,64.65505517284899,OpB
2025-02-21 14:00:00,M3,,0.5073486568688399,63.59125292280781,OpB
2025-02-21 14:00:00,M4,55.0,0.21184990376427565,69.09146041115316,OpC
2025-02-21 15:00:00,M1,64.0,0.1313620576854566,61.02719560692639,OpA
2025-02-21 15:00:00,M2,,0.052614154819480806,62.837162357553616,OpA
2025-02-21 15:00:00,M3,42.0,0.36131825639910237,60.632530170895016,OpC
2025-02-21 15:00:00,M4,46.0,0.2980013987865422,65.19902838029523,OpC
2025-02-21 16:00:00,M1,42.0,0.3352125204150993,,OpC
2025-02-21 16:00:00,M2,,,60.51174707065473,OpC
2025-02-21 16:00:00,M3,54.0,0.3435612991818826,58.669629562885746,OpA
2025-02-21 16:00:00,M4,53.0,0.496763682971559,62.256451968247305,OpC
2025-02-21 17:00:00,M1,51.0,0.23300397995159397,59.12139899384163,OpC
2025-02-21 17:00:00,M2,45.0,0.22556517075844718,61.57087501933046,OpC
2025-02-21 17:00:00,M3,50.0,0.3117925321670687,59.686780800778706,OpA
2025-02-21 17:00:00,M4,50.0,0.3201593671875381,59.48216743881851,OpC
2025-02-21 18:00:00,M1,43.0,0.09688629260979746,,OpA
2025-02-21 18:00:00,M2,49.0,,62.02177572004098,OpA
2025-02-21 18:00:00,M3,41.0,0.3324990438574836,63.06648696151492,OpA
2025-02-21 18:00:00,M4,53.0,0.15298919492902355,58.41923462283847,OpA
2025-02-21 19:00:00,M1,39.0,0.05831558108467333,62.527493951760626,OpA
2025-02-21 19:00:00,M2,42.0,0.4077324327119268,61.015595936313474,OpA
2025-02-21 19:00:00,M3,,0.23388106689822946,59.66045813759026,OpB
2025-02-21 19:00:00,M4,41.0,0.3499512997327079,58.77902209096078,OpB
2025-02-21 20:00:00,M1,70.0,0.1516933848198906,62.18240203713635,OpC
2025-02-21 20:00:00,M2,62.0,0.132741566202021,61.72555329838636,OpA
2025-02-21 20:00:00,M3,56.0,0.5163890421710928,60.57130084723128,OpA
2025-02-21 20:00:00,M4,60.0,0.2860084029819318,64.62238198903357,OpA
2025-02-21 21:00:00,M1,56.0,0.18220042824601027,62.19877696871222,OpA
2025-02-21 21:00:00,M2,43.0,0.11699801624142621,62.52943597730981,OpB
2025-02-21 21:00:00,M3,54.0,0.387563356535222,61.6297197607908,OpA
2025-02-21 21:00:00,M4,56.0,0.16335817456203264,64.85194661283052,OpB
2025-02-21 22:00:00,M1,53.0,0.1959518085935133,65.1048924265683,OpB
2025-02-21 22:00:00,M2,41.0,0.2591362009951467,64.79252933308284,OpB
2025-02-21 22:00:00,M3,55.0,0.3419067278749201,67.11418380812839,OpC
2025-02-21 22:00:00,M4,50.0,0.040642986046663755,64.32457323765895,OpA
2025-02-21 23:00:00,M1,55.0,0.05937730937805507,,OpA
2025-02-21 23:00:00,M2,48.0,0.1304398764487049,64.40306678370068,OpC
2025-02-21 23:00:00,M3,59.0,0.5121851572949587,67.51833115031322,OpC
2025-02-21 23:00:00,M4,57.0,,,OpB
2025-02-22 00:00:00,M1,42.0,0.5071346251770076,70.10282709460242,OpB
2025-02-22 00:00:00,M2,56.0,0.11988455547559006,70.67670382488016,OpA
2025-02-22 00:00:00,M3,57.0,,66.21925087331458,OpB
2025-02-22 00:00:00,M4,,0.01752861904395208,69.71292467329971,OpA
2025-02-22 01:00:00,M1,54.0,0.35154754281380624,73.0854345757347,OpC
2025-02-22 01:00:00,M2,66.0,0.13253750018234794,70.20463163208272,OpC
2025-02-22 01:00:00,M3,53.0,0.16237517362182224,73.71652189705443,OpB
2025-02-22 01:00:00,M4,54.0,0.48544486763879086,76.08458149972704,OpB
2025-02-22 02:00:00,M1,42.0,0.09277687385220784,73.94650553617416,OpB
2025-02-22 02:00:00,M2,52.0,0.2335651201475232,75.42905248697278,OpA
2025-02-22 02:00:00,M3,48.0,0.5175538873679274,76.9203557513707,OpA
2025-02-22 02:00:00,M4,57.0,0.13923413404453847,74.90025405184812,OpB
2025-02-22 03:00:00,M1,53.0,0.4165849797833401,76.52391416175928,OpA
2025-02-22 03:00:00,M2,,0.20756963069173753,74.0549624527531,OpA
2025-02-22 03:00:00,M3,49.0,0.42559290701842767,76.20412564391346,OpC
2025-02-22 03:00:00,M4,73.0,0.5763756508625907,78.55648088047238,OpB
2025-02-22 04:00:00,M1,55.0,0.27550024521860045,78.91318333545826,OpC
2025-02-22 04:00:00,M2,45.0,,76.54188415296136,OpC
2025-02-22 04:00:00,M3,62.0,0.5511282977968999,74.51516280518001,OpA
2025-02-22 04:00:00,M4,53.0,0.1729913842238177,76.59161474741116,OpA
2025-02-22 05:00:00,M1,48.0,0.31614570259968255,80.56589672603363,OpB
2025-02-22 05:00:00,M2,55.0,0.3301774877602752,77.34781524049724,OpA
2025-02-22 05:00:00,M3,55.0,0.5710251546632483,,OpC
2025-02-22 05:00:00,M4,42.0,0.3967497806935473,79.62425193742843,OpB
2025-02-22 06:00:00,M1,50.0,0.0884569386177729,80.55343264201396,OpC
2025-02-22 06:00:00,M2,41.0,0.32857797894668966,,OpC
2025-02-22 06:00:00,M3,42.0,0.2600337883797625,77.71550954948722,OpB
2025-02-22 06:00:00,M4,54.0,0.15928615170069174,76.27717962196854,OpB
2025-02-22 07:00:00,M1,45.0,0.4971275203411158,76.87999194989922,OpA
2025-02-22 07:00:00,M2,54.0,0.7297123652051372,83.58840217329524,OpC
2025-02-22 07:00:00,M3,42.0,0.5096770644535594,78.97568991135937,OpC
2025-02-22 07:00:00,M4,41.0,0.20076279959206317,82.28582325076479,OpA
2025-02-22 08:00:00,M1,48.0,0.075138622148058,84.17664113471287,OpC
2025-02-22 08:00:00,M2,55.0,0.2879244408723484,79.97790712686107,OpB
2025-02-22 08:00:00,M3,54.0,0.09044211948720246,79.98715896470556,OpA
2025-02-22 08:00:00,M4,54.0,0.32424763703512044,79.52128438235236,OpA
2025-02-22 09:00:00,M1,48.0,0.23525807012555675,,OpB
2025-02-22 09:00:00,M2,66.0,0.6953219691335311,79.02176136492172,OpA
2025-02-22 09:00:00,M3,54.0,0.21001368350867933,76.46894077715847,OpA
2025-02-22 09:00:00,M4,66.0,0.3966978074552451,77.63518281068467,OpA
2025-02-22 10:00:00,M1,57.0,0.06227459634425276,76.11291051834515,OpB
2025-02-22 10:00:00,M2,43.0,0.5618519036593436,77.04076046583667,OpC
2025-02-22 10:00:00,M3,34.0,0.15283235489581054,75.74470650545284,OpA
2025-02-22 10:00:00,M4,,0.30059164598793486,77.52977025129101,OpA
2025-02-22 11:00:00,M1,43.0,0.5560048457719249,73.12988895937364,OpC
2025-02-22 11:00:00,M2,,0.29962980184455806,73.09801656582958,OpB
2025-02-22 11:00:00,M3,40.0,0.30084857580620383,72.35075199443826,OpB
2025-02-22 11:00:00,M4,54.0,0.7056920834486125,72.15320209632574,OpA
2025-02-22 12:00:00,M1,59.0,0.2405381638762861,71.49092515687363,OpC
2025-02-22 12:00:00,M2,66.0,0.32838237648955004,68.86532918062066,OpC
2025-02-22 12:00:00,M3,46.0,0.3502810764131281,69.46734801914694,OpA
2025-02-22 12:00:00,M4,46.0,0.04643035024926244,73.8457572879803,OpC
2025-02-22 13:00:00,M1,48.0,0.28153826808824123,68.5448326269776,OpB
2025-02-22 13:00:00,M2,48.0,0.360484357100706,68.3327862109739,OpC
2025-02-22 13:00:00,M3,40.0,0.26796218353512635,64.48791478793595,OpC
2025-02-22 13:00:00,M4,56.0,0.44112353339573457,64.78778656398856,OpA
2025-02-22 14:00:00,M1,51.0,0.10545489308032464,66.16931879368238,OpB
2025-02-22 14:00:00,M2,54.0,0.4781609302847746,59.97729776852014,OpA
2025-02-22 14:00:00,M3,46.0,0.29974960795692657,67.7885380510307,OpB
2025-02-22 14:00:00,M4,50.0,0.22258618250053436,,OpA
2025-02-22 15:00:00,M1,45.0,0.6864694279917435,65.27145049819332,OpB
2025-02-22 15:00:00,M2,52.0,0.12671632304921435,62.084192956633856,OpB
2025-02-22 15:00:00,M3,68.0,0.25376794001658043,58.60314880991368,OpC
2025-02-22 15:00:00,M4,51.0,0.1694022102675659,63.498604129748074,OpC
2025-02-22 16:00:00,M1,57.0,0.4873632626866103,60.579772274617596,OpA
2025-02-22 16:00:00,M2,55.0,0.03294902238872137,60.874110020423835,OpC
2025-02-22 16:00:00,M3,49.0,0.2434899530420472,62.50233992064373,OpC
2025-02-22 16:00:00,M4,51.0,,60.954588556587055,OpA
2025-02-22 17:00:00,M1,47.0,0.3966090696913608,59.27626950709876,OpB
2025-02-22 17:00:00,M2,46.0,0.18126778619683726,56.99628730077226,OpA
2025-02-22 17:00:00,M3,46.0,0.43501914033987404,57.12777595251095,OpA
2025-02-22 17:00:00,M4,45.0,0.6661157306584683,59.258027050251286,OpC
2025-02-22 18:00:00,M1,52.0,0.2795520689691185,62.33308493963239,OpA
2025-02-22 18:00:00,M2,39.0,,63.54541349071387,OpC
2025-02-22 18:00:00,M3,41.0,0.03949142313363726,59.74080977411187,OpA
2025-02-22 18:00:00,M4,51.0,0.20722902220431144,59.5847866803425,OpA
2025-02-22 19:00:00,M1,72.0,0.3332245199677278,56.315507709117774,OpC
2025-02-22 19:00:00,M2,57.0,0.10624367715467312,62.15240471232827,OpB
2025-02-22 19:00:00,M3,64.0,0.11366757121002086,60.60970233498915,OpC
2025-02-22 19:00:00,M4,56.0,0.1339241740857332,61.272570188325155,OpA
2025-02-22 20:00:00,M1,58.0,0.21602974028998426,62.08517898006982,OpC
2025-02-22 20:00:00,M2,58.0,0.34429480052482053,60.47636973753918,OpC
2025-02-22 20:00:00,M3,42.0,0.4807992887681448,59.14235967368329,OpA
2025-02-22 20:00:00,M4,58.0,0.5370932134782167,63.64665344403659,OpB
2025-02-22 21:00:00,M1,43.0,0.2622138050184758,63.676455614693786,OpA
2025-02-22 21:00:00,M2,43.0,0.3272888074852316,63.586137251625,OpA
2025-02-22 21:00:00,M3,53.0,0.2952138756989149,59.197234870276674,OpB
2025-02-22 21:00:00,M4,61.0,0.24851337747658978,63.60175933872825,OpA
2025-02-22 22:00:00,M1,57.0,0.31338327719184916,67.31846952680843,OpB
2025-02-22 22:00:00,M2,49.0,0.4415072422730672,65.4763590961365,OpC
2025-02-22 22:00:00,M3,57.0,0.24012239296166762,61.74147063794937,OpC
2025-02-22 22:00:00,M4,70.0,0.3170245276358228,68.93548744468534,OpA
2025-02-22 23:00:00,M1,50.0,0.2587427125870308,66.81917655463259,OpB
2025-02-22 23:00:00,M2,43.0,0.6015100829325418,70.09028370725646,OpC
2025-02-22 23:00:00,M3,,0.2240525703793866,68.36469125157024,OpA
2025-02-22 23:00:00,M4,60.0,0.15888982962492096,66.61066587742961,OpB
2025-02-23 00:00:00,M1,31.0,0.48197575018498834,69.5144984607285,OpB
2025-02-23 00:00:00,M2,47.0,0.10588649956651645,68.18467976757314,OpC
2025-02-23 00:00:00,M3,46.0,0.3359465094475163,69.54198695509571,OpA
2025-02-23 00:00:00,M4,55.0,0.5735589277377032,65.51822915955042,OpB
2025-02-23 01:00:00,M1,44.0,0.2319807162435414,76.065333509706,OpA
2025-02-23 01:00:00,M2,42.0,0.4182176596553442,74.32043275484847,OpB
2025-02-23 01:00:00,M3,76.0,0.03284888887726814,73.97761508104193,OpB
2025-02-23 01:00:00,M4,48.0,0.0649921537069415,77.10865362980854,OpA
2025-02-23 02:00:00,M1,33.0,0.05713906480265873,74.7494571377178,OpC
2025-02-23 02:00:00,M2,61.0,0.19162998136918538,74.70183228767605,OpB
2025-02-23 02:00:00,M3,34.0,0.31642866030895295,77.1467553013085,OpB
2025-02-23 02:00:00,M4,44.0,0.3260557898024897,75.39409554770315,OpA
2025-02-23 03:00:00,M1,60.0,0.364036323234193,80.2013294072116,OpB
2025-02-23 03:00:00,M2,45.0,0.06762359212484147,76.7361563240326,OpA
2025-02-23 03:00:00,M3,62.0,0.4237155649807932,74.96326902251165,OpA
2025-02-23 03:00:00,M4,41.0,0.34088816883310336,80.318348056708,OpA
2025-02-23 04:00:00,M1,,0.32014674085438666,80.40808145667432,OpA
2025-02-23 04:00:00,M2,45.0,0.5949744625531822,79.10465419787018,OpC
2025-02-23 04:00:00,M3,52.0,0.3389730390093968,79.83804677998457,OpC
2025-02-23 04:00:00,M4,47.0,0.6502900683374461,80.65254701244498,OpC
2025-02-23 05:00:00,M1,51.0,0.22201042178794014,77.80735567474726,OpA
2025-02-23 05:00:00,M2,48.0,0.43114195327227367,78.49942532260822,OpC
2025-02-23 05:00:00,M3,55.0,0.20173816374903697,79.60420867103791,OpB
2025-02-23 05:00:00,M4,42.0,0.10606350222994539,76.78718885385696,OpB
2025-02-23 06:00:00,M1,44.0,0.024731562173746193,76.37385537866975,OpB
2025-02-23 06:00:00,M2,49.0,,81.85761679564237,OpA
2025-02-23 06:00:00,M3,57.0,0.0360141789984186,79.1243273047234,OpC
2025-02-23 06:00:00,M4,38.0,,78.2305985410791,OpA
2025-02-23 07:00:00,M1,48.0,0.3605492538689992,78.76575424216598,OpB
2025-02-23 07:00:00,M2,51.0,0.5723128326065128,80.36841502560125,OpA
2025-02-23 07:00:00,M3,51.0,0.11924675481950421,78.47165230291878,OpA
2025-02-23 07:00:00,M4,50.0,0.04004180110122308,77.85958427374706,OpC
2025-02-23 08:00:00,M1,40.0,0.7375058151100028,81.91467307166333,OpC
2025-02-23 08:00:00,M2,52.0,0.6115020501770916,80.50043710158076,OpC
2025-02-23 08:00:00,M3,56.0,0.4887445476581382,76.16852142889543,OpA
2025-02-23 08:00:00,M4,,0.37085273825059073,79.12258577195894,OpB
2025-02-23 09:00:00,M1,,0.39278883034800605,73.05171305537863,OpB
2025-02-23 09:00:00,M2,42.0,0.040108289279958374,,OpA
2025-02-23 09:00:00,M3,56.0,0.19115497097139683,76.6550894888664,OpB
2025-02-23 09:00:00,M4,48.0,0.2759602587194434,79.39220009455609,OpB
2025-02-23 10:00:00,M1,71.0,0.5050493113906428,75.12449921640192,OpC
2025-02-23 10:00:00,M2,46.0,0.5567623268481445,74.61025085688006,OpA
2025-02-23 10:00:00,M3,54.0,0.15358105236180172,73.73981206556203,OpC
2025-02-23 10:00:00,M4,53.0,0.13937274539336467,74.54478552974902,OpA
2025-02-23 11:00:00,M1,52.0,0.3999454834186543,73.64831440437183,OpC
2025-02-23 11:00:00,M2,58.0,0.26960099766395756,73.12106206145705,OpB
2025-02-23 11:00:00,M3,,0.24617489245384086,72.34287670684604,OpA
2025-02-23 11:00:00,M4,44.0,0.23917801755719312,71.65710326449582,OpA
2025-02-23 12:00:00,M1,39.0,0.10642250561844836,66.73920535067676,OpC
2025-02-23 12:00:00,M2,49.0,0.2220866877444111,71.3646273734964,OpA
2025-02-23 12:00:00,M3,,0.16366990278728277,69.9314701198851,OpB
2025-02-23 12:00:00,M4,48.0,0.28377991921886037,72.44586203638391,OpB
2025-02-23 13:00:00,M1,,0.2497520783325005,70.07760169120614,OpC
2025-02-23 13:00:00,M2,55.0,0.0584888053865079,63.88667637999937,OpB
2025-02-23 13:00:00,M3,42.0,0.2629104958287823,70.30253620189073,OpB
2025-02-23 13:00:00,M4,52.0,0.17570202759118778,67.20735033339882,OpB
2025-02-23 14:00:00,M1,,0.29742046042753256,64.12925192177309,OpA
2025-02-23 14:00:00,M2,60.0,0.34715786270767707,67.09151945645654,OpC
2025-02-23 14:00:00,M3,51.0,0.04373608489504406,64.3857444777241,OpA
2025-02-23 14:00:00,M4,34.0,,68.59977880310593,OpC
2025-02-23 15:00:00,M1,49.0,0.34649724737286414,67.11874748597161,OpA
2025-02-23 15:00:00,M2,44.0,0.1006716113175433,62.986686178823575,OpA
2025-02-23 15:00:00,M3,52.0,0.2217875020949527,62.9675908926587,OpC
2025-02-23 15:00:00,M4,51.0,0.22251384567348645,,OpA
2025-02-23 16:00:00,M1,66.0,0.3138692467562607,60.821708759460606,OpA
2025-02-23 16:00:00,M2,56.0,0.16821457545773247,60.35820293356572,OpB
2025-02-23 16:00:00,M3,48.0,0.1531248813008556,54.93858581662898,OpA
2025-02-23 16:00:00,M4,43.0,0.07744279198830636,64.28216363367599,OpC
2025-02-23 17:00:00,M1,56.0,0.17363048231358263,61.20616379505061,OpB
2025-02-23 17:00:00,M2,49.0,0.06368157974479767,61.40072401603484,OpB
2025-02-23 17:00:00,M3,53.0,,57.621502664535825,OpC
2025-02-23 17:00:00,M4,40.0,0.12403778524790028,62.461473845765326,OpB
2025-02-23 18:00:00,M1,47.0,0.38901200298551813,58.691121560843385,OpB
2025-02-23 18:00:00,M2,,0.41348947618990645,57.79608193349261,OpB
2025-02-23 18:00:00,M3,52.0,0.7156727137078228,60.124944598631,OpC
2025-02-23 18:00:00,M4,57.0,0.08381808945503846,59.49071242727218,OpB
2025-02-23 19:00:00,M1,47.0,0.3965662236064147,61.95006580152076,OpB
2025-02-23 19:00:00,M2,56.0,0.3852419284835685,59.77455472055782,OpA
2025-02-23 19:00:00,M3,44.0,0.5561950802571403,60.214468139231414,OpB
2025-02-23 19:00:00,M4,,0.41814871577753326,59.87754809265707,OpA
2025-02-23 20:00:00,M1,46.0,0.17649825417226245,63.2670174050176,OpB
2025-02-23 20:00:00,M2,54.0,0.14734734725016607,62.85220984332513,OpC
2025-02-23 20:00:00,M3,49.0,0.5569987135963641,60.209299758820805,OpB
2025-02-23 20:00:00,M4,43.0,0.17456825816896837,59.90481800603287,OpC
2025-02-23 21:00:00,M1,51.0,0.40569191596972404,60.28582609507725,OpC
2025-02-23 21:00:00,M2,56.0,0.35451770047749853,,OpC
2025-02-23 21:00:00,M3,53.0,0.2771683752240078,62.16049011045047,OpA
2025-02-23 21:00:00,M4,,0.34072276797142487,62.673092695387396,OpA
2025-02-23 22:00:00,M1,56.0,0.3086332706060086,65.56789674990723,OpA
2025-02-23 22:00:00,M2,48.0,0.4457466314939464,61.8188017698033,OpA
2025-02-23 22:00:00,M3,42.0,0.22567402386919305,65.57883280882896,OpB
2025-02-23 22:00:00,M4,43.0,0.189667246367737,66.23115607923727,OpB
2025-02-23 23:00:00,M1,52.0,0.3665507444117444,67.05410185028218,OpC
2025-02-23 23:00:00,M2,52.0,0.3376128502745056,68.27885789414007,OpB
2025-02-23 23:00:00,M3,48.0,0.1910560154114033,,OpB
2025-02-23 23:00:00,M4,64.0,0.2534293238617624,71.35954650779512,OpC
2025-02-24 00:00:00,M1,58.0,0.1720527862236221,70.30344095726004,OpC
2025-02-24 00:00:00,M2,48.0,0.20980030651756865,68.67846113404059,OpC
2025-02-24 00:00:00,M3,54.0,0.34702679169926015,69.52832579344468,OpA
2025-02-24 00:00:00,M4,64.0,0.382953486891194,72.39784274028943,OpA
2025-02-24 01:00:00,M1,47.0,0.5756085617145338,75.9021923376145,OpC
2025-02-24 01:00:00,M2,45.0,0.13658010991799022,69.91344836823102,OpB
2025-02-24 01:00:00,M3,55.0,0.23164454360907274,73.03883728839007,OpA
2025-02-24 01:00:00,M4,40.0,0.35800765869667595,71.0094209869274,OpC
2025-02-24 02:00:00,M1,50.0,0.07543594741851582,73.45772392080178,OpB
2025-02-24 02:00:00,M2,46.0,0.22276046635994978,77.67274522192636,OpC
2025-02-24 02:00:00,M3,34.0,0.26221179490849683,72.28292238465279,OpA
2025-02-24 02:00:00,M4,51.0,0.26779911219893426,76.32177238667977,OpC
2025-02-24 03:00:00,M1,,0.30028081259269174,78.70063280433234,OpB
2025-02-24 03:00:00,M2,51.0,0.32593858116960917,76.01699421127698,OpC
2025-02-24 03:00:00,M3,30.0,0.09168076283238114,76.82097856261103,OpB
2025-02-24 03:00:00,M4,60.0,0.282473964275195,,OpB
2025-02-24 04:00:00,M1,63.0,0.6905102399439687,79.73016554879025,OpC
2025-02-24 04:00:00,M2,56.0,0.24832605068087787,80.3539911454349,OpB
2025-02-24 04:00:00,M3,45.0,0.385833998000343,,OpC
2025-02-24 04:00:00,M4,55.0,0.19004294465325372,81.26496197746681,OpA
2025-02-24 05:00:00,M1,62.0,0.3823238289818656,77.8817546521102,OpB
2025-02-24 05:00:00,M2,45.0,0.40750998325238547,80.00337577833912,OpB
2025-02-24 05:00:00,M3,65.0,0.40932297561050973,79.48641207453868,OpC
2025-02-24 05:00:00,M4,56.0,0.13185408120269096,76.15885391092824,OpA
2025-02-24 06:00:00,M1,56.0,0.43451725051378215,79.81659452798337,OpC
2025-02-24 06:00:00,M2,52.0,0.14597864843396186,82.69083319048791,OpB
2025-02-24 06:00:00,M3,44.0,0.4409226815245652,82.59850333172439,OpB
2025-02-24 06:00:00,M4,59.0,0.6199886500254768,77.65979908467449,OpA
2025-02-24 07:00:00,M1,52.0,0.052677172910781285,77.36607916731008,OpA
2025-02-24 07:00:00,M2,57.0,0.2905771482236606,77.28242921961863,OpA
2025-02-24 07:00:00,M3,45.0,0.23316844820578225,77.81060532065604,OpC
2025-02-24 07:00:00,M4,59.0,,79.12009317568773,OpA
2025-02-24 08:00:00,M1,57.0,0.35102858501879547,77.09800269640259,OpB
2025-02-24 08:00:00,M2,49.0,,79.71400550796984,OpA
2025-02-24 08:00:00,M3,60.0,0.15180953872855563,78.77492579733159,OpA
2025-02-24 08:00:00,M4,55.0,0.28353861795692253,76.97640003999207,OpB
2025-02-24 09:00:00,M1,42.0,0.3759188860389833,77.8766133224275,OpA
2025-02-24 09:00:00,M2,68.0,0.2820891218157524,76.48352000980475,OpB
2025-02-24 09:00:00,M3,52.0,0.09173591516922051,76.83708124316284,OpB
2025-02-24 09:00:00,M4,41.0,0.09886255489099996,76.62955744784364,OpA
2025-02-24 10:00:00,M1,46.0,0.08376009389078655,73.54782907056685,OpB
2025-02-24 10:00:00,M2,55.0,0.14903581144379865,73.38294759261458,OpA
2025-02-24 10:00:00,M3,50.0,0.13945013537874323,72.85277625127875,OpB
2025-02-24 10:00:00,M4,40.0,0.3324417833623393,79.22635683985315,OpC
2025-02-24 11:00:00,M1,48.0,,72.40625022210912,OpC
2025-02-24 11:00:00,M2,54.0,0.34213382299872885,71.80093889723823,OpC
2025-02-24 11:00:00,M3,48.0,0.12338191517109742,71.22446288904423,OpA
2025-02-24 11:00:00,M4,50.0,0.5113004510616035,73.07779629073681,OpA
2025-02-24 12:00:00,M1,42.0,0.32652507642067735,69.2895561542509,OpC
2025-02-24 12:00:00,M2,50.0,0.24823284979549604,74.19977965162198,OpA
2025-02-24 12:00:00,M3,48.0,0.023030449978744913,,OpC
2025-02-24 12:00:00,M4,63.0,0.5762363655351007,67.79914982999844,OpB
2025-02-24 13:00:00,M1,54.0,0.5767894901734281,66.99535315277348,OpC
2025-02-24 13:00:00,M2,42.0,0.3880653995272927,70.38383485721705,OpA
2025-02-24 13:00:00,M3,59.0,0.09827161024964437,64.40150129139937,OpA
2025-02-24 13:00:00,M4,48.0,0.20124397546108078,67.50782687351723,OpA
2025-02-24 14:00:00,M1,59.0,0.3332805782445647,63.01537170524553,OpC
2025-02-24 14:00:00,M2,,0.18274890429431634,65.47507919147925,OpA
2025-02-24 14:00:00,M3,53.0,0.232234749850519,65.14985371308015,OpC
2025-02-24 14:00:00,M4,60.0,0.24928584233649764,65.61119569151184,OpB
2025-02-24 15:00:00,M1,59.0,0.05368042051444305,62.829401599598114,OpB
2025-02-24 15:00:00,M2,49.0,0.6534025443660425,64.31770777810499,OpA
2025-02-24 15:00:00,M3,55.0,0.3233811214943042,60.86021753715054,OpB
2025-02-24 15:00:00,M4,57.0,,59.33357017070827,OpC
2025-02-24 16:00:00,M1,60.0,0.3695464476463732,66.97737758263585,OpA
2025-02-24 16:00:00,M2,41.0,0.3021979425692753,60.82361626690144,OpB
2025-02-24 16:00:00,M3,41.0,0.2853907127632251,61.160291469409245,OpC
2025-02-24 16:00:00,M4,48.0,0.3654807513906774,58.853105988352084,OpB
2025-02-24 17:00:00,M1,56.0,0.17681410484926058,58.10007145476627,OpC
2025-02-24 17:00:00,M2,61.0,0.20787935601788385,59.43639272703913,OpB
2025-02-24 17:00:00,M3,44.0,0.19668980427336372,58.92268132796259,OpA
2025-02-24 17:00:00,M4,51.0,0.3936573523766681,61.073449672403335,OpC
2025-02-24 18:00:00,M1,46.0,0.1550216997195448,55.14181520337796,OpC
2025-02-24 18:00:00,M2,60.0,0.26522247973379137,61.01659425066414,OpA
2025-02-24 18:00:00,M3,,0.11866904804495491,58.7689522902786,OpB
2025-02-24 18:00:00,M4,43.0,,59.39597631369643,OpC
2025-02-24 19:00:00,M1,61.0,0.2683896233331848,,OpC
2025-02-24 19:00:00,M2,48.0,0.5216894410895337,58.49996212168715,OpB
2025-02-24 19:00:00,M3,51.0,0.2671834620702482,59.18911333095604,OpC
2025-02-24 19:00:00,M4,65.0,0.25147206747992196,58.03203848206141,OpA
2025-02-24 20:00:00,M1,49.0,0.3413246444433454,57.48131908356248,OpB
2025-02-24 20:00:00,M2,51.0,0.27774051752469675,59.56370152465265,OpC
2025-02-24 20:00:00,M3,45.0,0.3000873182145343,61.48346390576927,OpB
2025-02-24 20:00:00,M4,40.0,,60.88815265540301,OpA
2025-02-24 21:00:00,M1,45.0,0.20486177548143056,65.04387985849303,OpB
2025-02-24 21:00:00,M2,32.0,0.09970401159780741,64.32032448276372,OpC
2025-02-24 21:00:00,M3,43.0,0.36238638812336826,60.10653559830898,OpC
2025-02-24 21:00:00,M4,46.0,0.3909414553255423,61.66792487535143,OpB
2025-02-24 22:00:00,M1,45.0,0.17878838005224393,66.15377557716691,OpA
2025-02-24 22:00:00,M2,57.0,0.5183457342859138,68.57493393651225,OpB
2025-02-24 22:00:00,M3,55.0,0.029557317230661823,64.11439041163052,OpB
2025-02-24 22:00:00,M4,45.0,0.6445513787597753,63.08310448194384,OpB
2025-02-24 23:00:00,M1,53.0,0.22265322730497525,68.93865889392838,OpC
2025-02-24 23:00:00,M2,44.0,0.04657395842263312,66.35924317915821,OpA
2025-02-24 23:00:00,M3,46.0,0.5017190601437073,70.65613338905227,OpB
2025-02-24 23:00:00,M4,55.0,0.21893994328250077,65.22925456845634,OpC
2025-02-25 00:00:00,M1,35.0,0.30886266498327214,68.25027955590248,OpA
2025-02-25 00:00:00,M2,53.0,0.15474838551756562,64.89742316408537,OpC
2025-02-25 00:00:00,M3,54.0,0.4408800012089174,70.54259953326763,OpA
2025-02-25 00:00:00,M4,49.0,0.41586837011697864,70.80444974058348,OpB
2025-02-25 01:00:00,M1,50.0,0.10838365119974545,73.58336213130846,OpA
2025-02-25 01:00:00,M2,47.0,0.3290613049401906,75.08160201144848,OpB
2025-02-25 01:00:00,M3,45.0,0.19362033929102745,74.84406283868425,OpC
2025-02-25 01:00:00,M4,52.0,0.22819511464357975,71.66771856012119,OpB
2025-02-25 02:00:00,M1,53.0,0.048719364246374144,75.36902530190497,OpC
2025-02-25 02:00:00,M2,59.0,0.510064826608285,76.02090575498848,OpA
2025-02-25 02:00:00,M3,61.0,0.28568601605136423,76.14776660617986,OpB
2025-02-25 02:00:00,M4,49.0,0.21587947310422825,71.42920653743245,OpC
2025-02-25 03:00:00,M1,51.0,0.24368146189096127,77.11994713399186,OpA
2025-02-25 03:00:00,M2,48.0,0.11681747911349533,76.38947125941743,OpB
2025-02-25 03:00:00,M3,42.0,0.32076200898571644,77.68602897078235,OpA
2025-02-25 03:00:00,M4,44.0,0.35866921347666997,77.26677857223505,OpB
2025-02-25 04:00:00,M1,51.0,0.17735057620642677,79.19656280956484,OpB
2025-02-25 04:00:00,M2,51.0,0.22972553977721352,77.361455478834,OpA
2025-02-25 04:00:00,M3,49.0,0.2010435041357071,75.2925569567634,OpC
2025-02-25 04:00:00,M4,39.0,0.49559554097974384,76.45279891345196,OpB
2025-02-25 05:00:00,M1,57.0,0.2369657716157164,77.8145211600032,OpA
2025-02-25 05:00:00,M2,63.0,0.26957823152493726,80.61444233908998,OpB
2025-02-25 05:00:00,M3,,0.5330989700348348,82.6530076415524,OpB
2025-02-25 05:00:00,M4,38.0,0.18951091325563857,78.93767908633114,OpC
2025-02-25 06:00:00,M1,54.0,0.4023467830240488,79.152354268132,OpC
2025-02-25 06:00:00,M2,49.0,0.2587497373296351,79.82523741484057,OpA
2025-02-25 06:00:00,M3,58.0,,82.65616510469418,OpA
2025-02-25 06:00:00,M4,66.0,0.1290206142703752,80.99735802309542,OpB
2025-02-25 07:00:00,M1,51.0,0.32569681015023305,78.78639408134438,OpB
2025-02-25 07:00:00,M2,46.0,0.26291497307374184,80.36825028665126,OpB
2025-02-25 07:00:00,M3,56.0,0.28243245359453356,80.43731342609439,OpA
2025-02-25 07:00:00,M4,47.0,0.2421841546318616,78.84639543964283,OpC
2025-02-25 08:00:00,M1,58.0,0.33169165240410153,80.47673409542807,OpC
2025-02-25 08:00:00,M2,49.0,0.3670344684450825,79.09380203952564,OpA
2025-02-25 08:00:00,M3,58.0,0.2555039394113159,77.68799830195262,OpA
2025-02-25 08:00:00,M4,48.0,0.09093190246779985,78.02022891901282,OpB
2025-02-25 09:00:00,M1,36.0,0.4842820010728465,74.02436324550905,OpA
2025-02-25 09:00:00,M2,55.0,0.31094146819106283,76.07624854884568,OpC
2025-02-25 09:00:00,M3,55.0,,76.20210906203997,OpA
2025-02-25 09:00:00,M4,51.0,,74.84180571385657,OpA
2025-02-25 10:00:00,M1,48.0,0.34433683548703486,71.83290922208043,OpB
2025-02-25 10:00:00,M2,46.0,0.22931180639052062,73.9259280856421,OpB
2025-02-25 10:00:00,M3,59.0,0.44519632319836083,73.79865202133661,OpB
2025-02-25 10:00:00,M4,41.0,0.5097525688024315,73.56734194201405,OpC
2025-02-25 11:00:00,M1,50.0,0.20094226702309217,73.23071301246092,OpC
2025-02-25 11:00:00,M2,57.0,0.34510261441142676,70.03388684395885,OpB
2025-02-25 11:00:00,M3,53.0,,73.55048433650698,OpB
2025-02-25 11:00:00,M4,49.0,0.5616719393161209,74.80095855604873,OpA
2025-02-25 12:00:00,M1,46.0,0.5608048930893562,70.24837843758522,OpC
2025-02-25 12:00:00,M2,51.0,0.40137021070144896,70.36540508198048,OpB
2025-02-25 12:00:00,M3,,0.08890226500244866,70.5371054692994,OpB
2025-02-25 12:00:00,M4,50.0,0.27435614335918107,70.80027630576744,OpA
2025-02-25 13:00:00,M1,51.0,,70.83387068011662,OpC
2025-02-25 13:00:00,M2,47.0,0.121909500732406,67.6976529486462,OpA
2025-02-25 13:00:00,M3,50.0,0.11771824315552747,64.10123728188071,OpB
2025-02-25 13:00:00,M4,35.0,0.16620868812592393,63.84852643041683,OpB
2025-02-25 14:00:00,M1,38.0,0.41537424647951593,64.2563543136398,OpC
2025-02-25 14:00:00,M2,44.0,0.4496103933323372,65.72067819086848,OpC
2025-02-25 14:00:00,M3,52.0,0.22315133483360095,67.0038246714465,OpB
2025-02-25 14:00:00,M4,60.0,0.318387759229994,66.16532456084106,OpA
2025-02-25 15:00:00,M1,55.0,0.4845797561397264,65.75466531043757,OpB
2025-02-25 15:00:00,M2,44.0,0.11892272820754765,65.04116501280514,OpC
2025-02-25 15:00:00,M3,53.0,0.25934743064165944,63.574392048858066,OpA
2025-02-25 15:00:00,M4,43.0,0.1982741025894156,61.607881562820594,OpA
2025-02-25 16:00:00,M1,53.0,0.22344064266568012,61.90189695194344,OpA
2025-02-25 16:00:00,M2,54.0,0.15991309002648765,62.83958325909046,OpB
2025-02-25 16:00:00,M3,62.0,,54.52167378971378,OpA
2025-02-25 16:00:00,M4,38.0,0.1757307266332974,58.23520218447694,OpC
2025-02-25 17:00:00,M1,55.0,0.1676831241570198,,OpC
2025-02-25 17:00:00,M2,54.0,0.3293796766772607,58.40105324083972,OpC
2025-02-25 17:00:00,M3,46.0,0.21150096445941488,59.507133543873536,OpA
2025-02-25 17:00:00,M4,59.0,0.45886418374760723,62.65688534731298,OpC
2025-02-25 18:00:00,M1,60.0,0.22633043317846163,60.26344854509551,OpB
2025-02-25 18:00:00,M2,52.0,0.28405777350786804,61.30191878131968,OpC
2025-02-25 18:00:00,M3,41.0,0.6158434081955872,60.79105173593912,OpA
2025-02-25 18:00:00,M4,48.0,0.28575397488162396,,OpB
2025-02-25 19:00:00,M1,47.0,0.08651788029991954,62.28428264483326,OpC
2025-02-25 19:00:00,M2,51.0,0.21832533844552357,57.68127539381735,OpB
2025-02-25 19:00:00,M3,67.0,0.5187012854974605,61.56217992790487,OpC
2025-02-25 19:00:00,M4,,0.08142265191135593,55.60792823678684,OpC
2025-02-25 20:00:00,M1,63.0,0.27832592189893046,61.43970961085125,OpC
2025-02-25 20:00:00,M2,46.0,0.1504871189809505,,OpB
2025-02-25 20:00:00,M3,50.0,0.23965924253707033,63.025458854767,OpC
2025-02-25 20:00:00,M4,56.0,0.1351755599835636,,OpB
2025-02-25 21:00:00,M1,48.0,0.2777602612870369,65.6509222901147,OpB
2025-02-25 21:00:00,M2,59.0,0.20691527952028954,64.32003522238315,OpB
2025-02-25 21:00:00,M3,58.0,0.18447954806398156,63.370096447974355,OpC
2025-02-25 21:00:00,M4,64.0,0.38830143218160784,61.52380639514464,OpA
2025-02-25 22:00:00,M1,53.0,0.34439169032636524,65.57570907357128,OpC
2025-02-25 22:00:00,M2,58.0,0.4391681554873592,65.51029349458827,OpA
2025-02-25 22:00:00,M3,60.0,0.21544048749032407,63.22528822020452,OpC
2025-02-25 22:00:00,M4,54.0,0.2503751583119955,62.978091461718975,OpA
2025-02-25 23:00:00,M1,58.0,0.23983937211492382,67.15889847008879,OpA
2025-02-25 23:00:00,M2,46.0,0.23130518551969992,68.58274501457319,OpA
2025-02-25 23:00:00,M3,43.0,0.7014494594530257,67.51858367350331,OpA
2025-02-25 23:00:00,M4,56.0,0.43692724366207525,69.67897141092129,OpA
2025-02-26 00:00:00,M1,,0.13306431884100578,70.33317421717351,OpC
2025-02-26 00:00:00,M2,61.0,0.06550482884439436,68.31933429419115,OpB
2025-02-26 00:00:00,M3,50.0,0.1358795158777361,69.07982968678277,OpA
2025-02-26 00:00:00,M4,61.0,0.18717442248576868,72.04533215769615,OpA
2025-02-26 01:00:00,M1,68.0,0.379585730046712,70.91198614114431,OpA
2025-02-26 01:00:00,M2,55.0,,72.89098827854978,OpB
2025-02-26 01:00:00,M3,41.0,0.22003502498928282,72.57553301493526,OpC
2025-02-26 01:00:00,M4,57.0,0.3329451845684478,71.61136725440606,OpA
2025-02-26 02:00:00,M1,50.0,0.5286496556756753,74.79216935884706,OpB
2025-02-26 02:00:00,M2,53.0,0.18398909033167454,75.48465265233425,OpB
2025-02-26 02:00:00,M3,56.0,,75.31493380007346,OpC
2025-02-26 02:00:00,M4,42.0,0.1696163613202104,74.9583655555645,OpA
2025-02-26 03:00:00,M1,55.0,0.17991033172114845,78.1486926152732,OpB
2025-02-26 03:00:00,M2,54.0,0.2885271016619723,78.35356507791838,OpB
2025-02-26 03:00:00,M3,54.0,0.43154700611985713,,OpC
2025-02-26 03:00:00,M4,49.0,0.06997501029558265,78.20518255690685,OpB
2025-02-26 04:00:00,M1,39.0,0.4534762499260739,80.27122541832962,OpA
2025-02-26 04:00:00,M2,49.0,0.8085484777352936,80.9911831215598,OpB
2025-02-26 04:00:00,M3,54.0,0.22318655586872924,80.05156850061125,OpB
2025-02-26 04:00:00,M4,57.0,0.45813387919349113,78.90739222945408,OpB
2025-02-26 05:00:00,M1,31.0,0.6109766732005465,81.17218682946016,OpA
2025-02-26 05:00:00,M2,50.0,0.3272322627217021,79.80603125331358,OpB
2025-02-26 05:00:00,M3,59.0,0.2775847019606434,80.51103454490026,OpA
2025-02-26 05:00:00,M4,,0.19408015351927346,80.09536972968883,OpB
2025-02-26 06:00:00,M1,45.0,0.24701335966292753,77.9039419569723,OpA
2025-02-26 06:00:00,M2,55.0,0.06633645071580019,80.8129503140842,OpA
2025-02-26 06:00:00,M3,54.0,0.18122852468758516,81.40434075766242,OpB
2025-02-26 06:00:00,M4,43.0,0.11760200959381494,76.06582372261178,OpC
2025-02-26 07:00:00,M1,44.0,0.22598909105098305,77.25065265539163,OpC
2025-02-26 07:00:00,M2,59.0,0.12589233853870696,80.38661269941947,OpC
2025-02-26 07:00:00,M3,46.0,0.3914526439804686,77.77487237297368,OpC
2025-02-26 07:00:00,M4,50.0,0.5030805848995505,77.31285710635328,OpB
2025-02-26 08:00:00,M1,52.0,0.18047049309869348,80.71767808930358,OpC
2025-02-26 08:00:00,M2,36.0,0.10036817215963567,77.0178708933798,OpB
2025-02-26 08:00:00,M3,52.0,0.4088849191346162,76.01020149509195,OpA
2025-02-26 08:00:00,M4,,0.34163487787042046,77.72521081443031,OpA
2025-02-26 09:00:00,M1,39.0,0.08050284556615463,78.45036901338612,OpA
2025-02-26 09:00:00,M2,48.0,0.08759452479729016,76.5441894213865,OpB
2025-02-26 09:00:00,M3,50.0,0.11506848741387887,78.13289210775199,OpC
2025-02-26 09:00:00,M4,51.0,0.40068074618649724,77.56747078054809,OpC
2025-02-26 10:00:00,M1,36.0,0.11973291971528244,77.05450181498914,OpA
2025-02-26 10:00:00,M2,42.0,0.3022923107772628,74.43998704706873,OpC
2025-02-26 10:00:00,M3,,0.0977905848158419,74.4280218512243,OpC
2025-02-26 10:00:00,M4,51.0,0.43682740787140273,73.30813532722168,OpB
2025-02-26 11:00:00,M1,,0.14934090318009255,70.35663764579601,OpB
2025-02-26 11:00:00,M2,43.0,0.21679629651796245,72.85790049477265,OpC
2025-02-26 11:00:00,M3,57.0,,72.2364148238907,OpA
2025-02-26 11:00:00,M4,52.0,0.2324977359982352,73.20765969148562,OpC
2025-02-26 12:00:00,M1,43.0,0.13595898092158312,72.72900134131952,OpA
2025-02-26 12:00:00,M2,46.0,0.537312943260189,68.3054648394,OpC
2025-02-26 12:00:00,M3,63.0,,71.74119569310724,OpA
2025-02-26 12:00:00,M4,49.0,0.26562950080477893,71.76498976880164,OpA
2025-02-26 13:00:00,M1,54.0,0.3432401142206526,66.83486377723708,OpA
2025-02-26 13:00:00,M2,,0.36780259308589225,,OpC
2025-02-26 13:00:00,M3,46.0,0.48551401641316855,68.39391167958982,OpA
2025-02-26 13:00:00,M4,47.0,0.18000821431318528,64.58989696971794,OpB
2025-02-26 14:00:00,M1,46.0,0.7347833896666786,62.80509131999199,OpC
2025-02-26 14:00:00,M2,53.0,0.32186187811826733,67.77328016642036,OpB
2025-02-26 14:00:00,M3,,0.20785205931184889,,OpA
2025-02-26 14:00:00,M4,41.0,0.3379446766435505,61.458570423282076,OpB
2025-02-26 15:00:00,M1,50.0,0.09660548022637887,61.3384814601833,OpB
2025-02-26 15:00:00,M2,40.0,0.1023862371624524,59.86460046742755,OpB
2025-02-26 15:00:00,M3,53.0,0.8659793175650407,65.94425632315365,OpA
2025-02-26 15:00:00,M4,58.0,0.4268934872618962,64.5323750701511,OpA
2025-02-26 16:00:00,M1,50.0,0.48406392611335397,60.735059635576896,OpA
2025-02-26 16:00:00,M2,48.0,0.2926745933307491,62.242946410203004,OpC
2025-02-26 16:00:00,M3,51.0,0.6684721061134655,,OpA
2025-02-26 16:00:00,M4,49.0,0.2247668878513825,64.92574150213184,OpC
2025-02-26 17:00:00,M1,42.0,,58.60095649899775,OpC
2025-02-26 17:00:00,M2,51.0,0.41237072805775044,62.70661483998704,OpA
2025-02-26 17:00:00,M3,40.0,0.36804096056909585,61.15648982265252,OpC
2025-02-26 17:00:00,M4,47.0,0.1536146672000047,57.77281102671549,OpC
2025-02-26 18:00:00,M1,51.0,0.16675700668375384,58.395371576048184,OpB
2025-02-26 18:00:00,M2,47.0,0.04589150857573005,58.61171719707,OpA
2025-02-26 18:00:00,M3,41.0,,63.593375502497025,OpB
2025-02-26 18:00:00,M4,53.0,,60.38476788876227,OpC
2025-02-26 19:00:00,M1,58.0,0.5098688616003576,60.1937655756165,OpA
2025-02-26 19:00:00,M2,52.0,0.3838889103091928,58.98586373767402,OpB
2025-02-26 19:00:00,M3,52.0,0.4839175635512971,,OpC
2025-02-26 19:00:00,M4,49.0,0.2320766190872354,57.37699962324608,OpB
2025-02-26 20:00:00,M1,48.0,0.171308941555353,60.167139377873795,OpB
2025-02-26 20:00:00,M2,49.0,0.4943975384932168,61.348251808310806,OpC
2025-02-26 20:00:00,M3,46.0,0.4663132219353087,61.56694703228592,OpB
2025-02-26 20:00:00,M4,45.0,0.33679611317809166,62.62281888394414,OpA
2025-02-26 21:00:00,M1,43.0,0.5365450358959074,62.842981138457446,OpC
2025-02-26 21:00:00,M2,44.0,0.18769872811619426,62.35415118072157,OpB
2025-02-26 21:00:00,M3,53.0,0.18522530208335253,59.8182557693728,OpC
2025-02-26 21:00:00,M4,47.0,0.32343307608484867,57.84675074504857,OpA
2025-02-26 22:00:00,M1,49.0,0.3092997952841903,62.57401445679595,OpA
2025-02-26 22:00:00,M2,42.0,0.12885875192371216,64.01460560770337,OpB
2025-02-26 22:00:00,M3,50.0,0.19404348128078205,61.91714500710802,OpC
2025-02-26 22:00:00,M4,51.0,0.2012191189027393,64.10036270127148,OpB
2025-02-26 23:00:00,M1,,0.12719733188983834,68.26689863239328,OpA
2025-02-26 23:00:00,M2,48.0,0.3976441340418692,66.08476346927816,OpB
2025-02-26 23:00:00,M3,55.0,0.1406071018072056,69.69625216904481,OpB
2025-02-26 23:00:00,M4,50.0,0.08987538398214305,68.53511158736595,OpA
2025-02-27 00:00:00,M1,54.0,0.018841994731071312,67.73132305223669,OpA
2025-02-27 00:00:00,M2,,0.505239885912232,67.31865189108564,OpA
2025-02-27 00:00:00,M3,48.0,0.30414904781604574,69.53391736073654,OpB
2025-02-27 00:00:00,M4,60.0,0.3724852273822408,70.7377672371621,OpA
2025-02-27 01:00:00,M1,54.0,0.14929356581997946,72.35274435965879,OpA
2025-02-27 01:00:00,M2,56.0,0.5025410484256049,75.33474817289665,OpA
2025-02-27 01:00:00,M3,44.0,0.4266587404913794,72.73600519164921,OpC
2025-02-27 01:00:00,M4,53.0,0.14643687402168098,76.48065326035443,OpC
2025-02-27 02:00:00,M1,44.0,0.13226375386899358,75.14266086708683,OpC
2025-02-27 02:00:00,M2,41.0,0.07192770586498036,79.28982066369288,OpB
2025-02-27 02:00:00,M3,,0.3065605878557351,76.85614283685908,OpB
2025-02-27 02:00:00,M4,54.0,0.34803096729060756,76.49770325209256,OpB
2025-02-27 03:00:00,M1,63.0,0.1905049036059129,,OpC
2025-02-27 03:00:00,M2,65.0,0.2663691905119684,77.27274125523982,OpB
2025-02-27 03:00:00,M3,44.0,0.47844390533003855,78.5901237236312,OpB
2025-02-27 03:00:00,M4,47.0,0.14102245944533445,78.27385562412371,OpB
2025-02-27 04:00:00,M1,50.0,0.5059700750115227,80.27421716378436,OpC
2025-02-27 04:00:00,M2,47.0,0.38892751743981935,78.44633947036817,OpA
2025-02-27 04:00:00,M3,41.0,0.2267959502761552,80.72113969436579,OpB
2025-02-27 04:00:00,M4,57.0,0.42027552758419134,77.78979585546053,OpB
2025-02-27 05:00:00,M1,42.0,0.3749962389087328,80.31772404049269,OpC
2025-02-27 05:00:00,M2,42.0,0.14072026831387777,79.17122075985473,OpA
2025-02-27 05:00:00,M3,49.0,0.6611807121153858,75.98483165842849,OpA
2025-02-27 05:00:00,M4,56.0,0.28237356125824614,80.12073857342364,OpB
2025-02-27 06:00:00,M1,,0.0886548903400553,81.13746598481848,OpC
2025-02-27 06:00:00,M2,39.0,0.08960477636787476,78.90399242456137,OpC
2025-02-27 06:00:00,M3,50.0,0.46159549194097416,81.74140611470561,OpB
2025-02-27 06:00:00,M4,55.0,0.26797123947768675,,OpC
2025-02-27 07:00:00,M1,44.0,,83.46608028877274,OpC
2025-02-27 07:00:00,M2,41.0,,79.97603164719284,OpA
2025-02-27 07:00:00,M3,41.0,0.3453897241837642,78.06540182977923,OpC
2025-02-27 07:00:00,M4,55.0,0.1791072913966706,79.09432674727032,OpB
2025-02-27 08:00:00,M1,64.0,0.09014286226365857,76.35610445653145,OpA
2025-02-27 08:00:00,M2,44.0,0.2106716052183939,79.12877225990987,OpC
2025-02-27 08:00:00,M3,60.0,0.37282509215074117,75.91202603641662,OpC
2025-02-27 08:00:00,M4,48.0,0.05325253155812131,78.51772767370998,OpB
2025-02-27 09:00:00,M1,51.0,0.4240432247665833,81.02733257606141,OpC
2025-02-27 09:00:00,M2,50.0,0.06800934454425973,76.99040931938322,OpA
2025-02-27 09:00:00,M3,52.0,0.36014008346725757,75.99039486557636,OpC
2025-02-27 09:00:00,M4,53.0,,76.17294946611543,OpB
2025-02-27 10:00:00,M1,55.0,0.022524537665950466,77.74607827681851,OpB
2025-02-27 10:00:00,M2,46.0,0.17043284406146073,76.68257475109803,OpA
2025-02-27 10:00:00,M3,49.0,0.278874930892453,76.06911024410782,OpB
2025-02-27 10:00:00,M4,,0.255149997856014,73.57518639595939,OpB
2025-02-27 11:00:00,M1,57.0,0.1599107118779911,70.93514903242112,OpB
2025-02-27 11:00:00,M2,48.0,0.46312492435409497,73.11373107004727,OpC
2025-02-27 11:00:00,M3,50.0,0.37452509688183705,,OpC
2025-02-27 11:00:00,M4,60.0,0.5905324091605837,71.45186453045466,OpC
2025-02-27 12:00:00,M1,46.0,0.22289404726547274,71.2929707307549,OpA
2025-02-27 12:00:00,M2,43.0,0.1738090286889825,70.64628379844126,OpB
2025-02-27 12:00:00,M3,68.0,0.41276897534494406,,OpB
2025-02-27 12:00:00,M4,46.0,0.41919705487777065,72.25134706674974,OpC
2025-02-27 13:00:00,M1,58.0,0.2675280841356186,66.20387590240011,OpC
2025-02-27 13:00:00,M2,52.0,0.20196170374929504,71.18522909659225,OpA
2025-02-27 13:00:00,M3,64.0,0.12613792156703588,67.0746606877309,OpC
2025-02-27 13:00:00,M4,55.0,0.10197105506434666,70.02465435451552,OpA
2025-02-27 14:00:00,M1,46.0,0.30158142316366954,66.96859739514599,OpC
2025-02-27 14:00:00,M2,54.0,0.27315896539824946,66.4407567829264,OpC
2025-02-27 14:00:00,M3,64.0,0.22990122941208604,66.07518362365941,OpC
2025-02-27 14:00:00,M4,49.0,,67.57972215771647,OpB
2025-02-27 15:00:00,M1,39.0,0.4727070214108092,63.1986508516171,OpA
2025-02-27 15:00:00,M2,53.0,0.3393449572410542,59.01639609609614,OpA
2025-02-27 15:00:00,M3,53.0,0.21636600546585083,63.04055846973352,OpA
2025-02-27 15:00:00,M4,40.0,0.1464137028022219,,OpC
2025-02-27 16:00:00,M1,46.0,0.27063758652633507,,OpC
2025-02-27 16:00:00,M2,55.0,0.38475860698704284,59.00190207162713,OpA
2025-02-27 16:00:00,M3,53.0,0.2860409309245966,60.632996120098554,OpB
2025-02-27 16:00:00,M4,53.0,0.406608264025819,60.93793152043476,OpB
2025-02-27 17:00:00,M1,41.0,0.46907963960090227,62.330632169909784,OpC
2025-02-27 17:00:00,M2,51.0,0.3917161799075287,59.592502011191215,OpA
2025-02-27 17:00:00,M3,41.0,0.5843339120198267,60.210441979878624,OpB
2025-02-27 17:00:00,M4,44.0,0.2893293050437903,59.40194087849487,OpA
2025-02-27 18:00:00,M1,49.0,0.20440835819379266,64.74225880059817,OpA
2025-02-27 18:00:00,M2,46.0,0.6044003519036297,58.80782521577046,OpC
2025-02-27 18:00:00,M3,47.0,0.4037832786378008,59.71234285400882,OpC
2025-02-27 18:00:00,M4,46.0,0.030956170107228807,59.48392568976414,OpA
2025-02-27 19:00:00,M1,45.0,0.2554714806016883,60.7717501135373,OpC
2025-02-27 19:00:00,M2,51.0,0.021699617450735967,60.204224331235416,OpC
2025-02-27 19:00:00,M3,45.0,0.351426765870362,56.31487172292353,OpC
2025-02-27 19:00:00,M4,47.0,0.4472864327060887,,OpC
2025-02-27 20:00:00,M1,,0.14546338744633197,57.29244827816532,OpB
2025-02-27 20:00:00,M2,50.0,0.2886162077554774,59.67838165763113,OpA
2025-02-27 20:00:00,M3,46.0,0.24944592652838318,58.11907954053008,OpA
2025-02-27 20:00:00,M4,40.0,0.40409195455158087,61.29191255443849,OpB
2025-02-27 21:00:00,M1,57.0,0.24621950152253774,63.9942283689253,OpC
2025-02-27 21:00:00,M2,,0.1589156391639259,65.12899053098437,OpA
2025-02-27 21:00:00,M3,57.0,0.464116594894826,,OpB
2025-02-27 21:00:00,M4,40.0,0.39634774434751313,63.92979085997363,OpB
2025-02-27 22:00:00,M1,46.0,0.27130879129032315,61.65191660214601,OpB
2025-02-27 22:00:00,M2,42.0,0.2912495937196829,62.63571020634822,OpC
2025-02-27 22:00:00,M3,59.0,0.36772257677552284,60.92934264536774,OpB
2025-02-27 22:00:00,M4,51.0,0.1851278545599715,66.09673791821841,OpC
2025-02-27 23:00:00,M1,48.0,0.09334353511262544,66.30592067454091,OpB
2025-02-27 23:00:00,M2,54.0,,69.39301403917021,OpC
2025-02-27 23:00:00,M3,58.0,0.13219828424981012,67.93226284840517,OpA
2025-02-27 23:00:00,M4,61.0,0.6179604578226803,69.32032293571773,OpA
2025-02-28 00:00:00,M1,51.0,0.6103613828628432,69.78763369128903,OpC
2025-02-28 00:00:00,M2,53.0,0.15250737856292695,,OpC
2025-02-28 00:00:00,M3,39.0,0.2273081563627148,67.38510453498621,OpA
2025-02-28 00:00:00,M4,37.0,0.3716015351362666,70.33266858011615,OpB
2025-02-28 01:00:00,M1,51.0,0.37167275620734724,76.20300310294785,OpB
2025-02-28 01:00:00,M2,47.0,0.3475093435628898,71.67564133011999,OpA
2025-02-28 01:00:00,M3,45.0,0.5796996455141143,73.0742136575039,OpC
2025-02-28 01:00:00,M4,53.0,0.3854156058973887,74.29122265202375,OpA
2025-02-28 02:00:00,M1,54.0,0.31874651659649045,74.45831500324694,OpA
2025-02-28 02:00:00,M2,57.0,,72.43450241753955,OpC
2025-02-28 02:00:00,M3,58.0,0.09952291730609694,77.5986077912069,OpB
2025-02-28 02:00:00,M4,49.0,0.32198925370919396,75.07902107727831,OpA
2025-02-28 03:00:00,M1,52.0,0.17359921443054618,78.82771205327766,OpB
2025-02-28 03:00:00,M2,63.0,0.09955297061770402,78.40999950490502,OpB
2025-02-28 03:00:00,M3,59.0,0.2833458702042648,76.4210670394417,OpA
2025-02-28 03:00:00,M4,51.0,0.08550949642539425,80.497073182088,OpC
2025-02-28 04:00:00,M1,61.0,0.14532262246263544,78.6114796552554,OpC
2025-02-28 04:00:00,M2,34.0,,80.14016743731061,OpC
2025-02-28 04:00:00,M3,48.0,0.24729947653864637,76.15953021227763,OpC
2025-02-28 04:00:00,M4,40.0,0.03523385948614373,81.38328470686602,OpC
2025-02-28 05:00:00,M1,45.0,0.6123062227711475,74.76380642562309,OpB
2025-02-28 05:00:00,M2,46.0,0.3986721366591287,78.05282038641668,OpB
2025-02-28 05:00:00,M3,51.0,0.10685952075534948,80.21444305550956,OpA
2025-02-28 05:00:00,M4,48.0,0.2882543876467921,80.8828606443439,OpB
2025-02-28 06:00:00,M1,44.0,0.06808173916714266,77.59624462404149,OpB
2025-02-28 06:00:00,M2,53.0,0.1893524646512965,81.98285983334584,OpA
2025-02-28 06:00:00,M3,57.0,0.17703387293497985,79.11704436936199,OpA
2025-02-28 06:00:00,M4,50.0,0.2063564859764316,82.19363150750007,OpB
2025-02-28 07:00:00,M1,58.0,0.10343885801800037,79.28968026564051,OpA
2025-02-28 07:00:00,M2,39.0,0.3304949204706301,80.5628338685991,OpB
2025-02-28 07:00:00,M3,59.0,0.3612152946462504,81.95675299583758,OpC
2025-02-28 07:00:00,M4,54.0,0.09919082947250975,82.48917009055492,OpA
2025-02-28 08:00:00,M1,41.0,0.350797900234022,75.32302594155048,OpC
2025-02-28 08:00:00,M2,42.0,0.4989592676054946,74.40233450354582,OpC
2025-02-28 08:00:00,M3,43.0,0.2932755746521361,76.78465094136581,OpC
2025-02-28 08:00:00,M4,51.0,0.5197938117166179,77.00008445245632,OpB
2025-02-28 09:00:00,M1,50.0,0.06460734483286139,79.35994710089354,OpA
2025-02-28 09:00:00,M2,63.0,0.05400489001681059,76.36442322675867,OpC
2025-02-28 09:00:00,M3,52.0,0.1750230857143996,74.80969757070761,OpB
2025-02-28 09:00:00,M4,55.0,0.21672069161321608,81.15959180028828,OpB
2025-02-28 10:00:00,M1,59.0,0.04655047247512755,75.80748669779042,OpA
2025-02-28 10:00:00,M2,62.0,0.21243821189138665,74.59020924651959,OpA
2025-02-28 10:00:00,M3,40.0,0.4320610790038325,74.0442516014192,OpC
2025-02-28 10:00:00,M4,,0.19289699103527183,77.96426057698771,OpB
2025-02-28 11:00:00,M1,,0.08656808802683391,69.67108616267194,OpB
2025-02-28 11:00:00,M2,42.0,0.5057308340102886,75.47446623252122,OpB
2025-02-28 11:00:00,M3,42.0,0.1452332435074405,72.63376321723686,OpA
2025-02-28 11:00:00,M4,46.0,0.20837927373511417,71.56801313342793,OpB
2025-02-28 12:00:00,M1,43.0,0.23453079109707256,71.88817890612182,OpC
2025-02-28 12:00:00,M2,64.0,0.7881490265182021,71.69483982299778,OpB
2025-02-28 12:00:00,M3,60.0,0.19863915340716004,71.70277686462498,OpA
2025-02-28 12:00:00,M4,43.0,0.17410225998046827,71.8276201003596,OpB
2025-02-28 13:00:00,M1,52.0,0.0960827904322344,66.54043352665734,OpB
2025-02-28 13:00:00,M2,50.0,0.2654089023347284,66.48226051085534,OpA
2025-02-28 13:00:00,M3,42.0,0.07119514873538782,70.37239515026536,OpC
2025-02-28 13:00:00,M4,55.0,0.29564015105186797,69.80013211731745,OpB
2025-02-28 14:00:00,M1,48.0,0.3459845785713866,64.08959103244615,OpA
2025-02-28 14:00:00,M2,42.0,0.505391773858903,67.81884115480325,OpB
2025-02-28 14:00:00,M3,46.0,0.029240932664578844,67.00442931765602,OpB
2025-02-28 14:00:00,M4,47.0,0.23818965995880895,66.00211366914327,OpC
2025-02-28 15:00:00,M1,43.0,0.13587219499262707,61.37824091540023,OpC
2025-02-28 15:00:00,M2,51.0,0.2776529205737452,60.6817795324859,OpC
2025-02-28 15:00:00,M3,,0.4839849297790955,62.74738228435561,OpA
2025-02-28 15:00:00,M4,,0.2987833316231974,61.87187482737365,OpC
2025-02-28 16:00:00,M1,46.0,0.34286110033398676,60.09716359915979,OpB
2025-02-28 16:00:00,M2,46.0,0.16739576580815282,62.074386071844586,OpC
2025-02-28 16:00:00,M3,54.0,0.195465013076469,62.544854014712115,OpA
2025-02-28 16:00:00,M4,57.0,0.07790612213270484,59.64795547116272,OpA
2025-02-28 17:00:00,M1,65.0,0.27487966178629514,60.02245657469253,OpB
2025-02-28 17:00:00,M2,51.0,0.2588499304692195,62.21581113183881,OpA
2025-02-28 17:00:00,M3,47.0,0.3992573575449171,60.664204335769845,OpB
2025-02-28 17:00:00,M4,55.0,0.11420673302035865,61.11615719692802,OpA
2025-02-28 18:00:00,M1,51.0,0.04751560352497774,62.69942848454714,OpC
2025-02-28 18:00:00,M2,45.0,0.3422318805258888,60.83947395566607,OpA
2025-02-28 18:00:00,M3,49.0,0.05745081201072955,61.16673388672821,OpC
2025-02-28 18:00:00,M4,55.0,0.3353707231398987,58.932381683614935,OpC
2025-02-28 19:00:00,M1,42.0,,62.1631208974986,OpC
2025-02-28 19:00:00,M2,60.0,0.6884974055335369,57.90048897017342,OpB
2025-02-28 19:00:00,M3,46.0,0.20954317994138047,62.05040466425601,OpB
2025-02-28 19:00:00,M4,54.0,0.5548048637633543,57.547980088942936,OpB
2025-02-28 20:00:00,M1,52.0,0.32893090308307016,63.27152875265638,OpA
2025-02-28 20:00:00,M2,48.0,0.2323386711283026,61.86596933002498,OpC
2025-02-28 20:00:00,M3,44.0,0.3064338357588585,62.71239657351348,OpC
2025-02-28 20:00:00,M4,43.0,0.3581152889916275,61.67395975841373,OpB
2025-02-28 21:00:00,M1,66.0,0.4040068860855701,63.186962164822845,OpA
2025-02-28 21:00:00,M2,59.0,0.5304407146000832,61.80186480696486,OpC
2025-02-28 21:00:00,M3,44.0,0.5995315098693307,60.85734289819481,OpA
2025-02-28 21:00:00,M4,52.0,0.16024266878240057,63.966560501066304,OpC
2025-02-28 22:00:00,M1,,0.03788349463408893,66.26913705245042,OpA
2025-02-28 22:00:00,M2,44.0,0.5584656345266947,64.9188297043422,OpB
2025-02-28 22:00:00,M3,56.0,0.29200610584248493,65.79192369080083,OpC
2025-02-28 22:00:00,M4,41.0,0.41236667115909004,68.0052823946388,OpA
2025-02-28 23:00:00,M1,50.0,0.36294188228559093,66.4526301730875,OpC
2025-02-28 23:00:00,M2,52.0,0.36468555978654615,66.44091734203779,OpA
2025-02-28 23:00:00,M3,45.0,0.04616343745694414,66.76501426915625,OpA
2025-02-28 23:00:00,M4,,0.21931197017839912,65.98165653923905,OpB
2025-03-01 00:00:00,M1,50.0,0.28711296971024053,69.91291594435673,OpB
2025-03-01 00:00:00,M2,57.0,0.3334903203106007,66.82500595302952,OpC
2025-03-01 00:00:00,M3,61.0,,71.18089588823501,OpA
2025-03-01 00:00:00,M4,46.0,0.2393741386479678,69.35902413413176,OpC
2025-03-01 01:00:00,M1,41.0,0.06249834704939731,70.55647133030163,OpB
2025-03-01 01:00:00,M2,76.0,0.19579000018364842,72.32551542409837,OpC
2025-03-01 01:00:00,M3,61.0,0.15666573997968103,74.93573193322686,OpB
2025-03-01 01:00:00,M4,44.0,,72.0306561716039,OpA
2025-03-01 02:00:00,M1,47.0,0.035141770640448176,72.8987300446046,OpC
2025-03-01 02:00:00,M2,44.0,0.46442268848793533,74.09677591196215,OpC
2025-03-01 02:00:00,M3,50.0,0.4578710906327856,73.90312291740777,OpB
2025-03-01 02:00:00,M4,58.0,0.1335101156314892,73.34438732058285,OpC
2025-03-01 03:00:00,M1,49.0,0.12432019130670134,74.47103779559261,OpA
2025-03-01 03:00:00,M2,51.0,0.3818897802764034,,OpB
2025-03-01 03:00:00,M3,44.0,0.3726012189515517,75.73881597153861,OpB
2025-03-01 03:00:00,M4,56.0,0.31916261551354647,76.83621827872393,OpA
2025-03-01 04:00:00,M1,61.0,0.0923590941321659,81.35463590645955,OpA
2025-03-01 04:00:00,M2,47.0,,78.7584616899733,OpC
2025-03-01 04:00:00,M3,52.0,0.2809202733734521,78.15340452095724,OpB
2025-03-01 04:00:00,M4,34.0,0.16023674704109137,78.923521228949,OpB
2025-03-01 05:00:00,M1,62.0,0.20380253672378382,79.18186810194523,OpA
2025-03-01 05:00:00,M2,45.0,,84.70927475555229,OpC
2025-03-01 05:00:00,M3,40.0,0.3927179097553244,79.88118121810626,OpB
2025-03-01 05:00:00,M4,55.0,0.07626301134440175,81.12464347889201,OpA
2025-03-01 06:00:00,M1,43.0,0.4547055069640856,80.9342433075808,OpB
2025-03-01 06:00:00,M2,34.0,0.2303175453218966,79.61093738605287,OpA
2025-03-01 06:00:00,M3,48.0,0.2821492023225006,80.20739325016368,OpA
2025-03-01 06:00:00,M4,49.0,0.35072127134230824,80.02491873152576,OpA
2025-03-01 07:00:00,M1,61.0,0.5006792963200112,80.41171129523225,OpC
2025-03-01 07:00:00,M2,56.0,0.0635430386619586,77.8073128024025,OpB
2025-03-01 07:00:00,M3,53.0,0.2737159021614344,77.63436510399767,OpC
2025-03-01 07:00:00,M4,52.0,0.3077422272578337,80.16994088483676,OpA
2025-03-01 08:00:00,M1,38.0,0.1257707371832645,84.51369967836163,OpB
2025-03-01 08:00:00,M2,44.0,0.5954188322689375,81.0894485289711,OpB
2025-03-01 08:00:00,M3,63.0,0.19017355043508555,78.09359446105618,OpA
2025-03-01 08:00:00,M4,57.0,0.3653610026202203,77.20710618546495,OpB
2025-03-01 09:00:00,M1,59.0,0.2655984546705059,77.73156628600357,OpB
2025-03-01 09:00:00,M2,49.0,0.3293828514660721,77.37045177403128,OpC
2025-03-01 09:00:00,M3,48.0,0.32675129910093004,75.60274339556352,OpC
2025-03-01 09:00:00,M4,46.0,0.38872566999923386,76.41355720231154,OpB
2025-03-01 10:00:00,M1,44.0,0.28167401777717144,72.97270747706276,OpC
2025-03-01 10:00:00,M2,58.0,0.31344132895233207,73.44345248049038,OpC
2025-03-01 10:00:00,M3,60.0,0.41222685053856595,73.4191697842876,OpC
2025-03-01 10:00:00,M4,50.0,0.14505436212147443,75.13949819460498,OpB
2025-03-01 11:00:00,M1,49.0,0.07034093852702528,71.61973183531323,OpA
2025-03-01 11:00:00,M2,50.0,0.3018277796848882,69.9879732367693,OpA
2025-03-01 11:00:00,M3,49.0,0.20279043150375614,71.5822472322913,OpB
2025-03-01 11:00:00,M4,50.0,,74.37538755296778,OpA
2025-03-01 12:00:00,M1,,0.16360610737399417,70.15839541303806,OpB
2025-03-01 12:00:00,M2,,0.35420191363194303,73.68984850190951,OpC
2025-03-01 12:00:00,M3,51.0,0.5631708121936442,68.28697647844626,OpB
2025-03-01 12:00:00,M4,49.0,0.4616894578604416,69.72663043900265,OpC
2025-03-01 13:00:00,M1,,0.05541758889870416,63.0785859695353,OpA
2025-03-01 13:00:00,M2,62.0,0.37220488480856084,67.23822719961802,OpC
2025-03-01 13:00:00,M3,50.0,0.3244161169919324,66.54865946654024,OpC
2025-03-01 13:00:00,M4,56.0,0.3350217595554054,70.52155133657104,OpB
2025-03-01 14:00:00,M1,53.0,0.5494464685912054,63.47106118746324,OpB
2025-03-01 14:00:00,M2,53.0,0.446218755310912,66.94650246236253,OpB
2025-03-01 14:00:00,M3,51.0,0.1546756731985202,65.76648075356731,OpA
2025-03-01 14:00:00,M4,46.0,,67.63829455391515,OpC
2025-03-01 15:00:00,M1,44.0,0.18937257430117166,65.07524495160474,OpB
2025-03-01 15:00:00,M2,46.0,0.2201542817224537,64.10925278493953,OpC
2025-03-01 15:00:00,M3,40.0,0.2298355685560639,62.16969873168913,OpC
2025-03-01 15:00:00,M4,57.0,0.2511732844602521,59.874112176448456,OpA
2025-03-01 16:00:00,M1,51.0,0.5164426131082615,62.05768240957308,OpB
2025-03-01 16:00:00,M2,40.0,0.01840477505996587,,OpC
2025-03-01 16:00:00,M3,57.0,0.3803457607030307,57.84404526162804,OpC
2025-03-01 16:00:00,M4,58.0,0.10785563164815212,64.00072485903219,OpA
2025-03-01 17:00:00,M1,48.0,0.29286263394830625,61.9210536862695,OpC
2025-03-01 17:00:00,M2,,0.42492751932749745,59.49995956068894,OpC
2025-03-01 17:00:00,M3,51.0,0.21329076250705037,56.75617752204438,OpB
2025-03-01 17:00:00,M4,43.0,0.0501078921617304,60.56383443396164,OpC
2025-03-01 18:00:00,M1,56.0,0.3892549337727388,59.51393089808094,OpB
2025-03-01 18:00:00,M2,56.0,0.11183049360295413,57.48887224785986,OpC
2025-03-01 18:00:00,M3,55.0,0.19150936569863122,62.29327961888495,OpB
2025-03-01 18:00:00,M4,50.0,0.08715006854999112,60.259604350938474,OpB
2025-03-01 19:00:00,M1,48.0,0.35278160563230226,59.56562568591444,OpA
2025-03-01 19:00:00,M2,53.0,0.197454487023886,60.90264802270292,OpB
2025-03-01 19:00:00,M3,51.0,0.3447253494723035,61.58052599664055,OpA
2025-03-01 19:00:00,M4,44.0,0.25586003273969954,60.23554015089235,OpC
2025-03-01 20:00:00,M1,51.0,0.4813817847599125,62.79148944317516,OpB
2025-03-01 20:00:00,M2,42.0,0.0832087588191034,60.94838856118231,OpB
2025-03-01 20:00:00,M3,45.0,0.44356022955969965,,OpB
2025-03-01 20:00:00,M4,,0.5252470192406903,59.720551885059926,OpB
2025-03-01 21:00:00,M1,54.0,0.07597366893294362,63.63914135818797,OpC
2025-03-01 21:00:00,M2,48.0,0.17899397552272223,63.11402211803093,OpB
2025-03-01 21:00:00,M3,44.0,0.5839633186968185,64.55058942461956,OpC
2025-03-01 21:00:00,M4,45.0,0.5019428773685742,62.54645034945668,OpB
2025-03-01 22:00:00,M1,46.0,0.2748668949903184,64.0884358268742,OpA
2025-03-01 22:00:00,M2,64.0,0.061291220045471204,64.16146470536836,OpC
2025-03-01 22:00:00,M3,53.0,0.19213367704509857,65.59344764606767,OpA
2025-03-01 22:00:00,M4,53.0,0.18141408980776083,61.41418720515716,OpB
2025-03-01 23:00:00,M1,60.0,0.28120887916513737,69.811299651103,OpA
2025-03-01 23:00:00,M2,,0.08658094030567864,66.3293003465051,OpA
2025-03-01 23:00:00,M3,50.0,0.34630069988854423,62.77173570764386,OpB
2025-03-01 23:00:00,M4,53.0,0.170439985455131,67.64674658833218,OpA
2025-03-02 00:00:00,M1,51.0,0.27066444133607204,67.0274724356299,OpB
2025-03-02 00:00:00,M2,44.0,,,OpA
2025-03-02 00:00:00,M3,50.0,0.32444489441340313,75.52475438062368,OpA
2025-03-02 00:00:00,M4,48.0,0.10247278218752162,73.22043035603389,OpB
2025-03-02 01:00:00,M1,46.0,,74.98079251001057,OpB
2025-03-02 01:00:00,M2,57.0,0.25411292316835565,70.5554940790542,OpB
2025-03-02 01:00:00,M3,46.0,0.35062643572485486,73.25916305504487,OpA
2025-03-02 01:00:00,M4,48.0,0.2181631125626199,72.88010033365931,OpB
2025-03-02 02:00:00,M1,42.0,0.3033680568477269,74.20354933579534,OpB
2025-03-02 02:00:00,M2,48.0,0.2021055171722594,77.95407039494388,OpA
2025-03-02 02:00:00,M3,,0.17309318447809294,76.70215456973364,OpA
2025-03-02 02:00:00,M4,54.0,0.18091029715278698,75.53036566688789,OpA
2025-03-02 03:00:00,M1,59.0,0.29357023573711494,75.96632139371359,OpA
2025-03-02 03:00:00,M2,46.0,0.33100557512259954,75.73230455803164,OpB
2025-03-02 03:00:00,M3,48.0,0.03357464600438862,75.04485698293081,OpC
2025-03-02 03:00:00,M4,59.0,,77.7707455928125,OpA
2025-03-02 04:00:00,M1,45.0,0.1348781164896073,81.87200958715708,OpA
2025-03-02 04:00:00,M2,,0.08820333969460148,75.40944343091788,OpA
2025-03-02 04:00:00,M3,48.0,0.407987060180256,,OpB
2025-03-02 04:00:00,M4,44.0,0.1735639661679759,76.8598748497261,OpA
2025-03-02 05:00:00,M1,42.0,0.11455289178939852,77.50517876061586,OpB
2025-03-02 05:00:00,M2,39.0,0.06340643264794786,,OpC
2025-03-02 05:00:00,M3,51.0,0.0913342829215864,78.76776852513873,OpA
2025-03-02 05:00:00,M4,60.0,0.11256162494657743,78.0627061844921,OpA
2025-03-02 06:00:00,M1,60.0,,,OpC
2025-03-02 06:00:00,M2,,0.6834891069602745,79.48157293255366,OpA
2025-03-02 06:00:00,M3,41.0,0.36414234089033437,81.75319806777763,OpA
2025-03-02 06:00:00,M4,62.0,0.2293704159136347,81.73990360905061,OpA
2025-03-02 07:00:00,M1,49.0,0.21046254441557583,77.65685121768495,OpC
2025-03-02 07:00:00,M2,48.0,0.11009851781026733,77.61399514164445,OpB
2025-03-02 07:00:00,M3,50.0,0.14170281880242774,81.40519005810003,OpB
2025-03-02 07:00:00,M4,49.0,0.10463514116159754,80.13337783556585,OpA
2025-03-02 08:00:00,M1,43.0,0.1413713886308714,79.28780958094153,OpA
2025-03-02 08:00:00,M2,43.0,0.5040713167559548,,OpA
2025-03-02 08:00:00,M3,58.0,0.11684859477799538,81.06393031047423,OpA
2025-03-02 08:00:00,M4,53.0,,80.72281179739159,OpC
2025-03-02 09:00:00,M1,57.0,0.10241021296156258,78.18281846803734,OpB
2025-03-02 09:00:00,M2,55.0,0.5096333758011824,76.76751126071326,OpB
2025-03-02 09:00:00,M3,37.0,,78.36875198691541,OpA
2025-03-02 09:00:00,M4,51.0,0.5898003622562805,74.69948561513914,OpA
2025-03-02 10:00:00,M1,40.0,0.2679124616314935,70.19709313369981,OpA
2025-03-02 10:00:00,M2,46.0,0.5603088155389857,73.14640254569618,OpB
2025-03-02 10:00:00,M3,53.0,0.4031742175363107,73.76358642288966,OpA
2025-03-02 10:00:00,M4,42.0,0.05022610508558517,75.90937495060633,OpC
2025-03-02 11:00:00,M1,47.0,0.4815329662597625,73.0906653738343,OpC
2025-03-02 11:00:00,M2,50.0,0.21429273066454016,76.84165972176811,OpB
2025-03-02 11:00:00,M3,45.0,0.2039904507235687,74.59451801208702,OpA
2025-03-02 11:00:00,M4,46.0,,71.52453227881563,OpC
2025-03-02 12:00:00,M1,54.0,0.33537029462364065,69.39176133915352,OpB
2025-03-02 12:00:00,M2,,0.05432840170405721,69.06576639783061,OpC
2025-03-02 12:00:00,M3,54.0,0.16610233901992924,73.60609060016108,OpC
2025-03-02 12:00:00,M4,56.0,0.13779637794877747,,OpC
2025-03-02 13:00:00,M1,61.0,0.4001503533969247,68.39327472533505,OpB
2025-03-02 13:00:00,M2,41.0,0.205934018491095,65.83228667659517,OpC
2025-03-02 13:00:00,M3,55.0,0.3238323966445656,68.64351394212648,OpB
2025-03-02 13:00:00,M4,56.0,0.12463244509658192,66.26507296889483,OpB
2025-03-02 14:00:00,M1,56.0,0.07217552082910197,66.21883959047554,OpB
2025-03-02 14:00:00,M2,66.0,0.05913734581270146,63.6559389614543,OpA
2025-03-02 14:00:00,M3,43.0,0.4890494415201892,64.228853414884,OpA
2025-03-02 14:00:00,M4,69.0,0.29363272227432596,65.46718302541909,OpB
2025-03-02 15:00:00,M1,51.0,0.03530225753665038,64.77269442583483,OpC
2025-03-02 15:00:00,M2,42.0,0.2005373402604711,68.07970681880224,OpB
2025-03-02 15:00:00,M3,50.0,0.4003421142605643,61.51873790018845,OpB
2025-03-02 15:00:00,M4,65.0,0.14582523826720198,61.14404195196347,OpC
2025-03-02 16:00:00,M1,46.0,0.08423436842762365,62.70541157373629,OpC
2025-03-02 16:00:00,M2,52.0,0.47712085236548807,60.15106702891238,OpC
2025-03-02 16:00:00,M3,51.0,0.1722184624719065,62.220954440044046,OpA
2025-03-02 16:00:00,M4,57.0,0.6197769182839746,63.39269236199931,OpA
2025-03-02 17:00:00,M1,55.0,0.4451850632264601,59.818438219269524,OpB
2025-03-02 17:00:00,M2,48.0,0.21960192956173893,59.681174038432665,OpB
2025-03-02 17:00:00,M3,53.0,0.28479110380790157,61.16467263194916,OpC
2025-03-02 17:00:00,M4,52.0,0.1799635951391031,60.737465182513574,OpB
2025-03-02 18:00:00,M1,54.0,0.27399702782582797,57.542068215222,OpB
2025-03-02 18:00:00,M2,39.0,0.06970184538544306,59.809522484387614,OpC
2025-03-02 18:00:00,M3,49.0,0.027787880091817405,61.31381726500099,OpC
2025-03-02 18:00:00,M4,54.0,0.27081513990645706,58.15680428112219,OpA
2025-03-02 19:00:00,M1,52.0,0.5821393989086567,61.0646170942822,OpB
2025-03-02 19:00:00,M2,48.0,0.31919806608592277,61.39539046553914,OpA
2025-03-02 19:00:00,M3,50.0,0.08058158889425789,56.5095362293763,OpA
2025-03-02 19:00:00,M4,57.0,0.15091323525189987,63.317917396509195,OpA
2025-03-02 20:00:00,M1,48.0,0.16461859624233513,60.64240993799578,OpB
2025-03-02 20:00:00,M2,55.0,0.15580768673077433,59.74724676526297,OpA
2025-03-02 20:00:00,M3,39.0,0.3809870876465336,59.4955494483287,OpC
2025-03-02 20:00:00,M4,54.0,0.059641096620926766,59.33148128166254,OpA
2025-03-02 21:00:00,M1,54.0,0.10956111279610481,64.12934889545329,OpA
2025-03-02 21:00:00,M2,41.0,0.4559691485703408,64.24577173345494,OpC
2025-03-02 21:00:00,M3,41.0,0.4644576517347131,,OpA
2025-03-02 21:00:00,M4,38.0,0.4592519447712491,62.378249636758646,OpA
2025-03-02 22:00:00,M1,49.0,0.18845583873799804,63.37896886394289,OpC
2025-03-02 22:00:00,M2,47.0,0.38484583257989474,67.08049160838942,OpA
2025-03-02 22:00:00,M3,54.0,0.3682172265337696,64.62742588732021,OpC
2025-03-02 22:00:00,M4,44.0,0.1546711134179259,63.781611826592695,OpB
2025-03-02 23:00:00,M1,41.0,0.31518916216787496,68.58105536744333,OpC
2025-03-02 23:00:00,M2,,,69.6532750589641,OpB
2025-03-02 23:00:00,M3,65.0,0.24322639000191523,64.45963931135111,OpA
2025-03-02 23:00:00,M4,,0.31740126214236697,,OpA
2025-03-03 00:00:00,M1,56.0,0.6067136619727337,67.31656863834316,OpC
2025-03-03 00:00:00,M2,53.0,0.25445111060086845,70.00093724605989,OpC
2025-03-03 00:00:00,M3,54.0,0.32033896563077274,67.70779852493405,OpA
2025-03-03 00:00:00,M4,53.0,,71.24569593027708,OpA
2025-03-03 01:00:00,M1,58.0,0.19317021091082984,77.16502410993644,OpB
2025-03-03 01:00:00,M2,43.0,0.35860495483122534,,OpA
2025-03-03 01:00:00,M3,47.0,0.23445107151563715,73.6607209746284,OpA
2025-03-03 01:00:00,M4,48.0,0.471560933443527,73.68375222972062,OpA
2025-03-03 02:00:00,M1,47.0,0.35464378494758475,73.87114514350878,OpA
2025-03-03 02:00:00,M2,60.0,0.6147373080177206,77.7340932677625,OpB
2025-03-03 02:00:00,M3,52.0,0.04700468021341986,77.46515229432998,OpC
2025-03-03 02:00:00,M4,45.0,0.21197647482018028,77.02972426829508,OpB
2025-03-03 03:00:00,M1,50.0,0.4062639151655197,77.30135611601891,OpB
2025-03-03 03:00:00,M2,54.0,0.2324765048115953,74.74667112959395,OpC
2025-03-03 03:00:00,M3,61.0,0.10052130840358645,75.70545925350748,OpB
2025-03-03 03:00:00,M4,39.0,0.41086300550914323,78.56259019156516,OpA
2025-03-03 04:00:00,M1,52.0,0.22679343901725096,78.08358510634872,OpA
2025-03-03 04:00:00,M2,51.0,0.3360320841524121,79.42874294566863,OpC
2025-03-03 04:00:00,M3,57.0,0.06529147418056454,79.82942514692589,OpA
2025-03-03 04:00:00,M4,,0.6040568402369064,81.07639112263912,OpA
2025-03-03 05:00:00,M1,55.0,0.46274531087134574,81.15299978625656,OpC
2025-03-03 05:00:00,M2,49.0,0.3189170299007131,77.34462656487855,OpB
2025-03-03 05:00:00,M3,56.0,0.18176435996451826,77.41911780875658,OpB
2025-03-03 05:00:00,M4,39.0,0.2881689338866605,79.00241100468742,OpA
2025-03-03 06:00:00,M1,51.0,0.039159924549662564,79.37810081159479,OpA
2025-03-03 06:00:00,M2,53.0,0.14454721270058074,78.84188312496173,OpB
2025-03-03 06:00:00,M3,55.0,0.32962230759470434,80.5153732692574,OpC
2025-03-03 06:00:00,M4,44.0,0.5764522397929881,79.69780713159675,OpA
2025-03-03 07:00:00,M1,40.0,0.15011571556381673,83.15055128104962,OpB
2025-03-03 07:00:00,M2,57.0,0.2052698221791056,77.77349309636257,OpA
2025-03-03 07:00:00,M3,53.0,0.17171554973085423,78.7668910022765,OpC
2025-03-03 07:00:00,M4,40.0,0.39993183566469087,78.96009973830765,OpC
2025-03-03 08:00:00,M1,48.0,0.3525937688338383,81.0191833897269,OpC
2025-03-03 08:00:00,M2,46.0,0.25496576944143795,77.56664068005033,OpB
2025-03-03 08:00:00,M3,43.0,0.09310624209900815,79.98800857784822,OpA
2025-03-03 08:00:00,M4,54.0,0.32881136224076635,78.7055993457606,OpA
2025-03-03 09:00:00,M1,52.0,0.2831155426951152,73.75565827569426,OpC
2025-03-03 09:00:00,M2,49.0,0.2918289585461726,75.61529988146458,OpB
2025-03-03 09:00:00,M3,51.0,0.23309415966760372,78.09720109957718,OpA
2025-03-03 09:00:00,M4,42.0,0.31589123754333476,75.5504149318131,OpA
2025-03-03 10:00:00,M1,68.0,0.7701892777752225,76.65105057900881,OpA
2025-03-03 10:00:00,M2,49.0,,74.92166982930718,OpC
2025-03-03 10:00:00,M3,43.0,0.287954454343401,74.63152154099515,OpC
2025-03-03 10:00:00,M4,,0.06776081867875558,75.30479212103195,OpB
2025-03-03 11:00:00,M1,64.0,0.13262781984601135,71.11595078515035,OpC
2025-03-03 11:00:00,M2,57.0,0.4306149402294911,75.7690819676503,OpC
2025-03-03 11:00:00,M3,43.0,0.08683220774491075,73.83625788381399,OpB
2025-03-03 11:00:00,M4,64.0,0.5494402135738252,73.26734551464902,OpA
2025-03-03 12:00:00,M1,56.0,0.2196541130330389,70.45535241349296,OpB
2025-03-03 12:00:00,M2,46.0,0.22235267297007794,72.19888374003601,OpA
2025-03-03 12:00:00,M3,48.0,0.2381004411266659,70.05987815430666,OpA
2025-03-03 12:00:00,M4,,0.5097330866462347,68.91779695943262,OpA
2025-03-03 13:00:00,M1,50.0,0.342201940842543,66.24335699811908,OpA
2025-03-03 13:00:00,M2,51.0,,68.15287668688994,OpA
2025-03-03 13:00:00,M3,,0.4398505420281541,69.22709331503575,OpC
2025-03-03 13:00:00,M4,56.0,0.23857975983743535,70.33067851879994,OpA
2025-03-03 14:00:00,M1,49.0,0.4846695543611945,62.87943954326399,OpC
2025-03-03 14:00:00,M2,52.0,0.14514538844227157,65.87017693543844,OpC
2025-03-03 14:00:00,M3,52.0,0.23876010910037168,67.13562763270096,OpC
2025-03-03 14:00:00,M4,45.0,0.45402589781449587,64.94646799446969,OpC
2025-03-03 15:00:00,M1,54.0,0.2158020063646918,65.22877199623736,OpB
2025-03-03 15:00:00,M2,58.0,0.19877727104809298,63.95760976962322,OpC
2025-03-03 15:00:00,M3,46.0,0.3322435368917133,63.62252974381475,OpC
2025-03-03 15:00:00,M4,40.0,0.11994599290020827,57.622300772224655,OpC
2025-03-03 16:00:00,M1,57.0,0.367272048130391,63.3010987063948,OpB
2025-03-03 16:00:00,M2,54.0,0.44852442995959285,63.14771170827775,OpB
2025-03-03 16:00:00,M3,45.0,0.2587564456946802,59.79522582546316,OpB
2025-03-03 16:00:00,M4,55.0,0.2695640640567968,61.352920452992855,OpA
2025-03-03 17:00:00,M1,55.0,0.249543248853384,61.803144894200884,OpC
2025-03-03 17:00:00,M2,43.0,0.35536233444351034,,OpC
2025-03-03 17:00:00,M3,49.0,0.41970480515355735,60.84396719747371,OpC
2025-03-03 17:00:00,M4,39.0,0.20700077281307375,58.73673951789055,OpA
2025-03-03 18:00:00,M1,70.0,0.338384184664379,58.25036293528603,OpC
2025-03-03 18:00:00,M2,64.0,0.32863441716697284,58.94162253255237,OpC
2025-03-03 18:00:00,M3,52.0,0.08332571932925897,57.900902304844564,OpC
2025-03-03 18:00:00,M4,68.0,0.26873385611140665,61.30434575460641,OpC
2025-03-03 19:00:00,M1,45.0,0.18574297032793025,60.47354709703321,OpA
2025-03-03 19:00:00,M2,69.0,0.3033435349145213,59.003189756934965,OpA
2025-03-03 19:00:00,M3,55.0,,62.05819893332961,OpB
2025-03-03 19:00:00,M4,49.0,0.4084641758533013,63.105347756200516,OpA
2025-03-03 20:00:00,M1,63.0,0.30602385561369455,60.81273897942207,OpC
2025-03-03 20:00:00,M2,66.0,0.1560801013519026,59.03573926730247,OpA
2025-03-03 20:00:00,M3,47.0,0.3363296639550348,59.29503868949464,OpC
2025-03-03 20:00:00,M4,46.0,0.05244826400952701,63.91352064763235,OpA
2025-03-03 21:00:00,M1,52.0,0.24625127910335695,61.51325473157516,OpB
2025-03-03 21:00:00,M2,49.0,0.21902694377333284,60.60715234098964,OpB
2025-03-03 21:00:00,M3,40.0,0.42370447326500843,60.491666611818765,OpA
2025-03-03 21:00:00,M4,43.0,0.27321662696794274,67.16057977122989,OpC
2025-03-03 22:00:00,M1,42.0,0.5347700347480873,63.56595624877031,OpB
2025-03-03 22:00:00,M2,50.0,0.1083678448218157,63.06615941205855,OpB
2025-03-03 22:00:00,M3,42.0,,63.174699108611286,OpC
2025-03-03 22:00:00,M4,57.0,0.1741386769434084,65.19077179343695,OpA
2025-03-03 23:00:00,M1,43.0,0.14286678590095053,69.34104995714439,OpA
2025-03-03 23:00:00,M2,43.0,0.4257949558342292,67.34990178489846,OpC
2025-03-03 23:00:00,M3,43.0,0.2600151118252216,66.3283886877048,OpB
2025-03-03 23:00:00,M4,54.0,0.18205688829028344,66.10965331164664,OpC
2025-03-04 00:00:00,M1,55.0,0.23014872373839942,72.05583184978823,OpB
2025-03-04 00:00:00,M2,52.0,,70.68994244185397,OpA
2025-03-04 00:00:00,M3,55.0,0.04003517056058358,69.14751430130964,OpA
2025-03-04 00:00:00,M4,54.0,0.33108665768153706,72.25058091515794,OpC
2025-03-04 01:00:00,M1,53.0,0.40451580513736024,71.78231225371377,OpB
2025-03-04 01:00:00,M2,44.0,0.13608723139621123,72.44237431250794,OpA
2025-03-04 01:00:00,M3,37.0,0.18489197451719902,71.63488757457547,OpB
2025-03-04 01:00:00,M4,49.0,0.1381936872964339,70.47586508682284,OpB
2025-03-04 02:00:00,M1,,0.3666587318510867,73.99196516555247,OpB
2025-03-04 02:00:00,M2,70.0,0.3533148396253056,75.89532743085569,OpB
2025-03-04 02:00:00,M3,54.0,0.24293560453849744,76.8028344281783,OpB
2025-03-04 02:00:00,M4,,0.2808344013798344,76.34752572959665,OpC
2025-03-04 03:00:00,M1,36.0,0.2245141337324091,76.38545836166018,OpB
2025-03-04 03:00:00,M2,49.0,0.0800593793968543,75.37912064099567,OpB
2025-03-04 03:00:00,M3,61.0,0.009237475122408148,76.79002240718452,OpB
2025-03-04 03:00:00,M4,64.0,0.5190229874119547,78.28553628242305,OpA
2025-03-04 04:00:00,M1,38.0,0.17721708139586434,77.08683903877804,OpA
2025-03-04 04:00:00,M2,51.0,0.380271643743473,78.50037106118465,OpA
2025-03-04 04:00:00,M3,,0.7210702091534263,79.24022051163071,OpA
2025-03-04 04:00:00,M4,49.0,0.46214394211212323,79.39012710902726,OpA
2025-03-04 05:00:00,M1,46.0,0.311506803573575,81.8291170582415,OpC
2025-03-04 05:00:00,M2,40.0,0.05667112844743163,78.41703109708943,OpB
2025-03-04 05:00:00,M3,54.0,0.2503235534040848,77.59266664222969,OpB
2025-03-04 05:00:00,M4,54.0,0.23645538802550475,79.83251100269644,OpB
2025-03-04 06:00:00,M1,54.0,0.2684097255811175,82.09184838821294,OpB
2025-03-04 06:00:00,M2,54.0,0.1921482190043671,81.20220257644394,OpB
2025-03-04 06:00:00,M3,53.0,0.5646179025958623,84.86329918532161,OpC
2025-03-04 06:00:00,M4,44.0,0.2689657847396323,,OpB
2025-03-04 07:00:00,M1,45.0,0.48617240223884234,79.40774779987872,OpA
2025-03-04 07:00:00,M2,53.0,0.1051014780675894,77.3018165682731,OpC
2025-03-04 07:00:00,M3,56.0,0.37301321530874565,77.0930859654474,OpA
2025-03-04 07:00:00,M4,45.0,0.22698779623835186,78.64238407600287,OpC
2025-03-04 08:00:00,M1,45.0,0.16154599339348444,80.62302891796924,OpC
2025-03-04 08:00:00,M2,45.0,0.054292538484144275,,OpA
2025-03-04 08:00:00,M3,59.0,0.5779884761358461,82.85572007472183,OpB
2025-03-04 08:00:00,M4,40.0,0.2979745948887781,81.2759651956574,OpB
2025-03-04 09:00:00,M1,61.0,0.38481714424422336,74.69119928878594,OpB
2025-03-04 09:00:00,M2,58.0,0.29865812847398937,73.36289389034572,OpA
2025-03-04 09:00:00,M3,51.0,0.4578350786895925,76.44506722098272,OpB
2025-03-04 09:00:00,M4,65.0,0.4969730132006026,75.9957665016565,OpB
2025-03-04 10:00:00,M1,53.0,0.22907789293450787,76.04747615342708,OpC
2025-03-04 10:00:00,M2,53.0,0.5169380799948766,72.40436848189387,OpC
2025-03-04 10:00:00,M3,48.0,0.22125417264484906,76.53080125690073,OpC
2025-03-04 10:00:00,M4,,0.1006304760537833,77.96504338966878,OpC
2025-03-04 11:00:00,M1,63.0,0.33887316195645717,75.05046279044497,OpB
2025-03-04 11:00:00,M2,40.0,0.24768052431872578,74.68446984085895,OpA
2025-03-04 11:00:00,M3,45.0,0.5458116371641302,73.78991629194381,OpA
2025-03-04 11:00:00,M4,53.0,0.1225045709521124,74.7399396576754,OpC
2025-03-04 12:00:00,M1,50.0,0.07190581249225593,73.56812089171021,OpB
2025-03-04 12:00:00,M2,51.0,0.2030770942967336,69.8377175469757,OpA
2025-03-04 12:00:00,M3,48.0,0.37332504061011895,71.8441985685736,OpB
2025-03-04 12:00:00,M4,60.0,0.14378602888481962,69.11608492862324,OpA
2025-03-04 13:00:00,M1,44.0,0.20280309497601895,64.13216211423797,OpA
2025-03-04 13:00:00,M2,48.0,0.07066528427693747,66.48651542100707,OpB
2025-03-04 13:00:00,M3,43.0,0.16021291641740756,65.49120394470191,OpB
2025-03-04 13:00:00,M4,43.0,0.03709056463439824,63.26298588297293,OpC
2025-03-04 14:00:00,M1,57.0,0.01614592949783402,66.32590896022668,OpC
2025-03-04 14:00:00,M2,47.0,0.41526217603114285,64.7547714107391,OpC
2025-03-04 14:00:00,M3,35.0,0.241561374239469,62.06125342395265,OpC
2025-03-04 14:00:00,M4,50.0,0.10612792013477934,,OpA
2025-03-04 15:00:00,M1,56.0,0.07969250174152788,61.9490278015286,OpB
2025-03-04 15:00:00,M2,61.0,0.42770215576871495,64.09210360472616,OpB
2025-03-04 15:00:00,M3,40.0,0.3014159971995112,60.34532726787748,OpA
2025-03-04 15:00:00,M4,69.0,0.5680395748053051,61.85959950066069,OpA
2025-03-04 16:00:00,M1,48.0,0.3307725350916012,61.42353076355156,OpC
2025-03-04 16:00:00,M2,62.0,0.16007167400891772,59.75936860700636,OpC
2025-03-04 16:00:00,M3,58.0,0.44303809586566745,59.91315285145007,OpA
2025-03-04 16:00:00,M4,,0.056612041558214705,59.594607599902105,OpA
2025-03-04 17:00:00,M1,53.0,0.22582481370463703,59.88091610071686,OpC
2025-03-04 17:00:00,M2,53.0,0.3468185565317725,62.00164111772721,OpA
2025-03-04 17:00:00,M3,46.0,0.11461721903586043,61.64851219939986,OpC
2025-03-04 17:00:00,M4,,0.42361194937788227,59.49003526404408,OpB
2025-03-04 18:00:00,M1,57.0,0.38216921670266785,62.32929146641194,OpC
2025-03-04 18:00:00,M2,42.0,0.20581072053060598,58.524891100328425,OpB
2025-03-04 18:00:00,M3,51.0,0.09316938998851036,60.80341220394652,OpC
2025-03-04 18:00:00,M4,59.0,0.08309955983103354,57.0769702620956,OpC
2025-03-04 19:00:00,M1,64.0,0.09325622223404069,62.43047209765598,OpB
2025-03-04 19:00:00,M2,57.0,0.1767199644796095,58.34113017170336,OpB
2025-03-04 19:00:00,M3,55.0,0.5354051647243268,61.1460090137675,OpB
2025-03-04 19:00:00,M4,43.0,0.04732425423569088,61.63585981820437,OpA
2025-03-04 20:00:00,M1,52.0,0.5061595695615307,62.03276758057153,OpB
2025-03-04 20:00:00,M2,44.0,0.553322601851941,65.2931279198736,OpC
2025-03-04 20:00:00,M3,47.0,,64.13884905774009,OpA
2025-03-04 20:00:00,M4,46.0,0.36908193211350987,58.53962744139109,OpB
2025-03-04 21:00:00,M1,47.0,0.4552876600312051,63.9359740582118,OpC
2025-03-04 21:00:00,M2,50.0,0.14528577021130984,61.3382751412901,OpC
2025-03-04 21:00:00,M3,57.0,0.2558974816496397,,OpA
2025-03-04 21:00:00,M4,55.0,0.07172513190395109,64.29613610120741,OpA
2025-03-04 22:00:00,M1,,0.3263505977794562,58.15301702584321,OpA
2025-03-04 22:00:00,M2,52.0,0.14893070481216877,66.95884070656963,OpC
2025-03-04 22:00:00,M3,40.0,0.6829627012502537,64.91817189294305,OpA
2025-03-04 22:00:00,M4,57.0,,68.82685745271115,OpC
2025-03-04 23:00:00,M1,51.0,0.3033419985893257,69.39087446782547,OpC
2025-03-04 23:00:00,M2,77.0,0.12549066931835182,67.35894032950408,OpC
2025-03-04 23:00:00,M3,40.0,0.24061001166937943,65.56486548105661,OpC
2025-03-04 23:00:00,M4,49.0,0.4480552743049967,67.28269232900007,OpB
2025-03-05 00:00:00,M1,52.0,,69.31914717163276,OpB
2025-03-05 00:00:00,M2,49.0,0.35875597947684135,65.8031821214686,OpB
2025-03-05 00:00:00,M3,58.0,0.40958330891860273,71.58318217586351,OpC
2025-03-05 00:00:00,M4,46.0,0.32753719785997043,71.04389125328284,OpC
2025-03-05 01:00:00,M1,52.0,0.07653040946193466,74.86027584083098,OpB
2025-03-05 01:00:00,M2,48.0,0.06962136404632478,74.04101350764415,OpA
2025-03-05 01:00:00,M3,47.0,0.204279136434492,70.5648458528651,OpA
2025-03-05 01:00:00,M4,51.0,0.08944489132807452,74.21369550618662,OpA
2025-03-05 02:00:00,M1,46.0,0.39505286996368816,73.6351879170656,OpC
2025-03-05 02:00:00,M2,39.0,0.20074930677493874,73.14695989215897,OpB
2025-03-05 02:00:00,M3,38.0,0.4141073986658804,78.13850945149056,OpB
2025-03-05 02:00:00,M4,45.0,0.0708166195336896,75.72517103116503,OpB
2025-03-05 03:00:00,M1,43.0,0.20505582760127025,77.37716584813768,OpB
2025-03-05 03:00:00,M2,52.0,0.19256167955121314,79.58689760162294,OpA
2025-03-05 03:00:00,M3,55.0,0.4350928040670085,77.70288070757543,OpA
2025-03-05 03:00:00,M4,47.0,0.5256999334232909,80.11052074555518,OpC
2025-03-05 04:00:00,M1,45.0,0.23477409923517306,76.17251051761424,OpA
2025-03-05 04:00:00,M2,38.0,0.2316826954343456,76.76970414728432,OpB
2025-03-05 04:00:00,M3,44.0,0.06361289154653123,77.24176167698546,OpB
2025-03-05 04:00:00,M4,41.0,0.43216400533891797,81.05232073833132,OpA
2025-03-05 05:00:00,M1,50.0,0.4149496356726433,80.68508638404568,OpC
2025-03-05 05:00:00,M2,,0.3496751685484524,79.4804078460461,OpC
2025-03-05 05:00:00,M3,49.0,0.4946356442429151,,OpA
2025-03-05 05:00:00,M4,46.0,0.07296677000892961,78.66192720485982,OpC
2025-03-05 06:00:00,M1,52.0,0.23336201663294964,78.74750940760624,OpA
2025-03-05 06:00:00,M2,41.0,0.014319572912950338,82.55063334261247,OpA
2025-03-05 06:00:00,M3,47.0,0.10607008204408333,81.39186585999418,OpC
2025-03-05 06:00:00,M4,51.0,0.09978255996244782,81.36313130106662,OpB
2025-03-05 07:00:00,M1,46.0,0.43346019061345253,81.78421353543783,OpC
2025-03-05 07:00:00,M2,61.0,0.1429489536195005,75.48043834229235,OpC
2025-03-05 07:00:00,M3,34.0,0.029062776510893767,80.01329875711505,OpA
2025-03-05 07:00:00,M4,54.0,0.1789680777388376,79.5483128127445,OpB
2025-03-05 08:00:00,M1,48.0,0.2416728486899014,76.73497533289144,OpB
2025-03-05 08:00:00,M2,51.0,0.47547985048864677,80.91072095586016,OpA
2025-03-05 08:00:00,M3,,0.16606945356996564,81.27209723309933,OpC
2025-03-05 08:00:00,M4,56.0,0.3996207318536205,80.46183759724573,OpB
2025-03-05 09:00:00,M1,,0.6137911570489492,77.00095522227919,OpA
2025-03-05 09:00:00,M2,42.0,0.40065052653753885,77.90601234768803,OpB
2025-03-05 09:00:00,M3,37.0,0.25705531439920415,76.29053326396001,OpA
2025-03-05 09:00:00,M4,40.0,0.042802280929071956,73.23837172423383,OpA
2025-03-05 10:00:00,M1,62.0,0.3454812885778086,76.66645568915028,OpB
2025-03-05 10:00:00,M2,41.0,0.2558458893921339,71.95906401390253,OpB
2025-03-05 10:00:00,M3,63.0,,74.83813560559217,OpA
2025-03-05 10:00:00,M4,51.0,0.30316451820454887,77.69459074666263,OpB
2025-03-05 11:00:00,M1,43.0,0.5166715692884601,70.73616341887154,OpB
2025-03-05 11:00:00,M2,32.0,0.17990082222411422,70.60416482586508,OpA
2025-03-05 11:00:00,M3,58.0,0.12184954761408781,75.37175330382178,OpC
2025-03-05 11:00:00,M4,59.0,0.39581439425460824,72.46689912759403,OpC
2025-03-05 12:00:00,M1,53.0,0.13366295597651986,68.16817199063358,OpB
2025-03-05 12:00:00,M2,59.0,0.19297627421623795,73.5059310027448,OpA
2025-03-05 12:00:00,M3,52.0,0.27915269921898095,67.19652500749471,OpA
2025-03-05 12:00:00,M4,48.0,,71.54094336254417,OpA
2025-03-05 13:00:00,M1,58.0,0.3374480467174535,63.60132115519747,OpB
2025-03-05 13:00:00,M2,49.0,0.27113298164138244,65.67025306283671,OpA
2025-03-05 13:00:00,M3,50.0,0.04200633511807855,69.0990538389425,OpC
2025-03-05 13:00:00,M4,51.0,0.38151483354119503,68.07418373356167,OpC
2025-03-05 14:00:00,M1,39.0,0.29311824537525044,65.04739977492159,OpB
2025-03-05 14:00:00,M2,49.0,0.6298269580896901,62.92473169526736,OpA
2025-03-05 14:00:00,M3,51.0,0.3652341056373448,65.12056248559023,OpC
2025-03-05 14:00:00,M4,50.0,,60.97811589001383,OpB
2025-03-05 15:00:00,M1,49.0,0.4989793416475016,65.06962132249006,OpC
2025-03-05 15:00:00,M2,55.0,0.192893401781114,64.22383435708471,OpA
2025-03-05 15:00:00,M3,48.0,0.23055421451736918,64.5186700919085,OpA
2025-03-05 15:00:00,M4,45.0,0.16857154413322586,63.588494075920856,OpB
2025-03-05 16:00:00,M1,51.0,0.3045943677468534,59.27832920225819,OpA
2025-03-05 16:00:00,M2,46.0,0.497779263166359,64.22775023069083,OpC
2025-03-05 16:00:00,M3,63.0,0.24060921975773655,60.66122993950182,OpA
2025-03-05 16:00:00,M4,55.0,0.4194785781455391,,OpB
2025-03-05 17:00:00,M1,62.0,0.15066189368563923,60.85111219384174,OpB
2025-03-05 17:00:00,M2,41.0,,60.36552475046465,OpC
2025-03-05 17:00:00,M3,49.0,0.5576212817153858,58.952145885331085,OpB
2025-03-05 17:00:00,M4,44.0,0.045746907830967805,57.471687877986945,OpA
2025-03-05 18:00:00,M1,38.0,0.5502587054087565,62.37460877178534,OpC
2025-03-05 18:00:00,M2,,0.49078069571332467,57.28477370934838,OpA
2025-03-05 18:00:00,M3,38.0,0.31224839491636014,58.96119935314733,OpA
2025-03-05 18:00:00,M4,47.0,0.06467237538208294,59.41230358096336,OpA
2025-03-05 19:00:00,M1,61.0,0.1641354313135225,60.52293031589025,OpA
2025-03-05 19:00:00,M2,50.0,0.27441087932594616,60.375222723091525,OpA
2025-03-05 19:00:00,M3,49.0,0.18107289645227534,56.20526646095834,OpB
2025-03-05 19:00:00,M4,44.0,0.3083934574905368,58.82799949687686,OpA
2025-03-05 20:00:00,M1,45.0,0.3440726922892834,60.06834351235827,OpC
2025-03-05 20:00:00,M2,51.0,0.21842663190674255,62.555982622581155,OpA
2025-03-05 20:00:00,M3,49.0,0.07564357985122447,65.17884575101796,OpC
2025-03-05 20:00:00,M4,48.0,0.4074357951187771,61.144644578908974,OpC
2025-03-05 21:00:00,M1,56.0,0.21601834331816966,65.52825288149114,OpC
2025-03-05 21:00:00,M2,50.0,0.1181070430292155,61.31588471623697,OpC
2025-03-05 21:00:00,M3,46.0,0.13495217127481648,65.25319635145443,OpA
2025-03-05 21:00:00,M4,42.0,0.55915337333971,62.44766143018142,OpA
2025-03-05 22:00:00,M1,47.0,0.2259188472491092,64.64872491670867,OpC
2025-03-05 22:00:00,M2,51.0,0.19504372627015223,63.227703984587436,OpB
2025-03-05 22:00:00,M3,53.0,0.36635597808822923,,OpA
2025-03-05 22:00:00,M4,38.0,0.334563907796128,71.71420911188207,OpA
2025-03-05 23:00:00,M1,51.0,0.3237400143825525,68.82842329300131,OpB
2025-03-05 23:00:00,M2,50.0,0.6999491333839268,69.24221862268514,OpB
2025-03-05 23:00:00,M3,45.0,0.18204943958641576,65.773268686674,OpB
2025-03-05 23:00:00,M4,57.0,0.28331409964551446,70.84385716566256,OpC
2025-03-06 00:00:00,M1,41.0,0.7909920203526251,67.14377947519861,OpA
2025-03-06 00:00:00,M2,49.0,0.20098634740909432,69.98995622415067,OpC
2025-03-06 00:00:00,M3,49.0,0.2220530261279769,70.82543210455783,OpB
2025-03-06 00:00:00,M4,49.0,0.32321313928023215,67.63071983920665,OpC
2025-03-06 01:00:00,M1,51.0,0.4503508770264109,71.53157864813117,OpA
2025-03-06 01:00:00,M2,42.0,0.25063383285862706,71.27978560128246,OpA
2025-03-06 01:00:00,M3,45.0,0.23041693249984524,73.84437970111179,OpB
2025-03-06 01:00:00,M4,45.0,0.07582061910706298,73.65562408740236,OpC
2025-03-06 02:00:00,M1,46.0,0.10132798957048783,78.17106128703176,OpC
2025-03-06 02:00:00,M2,56.0,0.23810378873862942,73.76580452546627,OpB
2025-03-06 02:00:00,M3,51.0,0.17453359566292884,73.25208376428446,OpA
2025-03-06 02:00:00,M4,45.0,0.07856193438075465,75.63041885249727,OpC
2025-03-06 03:00:00,M1,55.0,0.2776205487984413,79.86370229627971,OpC
2025-03-06 03:00:00,M2,48.0,0.1778700896918603,73.11260267047285,OpA
2025-03-06 03:00:00,M3,62.0,0.3169087113026,75.76472638738827,OpB
2025-03-06 03:00:00,M4,45.0,0.07405472553513996,76.31022601278107,OpB
2025-03-06 04:00:00,M1,56.0,0.18087824349877465,80.09264448569604,OpA
2025-03-06 04:00:00,M2,46.0,0.4744566581158129,76.15823489384958,OpB
2025-03-06 04:00:00,M3,43.0,0.4665694016820292,79.30750293716454,OpA
2025-03-06 04:00:00,M4,54.0,0.6942833281597065,82.72149606671469,OpB
2025-03-06 05:00:00,M1,47.0,0.38111393155437095,76.86435517668673,OpA
2025-03-06 05:00:00,M2,45.0,0.35874265544038936,76.55017342260581,OpA
2025-03-06 05:00:00,M3,54.0,0.2021522919202228,82.31382393455235,OpC
2025-03-06 05:00:00,M4,59.0,0.14784404315349978,78.18796147012364,OpC
2025-03-06 06:00:00,M1,67.0,0.4264996235634414,81.80494211965639,OpC
2025-03-06 06:00:00,M2,51.0,0.31707700391782806,82.91289415642493,OpC
2025-03-06 06:00:00,M3,62.0,0.18762948097205154,78.8249687299677,OpB
2025-03-06 06:00:00,M4,48.0,0.13894952885758405,80.30612427468576,OpA
2025-03-06 07:00:00,M1,42.0,0.32811972565554476,77.5118009724025,OpA
2025-03-06 07:00:00,M2,57.0,0.45555750256338273,80.52099480132958,OpC
2025-03-06 07:00:00,M3,59.0,0.13011205842441567,79.75368477361673,OpC
2025-03-06 07:00:00,M4,40.0,0.09161164308407353,80.65680218716669,OpC
2025-03-06 08:00:00,M1,,0.2584734676610993,79.81326109690836,OpC
2025-03-06 08:00:00,M2,62.0,0.4928322349188877,79.67841375435039,OpB
2025-03-06 08:00:00,M3,42.0,0.17819564495617968,78.9114363323949,OpC
2025-03-06 08:00:00,M4,42.0,0.20598852950234217,79.52590364003727,OpA
2025-03-06 09:00:00,M1,51.0,0.3076772542171434,77.33533018064526,OpA
2025-03-06 09:00:00,M2,49.0,0.14190505367087566,77.22889883882635,OpB
2025-03-06 09:00:00,M3,44.0,0.41871939128240543,74.74577387339158,OpB
2025-03-06 09:00:00,M4,50.0,,78.45529295940815,OpC
2025-03-06 10:00:00,M1,46.0,0.08537226699802447,76.7258355172051,OpC
2025-03-06 10:00:00,M2,45.0,,75.81328092645477,OpA
2025-03-06 10:00:00,M3,47.0,0.27944586522987586,77.13715438169325,OpC
2025-03-06 10:00:00,M4,56.0,0.22072098188447997,76.95080588505745,OpA
2025-03-06 11:00:00,M1,50.0,0.07196973714324359,,OpC
2025-03-06 11:00:00,M2,48.0,0.21516172869459385,70.67520550258729,OpB
2025-03-06 11:00:00,M3,,0.1578004734192287,73.2968244204895,OpA
2025-03-06 11:00:00,M4,49.0,0.4264171547002485,72.1454650955614,OpA
2025-03-06 12:00:00,M1,56.0,0.3908610695460377,73.48298711518466,OpB
2025-03-06 12:00:00,M2,54.0,0.41953037188263703,70.19137279962139,OpB
2025-03-06 12:00:00,M3,45.0,0.3555674037577849,72.48072441803761,OpA
2025-03-06 12:00:00,M4,54.0,0.13707009026083744,70.96668711438546,OpC
2025-03-06 13:00:00,M1,55.0,0.24407514785989262,68.3405772415566,OpA
2025-03-06 13:00:00,M2,56.0,0.11513563277351734,65.01511332421121,OpC
2025-03-06 13:00:00,M3,52.0,0.13851740568586104,,OpA
2025-03-06 13:00:00,M4,,0.15716881195386578,64.4988547156647,OpB
2025-03-06 14:00:00,M1,57.0,0.1638752610769514,68.36565099375342,OpB
2025-03-06 14:00:00,M2,35.0,,62.86626987719645,OpB
2025-03-06 14:00:00,M3,50.0,0.04129723246611013,66.699508534824,OpB
2025-03-06 14:00:00,M4,57.0,0.7393342381185016,63.16316794407866,OpC
2025-03-06 15:00:00,M1,46.0,0.4920572455979717,63.51038238859951,OpC
2025-03-06 15:00:00,M2,42.0,0.3723380509514398,60.56635238915725,OpC
2025-03-06 15:00:00,M3,45.0,0.04483157341888231,62.25866060121676,OpC
2025-03-06 15:00:00,M4,58.0,0.4679406387231459,64.87962909033745,OpB
2025-03-06 16:00:00,M1,57.0,0.3505375146810501,61.36673220189299,OpC
2025-03-06 16:00:00,M2,50.0,0.3635882517225668,61.525051888442164,OpB
2025-03-06 16:00:00,M3,55.0,0.041714273177417445,60.13003548138036,OpC
2025-03-06 16:00:00,M4,49.0,0.08161109082315182,61.77743140812326,OpB
2025-03-06 17:00:00,M1,59.0,0.12032212809723462,59.10648880448791,OpA
2025-03-06 17:00:00,M2,58.0,0.061148286335089105,61.04781998875784,OpC
2025-03-06 17:00:00,M3,35.0,0.17717196840238347,62.446928889860935,OpC
2025-03-06 17:00:00,M4,60.0,0.3222285481692914,,OpB
2025-03-06 18:00:00,M1,54.0,0.41607308194208653,60.629153550289914,OpC
2025-03-06 18:00:00,M2,40.0,0.25100674818595803,62.3288824360471,OpB
2025-03-06 18:00:00,M3,58.0,0.20790000508640827,57.53752178374917,OpC
2025-03-06 18:00:00,M4,38.0,0.26395678038417775,58.65072355020919,OpB
2025-03-06 19:00:00,M1,57.0,0.14390867420103856,61.78061583274963,OpA
2025-03-06 19:00:00,M2,49.0,0.07891910557369755,58.84958390466656,OpB
2025-03-06 19:00:00,M3,47.0,0.5116018609677089,62.767258662014825,OpB
2025-03-06 19:00:00,M4,45.0,0.17391283145622846,59.52329131106959,OpB
2025-03-06 20:00:00,M1,60.0,0.0541915362346315,65.96025412056822,OpB
2025-03-06 20:00:00,M2,46.0,0.2633645706111321,61.8563681012516,OpB
2025-03-06 20:00:00,M3,44.0,0.13619874386617714,62.786091017989115,OpA
2025-03-06 20:00:00,M4,53.0,0.4427922268066043,62.283573185372305,OpB
2025-03-06 21:00:00,M1,43.0,0.14945326635840353,61.76119817259062,OpA
2025-03-06 21:00:00,M2,50.0,0.579456134636258,60.68360620324714,OpB
2025-03-06 21:00:00,M3,52.0,0.2742587342840056,62.50045028320692,OpA
2025-03-06 21:00:00,M4,39.0,0.07994955358182597,,OpA
2025-03-06 22:00:00,M1,42.0,0.1078990433937836,64.43785766535431,OpA
2025-03-06 22:00:00,M2,46.0,0.38886983079727155,65.12674432190444,OpB
2025-03-06 22:00:00,M3,61.0,0.2953136699627704,62.7575988620804,OpC
2025-03-06 22:00:00,M4,54.0,0.2393189520844483,69.14954683400222,OpA
2025-03-06 23:00:00,M1,57.0,0.5538146669925939,67.57806243894913,OpA
2025-03-06 23:00:00,M2,57.0,0.5181349448451947,66.08696515702148,OpC
2025-03-06 23:00:00,M3,47.0,0.1384788705903519,65.29706433953494,OpA
2025-03-06 23:00:00,M4,54.0,0.15117490127800592,66.23401494123122,OpC
2025-03-07 00:00:00,M1,48.0,0.6266824274080663,68.64827932247347,OpC
2025-03-07 00:00:00,M2,53.0,0.42949131934468604,69.6611028437961,OpB
2025-03-07 00:00:00,M3,42.0,0.2372606289367813,69.52537405065611,OpB
2025-03-07 00:00:00,M4,49.0,0.04491535405587924,67.17459532777757,OpB
2025-03-07 01:00:00,M1,46.0,0.30698148477102816,72.17712173070841,OpC
2025-03-07 01:00:00,M2,40.0,0.45937096778955055,71.78162009564073,OpB
2025-03-07 01:00:00,M3,51.0,0.13926797103044894,72.12782456317359,OpA
2025-03-07 01:00:00,M4,49.0,0.2311799692996002,69.86491232396871,OpC
2025-03-07 02:00:00,M1,46.0,0.3810813679845972,75.47561449128536,OpC
2025-03-07 02:00:00,M2,40.0,0.10345439266958652,76.01181935347286,OpA
2025-03-07 02:00:00,M3,45.0,0.3387739195191112,74.36020022558536,OpB
2025-03-07 02:00:00,M4,50.0,0.17457513318348566,80.36000105161408,OpB
2025-03-07 03:00:00,M1,51.0,0.6049095063695797,77.19280927507427,OpC
2025-03-07 03:00:00,M2,36.0,,78.0896310602684,OpB
2025-03-07 03:00:00,M3,50.0,,75.67583630857314,OpA
2025-03-07 03:00:00,M4,51.0,0.6266692793665469,77.16591153726134,OpC
2025-03-07 04:00:00,M1,64.0,0.11436229106244972,80.87550773574533,OpB
2025-03-07 04:00:00,M2,51.0,0.26956495011319664,79.05197040489034,OpB
2025-03-07 04:00:00,M3,48.0,0.09575551723738948,78.90565404802958,OpA
2025-03-07 04:00:00,M4,49.0,0.3276216400233886,79.068073164837,OpB
2025-03-07 05:00:00,M1,,0.03341414487175207,,OpC
2025-03-07 05:00:00,M2,42.0,0.11625344903339141,76.61248039721436,OpB
2025-03-07 05:00:00,M3,46.0,0.07255485198383352,,OpA
2025-03-07 05:00:00,M4,55.0,0.18583735068297064,79.00882786432811,OpB
2025-03-07 06:00:00,M1,53.0,0.2473784897617341,81.18185821727286,OpA
2025-03-07 06:00:00,M2,48.0,0.43071909348857645,77.54124456132986,OpC
2025-03-07 06:00:00,M3,47.0,0.6454837556579568,78.24732038303945,OpA
2025-03-07 06:00:00,M4,60.0,0.2234312336093288,78.43913018700619,OpA
2025-03-07 07:00:00,M1,,0.3177341556775879,81.35759485917158,OpA
2025-03-07 07:00:00,M2,43.0,0.6047476588952162,78.58028157049442,OpC
2025-03-07 07:00:00,M3,55.0,0.22931008801094424,76.44404913384159,OpC
2025-03-07 07:00:00,M4,46.0,0.31490825951958284,80.6354837390155,OpB
2025-03-07 08:00:00,M1,47.0,0.2848604003168599,78.930065241002,OpC
2025-03-07 08:00:00,M2,55.0,0.7428718759541776,81.3822318952388,OpC
2025-03-07 08:00:00,M3,67.0,0.21495562947495067,81.00183983434222,OpC
2025-03-07 08:00:00,M4,52.0,0.1571316774574443,79.98209394110347,OpC
2025-03-07 09:00:00,M1,42.0,0.08716127768999665,75.99656706491267,OpC
2025-03-07 09:00:00,M2,55.0,0.3815192265876193,76.68385205844544,OpA
2025-03-07 09:00:00,M3,49.0,0.23636116921998832,77.5569480989133,OpA
2025-03-07 09:00:00,M4,47.0,0.4712197303893106,78.53804046436011,OpB
2025-03-07 10:00:00,M1,50.0,0.359080064445318,77.13079036790346,OpC
2025-03-07 10:00:00,M2,54.0,0.279983051160913,74.24011743618784,OpA
2025-03-07 10:00:00,M3,48.0,0.29526576542003574,73.0382222944957,OpB
2025-03-07 10:00:00,M4,39.0,0.32903796922131,74.33092795136098,OpC
2025-03-07 11:00:00,M1,50.0,0.7967761894604761,68.4830408107726,OpA
2025-03-07 11:00:00,M2,54.0,0.2581316991453086,72.66917844672841,OpC
2025-03-07 11:00:00,M3,51.0,0.28429123412964435,69.42269453422637,OpB
2025-03-07 11:00:00,M4,55.0,0.19043716354386042,72.44463680145854,OpC
2025-03-07 12:00:00,M1,50.0,0.11934553808007548,68.78895736053131,OpB
2025-03-07 12:00:00,M2,,0.06066661970430906,70.11494264220258,OpA
2025-03-07 12:00:00,M3,52.0,0.13782685358224928,72.11941803753562,OpC
2025-03-07 12:00:00,M4,37.0,0.707884933517744,68.03124016159764,OpA
2025-03-07 13:00:00,M1,42.0,0.36535596597535325,69.92049819083852,OpB
2025-03-07 13:00:00,M2,50.0,0.3719159191011922,67.42286261417804,OpC
2025-03-07 13:00:00,M3,44.0,0.5768603584248403,65.20658167979155,OpB
2025-03-07 13:00:00,M4,54.0,0.44181738557639866,70.9266325336278,OpA
2025-03-07 14:00:00,M1,59.0,0.3277843136125775,64.01115749995168,OpC
2025-03-07 14:00:00,M2,54.0,0.45836749405626304,67.16708496381577,OpA
2025-03-07 14:00:00,M3,47.0,0.3687492609646363,66.5416259702951,OpB
2025-03-07 14:00:00,M4,51.0,0.20001654602228364,63.34604502046914,OpA
2025-03-07 15:00:00,M1,51.0,0.5578815502523632,63.32850070945077,OpA
2025-03-07 15:00:00,M2,,0.17413797106940226,63.906196853154356,OpC
2025-03-07 15:00:00,M3,47.0,,62.555173216037566,OpA
2025-03-07 15:00:00,M4,59.0,0.307084555514649,59.244726581314836,OpA
2025-03-07 16:00:00,M1,44.0,0.38346823523051204,60.413800365867615,OpA
2025-03-07 16:00:00,M2,34.0,0.24741330868283284,59.67068733376328,OpA
2025-03-07 16:00:00,M3,54.0,0.4644127791546855,65.03069472850898,OpA
2025-03-07 16:00:00,M4,62.0,,63.75856069610326,OpC
2025-03-07 17:00:00,M1,46.0,0.5429334619654262,62.791267871055844,OpB
2025-03-07 17:00:00,M2,60.0,0.2764653324729786,57.818028775939304,OpA
2025-03-07 17:00:00,M3,48.0,0.6059950005041114,59.59564491651069,OpC
2025-03-07 17:00:00,M4,38.0,0.4294443300512407,55.87647955459609,OpA
2025-03-07 18:00:00,M1,53.0,0.17185618260773602,,OpB
2025-03-07 18:00:00,M2,55.0,0.09246089340366438,59.96880104106789,OpA
2025-03-07 18:00:00,M3,58.0,0.4209398551406245,57.65085428776169,OpC
2025-03-07 18:00:00,M4,54.0,0.28098270560650196,61.53782870934112,OpC
2025-03-07 19:00:00,M1,,0.28381508659556054,60.2114637612241,OpC
2025-03-07 19:00:00,M2,,0.4527923301929868,62.33671579902428,OpC
2025-03-07 19:00:00,M3,51.0,0.44390898555456343,59.8563726041311,OpC
2025-03-07 19:00:00,M4,34.0,0.302356375339359,59.809726057076496,OpC
2025-03-07 20:00:00,M1,54.0,0.1869698995334595,58.93360912565017,OpB
2025-03-07 20:00:00,M2,46.0,0.12542806290632924,60.83953574613999,OpC
2025-03-07 20:00:00,M3,52.0,0.646813186951686,61.82302233782644,OpB
2025-03-07 20:00:00,M4,46.0,0.26301824362891785,64.70545594884409,OpC
2025-03-07 21:00:00,M1,64.0,0.2627343445443449,65.3286686982593,OpC
2025-03-07 21:00:00,M2,53.0,0.3336680383338989,61.81109896222957,OpB
2025-03-07 21:00:00,M3,47.0,,65.4660422519827,OpB
2025-03-07 21:00:00,M4,70.0,0.1254669072912723,59.16017430371897,OpB
2025-03-07 22:00:00,M1,54.0,0.09128229090785751,66.35383623725674,OpB
2025-03-07 22:00:00,M2,61.0,0.3456985164343028,63.20141013736405,OpA
2025-03-07 22:00:00,M3,41.0,,64.34432735025962,OpB
2025-03-07 22:00:00,M4,51.0,0.07959325985191529,67.33634999553078,OpC
2025-03-07 23:00:00,M1,51.0,0.12468010631829661,65.02234428195342,OpA
2025-03-07 23:00:00,M2,49.0,0.2211141759996363,66.68412697026068,OpA
2025-03-07 23:00:00,M3,54.0,0.4268686050808715,69.25865361317119,OpC
2025-03-07 23:00:00,M4,42.0,0.4313434188526273,67.6848528734552,OpB
2025-03-08 00:00:00,M1,47.0,0.47729738775140557,70.84034264349121,OpB
2025-03-08 00:00:00,M2,44.0,0.5988858336969006,72.94156546239843,OpB
2025-03-08 00:00:00,M3,55.0,0.5668337325174156,69.04492146575517,OpC
2025-03-08 00:00:00,M4,50.0,0.4105062565311173,72.65156834564276,OpB
2025-03-08 01:00:00,M1,29.0,0.1696744648159661,72.74693654340253,OpC
2025-03-08 01:00:00,M2,44.0,0.23875060585002997,70.90840217319308,OpB
2025-03-08 01:00:00,M3,51.0,0.06902162920615361,71.54501272459106,OpB
2025-03-08 01:00:00,M4,50.0,0.33467447735886063,72.16480263583993,OpC
2025-03-08 02:00:00,M1,63.0,0.28399685458134954,74.66084204581131,OpC
2025-03-08 02:00:00,M2,44.0,0.31003678844000415,74.9154946609698,OpA
2025-03-08 02:00:00,M3,,0.08316182852011263,76.40452362552921,OpC
2025-03-08 02:00:00,M4,47.0,0.31742773238580485,73.11244136024102,OpC
2025-03-08 03:00:00,M1,43.0,0.39082721245802005,73.45827809693067,OpC
2025-03-08 03:00:00,M2,59.0,0.37936945809519135,75.82406503985894,OpC
2025-03-08 03:00:00,M3,46.0,0.23560763090915446,74.85323286085948,OpC
2025-03-08 03:00:00,M4,47.0,0.5905929210760368,76.28440892866932,OpB
2025-03-08 04:00:00,M1,55.0,0.14813610770739397,77.68941745859273,OpB
2025-03-08 04:00:00,M2,62.0,0.2586450413904443,80.90591730859576,OpA
2025-03-08 04:00:00,M3,41.0,0.19915198637694484,,OpB
2025-03-08 04:00:00,M4,48.0,0.16000001040252326,80.79602156992885,OpA
2025-03-08 05:00:00,M1,48.0,0.08205821294984247,79.65826162268705,OpB
2025-03-08 05:00:00,M2,40.0,0.0646310034345448,77.73666244334515,OpC
2025-03-08 05:00:00,M3,41.0,0.18808817762222124,79.51801369454692,OpB
2025-03-08 05:00:00,M4,48.0,0.38837841321825745,79.92993874426381,OpA
2025-03-08 06:00:00,M1,57.0,0.06539822016899006,80.41208598007127,OpC
2025-03-08 06:00:00,M2,56.0,0.06536349245601634,79.99697746058806,OpA
2025-03-08 06:00:00,M3,46.0,0.04107432728794567,83.40578876500686,OpC
2025-03-08 06:00:00,M4,37.0,0.5640292205567162,79.07467876761908,OpA
2025-03-08 07:00:00,M1,48.0,0.09417406921801098,82.55165901206126,OpC
2025-03-08 07:00:00,M2,56.0,0.23096016650740311,80.17577551610836,OpA
2025-03-08 07:00:00,M3,45.0,0.5691350951029379,83.48393377728657,OpA
2025-03-08 07:00:00,M4,39.0,0.3933716856511992,78.51492048779777,OpB
2025-03-08 08:00:00,M1,53.0,0.4045420524051681,76.18143741471032,OpB
2025-03-08 08:00:00,M2,45.0,,77.02846912563557,OpA
2025-03-08 08:00:00,M3,35.0,0.4022723031209809,81.48816615390392,OpC
2025-03-08 08:00:00,M4,55.0,0.4387329253970972,77.97308412269747,OpC
2025-03-08 09:00:00,M1,42.0,0.39791397215168545,77.31422632057358,OpC
2025-03-08 09:00:00,M2,61.0,0.34442143792377605,75.85031544593184,OpA
2025-03-08 09:00:00,M3,66.0,0.57210077299864,75.43263053055932,OpB
2025-03-08 09:00:00,M4,58.0,0.12824175292433795,76.30097239475678,OpB
2025-03-08 10:00:00,M1,46.0,0.30652847443212977,73.70498899417072,OpC
2025-03-08 10:00:00,M2,43.0,0.3940174431629138,76.12511243598478,OpB
2025-03-08 10:00:00,M3,55.0,0.24201631571363605,75.49612812226731,OpC
2025-03-08 10:00:00,M4,46.0,0.3355587822028022,74.98932394758823,OpA
2025-03-08 11:00:00,M1,55.0,0.06527095217906569,71.3793702577832,OpC
2025-03-08 11:00:00,M2,60.0,0.14617186263028145,73.97659073766603,OpB
2025-03-08 11:00:00,M3,69.0,0.24814250523549697,,OpC
2025-03-08 11:00:00,M4,60.0,0.23055386294288296,71.90782837349786,OpA
2025-03-08 12:00:00,M1,49.0,0.10465483375865998,71.31879674745505,OpC
2025-03-08 12:00:00,M2,56.0,0.4911826254606922,70.95583939946813,OpC
2025-03-08 12:00:00,M3,46.0,0.4093389360705864,67.87786824015045,OpB
2025-03-08 12:00:00,M4,52.0,0.15807346973346226,67.59654808815603,OpA
2025-03-08 13:00:00,M1,46.0,0.10723242921155449,68.93927721993319,OpC
2025-03-08 13:00:00,M2,53.0,0.31204938783214176,70.53060459690703,OpC
2025-03-08 13:00:00,M3,63.0,0.19405256826478398,66.94254182973663,OpB
2025-03-08 13:00:00,M4,64.0,0.21440980363803241,67.69860531880293,OpC
2025-03-08 14:00:00,M1,47.0,0.2636408634847252,,OpA
2025-03-08 14:00:00,M2,50.0,0.35961117152143685,65.80199591146246,OpC
2025-03-08 14:00:00,M3,36.0,0.10520891834781641,64.29876723780485,OpC
2025-03-08 14:00:00,M4,41.0,0.3763148586666869,63.95143927748153,OpA
2025-03-08 15:00:00,M1,51.0,0.20735570373563672,61.73472103156619,OpA
2025-03-08 15:00:00,M2,49.0,0.4777152273398729,62.594720908469554,OpA
2025-03-08 15:00:00,M3,51.0,0.0973748601080353,66.95404102255004,OpA
2025-03-08 15:00:00,M4,,0.4586396862064762,60.34116373043873,OpC
2025-03-08 16:00:00,M1,59.0,0.18298440147604425,62.07404171234117,OpA
2025-03-08 16:00:00,M2,51.0,0.3120473064293099,,OpB
2025-03-08 16:00:00,M3,48.0,0.1547710458591852,59.026423066458605,OpC
2025-03-08 16:00:00,M4,47.0,0.10646571379871234,58.59073802714604,OpB
2025-03-08 17:00:00,M1,50.0,0.3184711298974857,62.89054553356185,OpB
2025-03-08 17:00:00,M2,44.0,,56.916664111983,OpA
2025-03-08 17:00:00,M3,50.0,0.3355481349368999,62.46772025323175,OpB
2025-03-08 17:00:00,M4,52.0,0.15169063457788212,55.54703136174931,OpA
2025-03-08 18:00:00,M1,42.0,,62.39853112822672,OpB
2025-03-08 18:00:00,M2,44.0,0.17073817772650365,57.13404025551965,OpA
2025-03-08 18:00:00,M3,50.0,0.2801462339595451,59.197196663647986,OpA
2025-03-08 18:00:00,M4,58.0,0.33815673240600974,61.234409015216244,OpC
2025-03-08 19:00:00,M1,56.0,0.12472429164370183,59.178494387469584,OpC
2025-03-08 19:00:00,M2,53.0,0.3636892492655419,58.91241028910071,OpB
2025-03-08 19:00:00,M3,47.0,0.41451164054168,56.885367426325175,OpB
2025-03-08 19:00:00,M4,50.0,0.39916822606790214,62.163602534398905,OpA
2025-03-08 20:00:00,M1,47.0,0.12601535218381005,58.82826342497879,OpB
2025-03-08 20:00:00,M2,51.0,0.2739219790019947,,OpB
2025-03-08 20:00:00,M3,47.0,0.5840288213524534,67.51848989114622,OpC
2025-03-08 20:00:00,M4,41.0,0.07977254688794305,61.803999156015884,OpB
2025-03-08 21:00:00,M1,59.0,0.11903169099535618,59.96163684765098,OpB
2025-03-08 21:00:00,M2,58.0,0.43450357725024513,61.27261446349924,OpC
2025-03-08 21:00:00,M3,38.0,0.4824506495678423,60.494346766462144,OpA
2025-03-08 21:00:00,M4,59.0,0.09442289063111291,62.03899583708616,OpC
2025-03-08 22:00:00,M1,48.0,0.08087436858029552,66.25251779174432,OpA
2025-03-08 22:00:00,M2,45.0,0.4739513107409035,65.3462161626244,OpC
2025-03-08 22:00:00,M3,57.0,0.3600572186326228,68.3203020822398,OpA
2025-03-08 22:00:00,M4,43.0,0.4489087265053023,64.53908281658323,OpA
2025-03-08 23:00:00,M1,,0.27470145671043433,67.82923896611912,OpA
2025-03-08 23:00:00,M2,60.0,0.32643382544808475,68.5351826931071,OpA
2025-03-08 23:00:00,M3,39.0,0.13071601418672182,67.11201469034829,OpB
2025-03-08 23:00:00,M4,54.0,0.26544604048572523,68.73879741777574,OpA
2025-03-09 00:00:00,M1,60.0,0.2465547347886678,68.12982261844446,OpA
2025-03-09 00:00:00,M2,48.0,,69.5237882484255,OpB
2025-03-09 00:00:00,M3,50.0,0.38009228731420625,70.70750882279853,OpB
2025-03-09 00:00:00,M4,47.0,0.030881250460769845,68.81662500081809,OpB
2025-03-09 01:00:00,M1,41.0,0.04939267406224106,74.75997738709323,OpA
2025-03-09 01:00:00,M2,49.0,0.5005435313642232,72.06756637836223,OpA
2025-03-09 01:00:00,M3,54.0,0.3289284809691978,72.00333998013294,OpA
2025-03-09 01:00:00,M4,57.0,0.25143512362193876,73.64557884133667,OpC
2025-03-09 02:00:00,M1,37.0,0.1308609737832942,72.90781117451793,OpB
2025-03-09 02:00:00,M2,51.0,0.1897803113951979,74.32441072033112,OpA
2025-03-09 02:00:00,M3,43.0,0.5342614665060029,76.5849283516857,OpA
2025-03-09 02:00:00,M4,49.0,0.15001293307559202,74.7292707374999,OpC
2025-03-09 03:00:00,M1,49.0,0.42254954639588016,76.64591574685856,OpA
2025-03-09 03:00:00,M2,53.0,0.1772115514002829,74.3790478698896,OpA
2025-03-09 03:00:00,M3,59.0,0.5684340476853813,78.51038930005605,OpB
2025-03-09 03:00:00,M4,56.0,0.06729690749945294,78.08867861141063,OpB
2025-03-09 04:00:00,M1,35.0,0.1595235179042891,82.42659929209368,OpB
2025-03-09 04:00:00,M2,41.0,0.5407174963968998,78.50358840514127,OpB
2025-03-09 04:00:00,M3,51.0,0.17976894237791985,78.26322377923766,OpA
2025-03-09 04:00:00,M4,62.0,0.10219926832719407,76.20766590981296,OpA
2025-03-09 05:00:00,M1,36.0,0.21127410236902616,80.45568302232549,OpC
2025-03-09 05:00:00,M2,55.0,,80.98304629544829,OpC
2025-03-09 05:00:00,M3,49.0,0.07159048368464199,78.74396696756666,OpA
2025-03-09 05:00:00,M4,54.0,0.1862632813079552,75.43594889619759,OpB
2025-03-09 06:00:00,M1,,0.4726343606103416,81.15434862103473,OpC
2025-03-09 06:00:00,M2,50.0,0.32830133554709057,77.23040670530081,OpC
2025-03-09 06:00:00,M3,44.0,,83.67403246252016,OpB
2025-03-09 06:00:00,M4,52.0,0.3783129012626047,79.89296880677496,OpA
2025-03-09 07:00:00,M1,53.0,0.11114696493837561,79.77190562792342,OpC
2025-03-09 07:00:00,M2,57.0,0.24600122830129256,79.80656353533445,OpC
2025-03-09 07:00:00,M3,53.0,0.16176949339350488,82.52845128966361,OpB
2025-03-09 07:00:00,M4,58.0,0.5101555715128426,80.69200926371762,OpA
2025-03-09 08:00:00,M1,54.0,0.3066094307687406,78.9382164236409,OpC
2025-03-09 08:00:00,M2,45.0,0.22185704515374888,,OpA
2025-03-09 08:00:00,M3,55.0,0.1874745407680528,80.96145542562456,OpA
2025-03-09 08:00:00,M4,55.0,0.49583272365100384,77.83614334810242,OpA
2025-03-09 09:00:00,M1,49.0,0.27866323012590166,75.63687606092869,OpA
2025-03-09 09:00:00,M2,59.0,0.18549610704553687,79.37223127633216,OpA
2025-03-09 09:00:00,M3,50.0,0.29282564120104404,77.58164391848914,OpB
2025-03-09 09:00:00,M4,59.0,,76.81270444694643,OpB
2025-03-09 10:00:00,M1,50.0,0.24479865815296145,79.24613231221214,OpA
2025-03-09 10:00:00,M2,46.0,0.4773712997738455,76.47450029308125,OpA
2025-03-09 10:00:00,M3,53.0,0.3004791346471607,72.05231389553512,OpB
2025-03-09 10:00:00,M4,35.0,0.1445172143666857,73.41626551605042,OpC
2025-03-09 11:00:00,M1,54.0,,74.36805090288871,OpB
2025-03-09 11:00:00,M2,50.0,0.3870824990027811,70.71845192052741,OpB
2025-03-09 11:00:00,M3,58.0,0.4453775207858093,74.23358413241948,OpB
2025-03-09 11:00:00,M4,46.0,0.3500351538785352,74.32336900981758,OpB
2025-03-09 12:00:00,M1,40.0,0.2421578294284068,71.2702291390493,OpB
2025-03-09 12:00:00,M2,43.0,0.07763264941098535,70.25439982500968,OpB
2025-03-09 12:00:00,M3,49.0,0.38624299074979657,71.23283878093018,OpC
2025-03-09 12:00:00,M4,41.0,0.32871951866430565,68.00730788795899,OpC
2025-03-09 13:00:00,M1,59.0,0.09687666083178166,,OpB
2025-03-09 13:00:00,M2,70.0,0.2438905224105108,67.05219057354114,OpA
2025-03-09 13:00:00,M3,57.0,0.18268357422851395,67.30918235275108,OpC
2025-03-09 13:00:00,M4,50.0,0.2562740911907535,,OpA
2025-03-09 14:00:00,M1,48.0,0.42273394121299784,60.5467173781148,OpB
2025-03-09 14:00:00,M2,49.0,0.07498724540817564,67.40861423409656,OpC
2025-03-09 14:00:00,M3,53.0,0.14939752220804087,65.7891799724325,OpB
2025-03-09 14:00:00,M4,47.0,0.045000126050215174,63.95451179189852,OpA
2025-03-09 15:00:00,M1,53.0,0.21573985417915392,62.09670005302737,OpB
2025-03-09 15:00:00,M2,45.0,0.19376479526043974,66.08789346813617,OpB
2025-03-09 15:00:00,M3,49.0,0.33332540031004615,61.811807051370295,OpA
2025-03-09 15:00:00,M4,43.0,0.4018218584251057,63.14700149032827,OpA
2025-03-09 16:00:00,M1,51.0,0.4150009391720865,62.35362339919543,OpB
2025-03-09 16:00:00,M2,43.0,0.43947407778887626,57.80465667544973,OpB
2025-03-09 16:00:00,M3,46.0,0.03641862737963287,61.81483297650283,OpC
2025-03-09 16:00:00,M4,61.0,0.2891821073676979,60.30274283441925,OpC
2025-03-09 17:00:00,M1,61.0,0.5664475049164436,58.233753845976025,OpA
2025-03-09 17:00:00,M2,61.0,0.3390639218021881,59.299460956940294,OpB
2025-03-09 17:00:00,M3,46.0,0.01637982830546587,63.26643098309935,OpB
2025-03-09 17:00:00,M4,46.0,0.61079714468468,60.229830491134436,OpB
2025-03-09 18:00:00,M1,60.0,0.14853604102727289,57.46679830760083,OpC
2025-03-09 18:00:00,M2,48.0,0.27303523007454145,58.44632203057999,OpC
2025-03-09 18:00:00,M3,53.0,0.19292812378857582,60.782078755902546,OpA
2025-03-09 18:00:00,M4,38.0,0.12138898382964552,58.77075496573635,OpB
2025-03-09 19:00:00,M1,39.0,0.20829460349092416,61.021707012060176,OpC
2025-03-09 19:00:00,M2,40.0,0.33906555771996466,62.53207760629883,OpA
2025-03-09 19:00:00,M3,58.0,0.4512136558101854,60.54807591190952,OpC
2025-03-09 19:00:00,M4,45.0,0.27701520704650096,,OpA
2025-03-09 20:00:00,M1,54.0,0.15947426660855563,59.7460849114956,OpB
2025-03-09 20:00:00,M2,41.0,0.07640719618030554,60.61482006564499,OpA
2025-03-09 20:00:00,M3,,0.22741243519530835,61.9822941621995,OpB
2025-03-09 20:00:00,M4,49.0,0.4501930647372062,61.50993447123823,OpC
2025-03-09 21:00:00,M1,51.0,0.22134745646285173,66.56991087480164,OpC
2025-03-09 21:00:00,M2,44.0,0.19027179091675536,66.50183686520884,OpC
2025-03-09 21:00:00,M3,65.0,0.05888657430769796,62.98737995190253,OpB
2025-03-09 21:00:00,M4,60.0,0.1189880854709687,63.99249356661724,OpB
2025-03-09 22:00:00,M1,47.0,0.3439840583420606,62.54912444938528,OpB
2025-03-09 22:00:00,M2,51.0,0.2874527393930561,63.26332150631776,OpC
2025-03-09 22:00:00,M3,52.0,0.22979090488533715,,OpB
2025-03-09 22:00:00,M4,57.0,0.21231118575941704,65.12966862255276,OpC
2025-03-09 23:00:00,M1,49.0,0.18059473102470777,70.00563832211698,OpA
2025-03-09 23:00:00,M2,44.0,0.2850994431745332,64.71837443777466,OpA
2025-03-09 23:00:00,M3,51.0,0.044592985888078515,67.58126816996496,OpC
2025-03-09 23:00:00,M4,55.0,0.19811153526378897,69.6778271530376,OpC
2025-03-10 00:00:00,M1,44.0,0.1699927000537923,69.62039866822344,OpA
2025-03-10 00:00:00,M2,58.0,0.11698397714102304,70.30830572488821,OpB
2025-03-10 00:00:00,M3,44.0,0.26324992667456265,,OpA
2025-03-10 00:00:00,M4,49.0,0.2552306505662694,69.79019756068564,OpC
2025-03-10 01:00:00,M1,52.0,0.44166023797842535,75.89528910878556,OpA
2025-03-10 01:00:00,M2,49.0,0.05993066268298294,69.98616835232133,OpC
2025-03-10 01:00:00,M3,51.0,0.14461966310891872,74.13210682643533,OpC
2025-03-10 01:00:00,M4,46.0,0.35067630702403463,70.94568471725003,OpA
2025-03-10 02:00:00,M1,59.0,0.1940491787268764,72.41467002310952,OpA
2025-03-10 02:00:00,M2,46.0,0.2607580062914851,,OpB
2025-03-10 02:00:00,M3,43.0,0.2889969245512712,78.56748520947824,OpC
2025-03-10 02:00:00,M4,61.0,0.1530367969847914,72.22915427494151,OpB
2025-03-10 03:00:00,M1,59.0,0.05396003689022993,77.35654631374311,OpC
2025-03-10 03:00:00,M2,59.0,0.12949378235469894,78.75464070546916,OpA
2025-03-10 03:00:00,M3,60.0,0.35221120683005863,76.3693138886168,OpB
2025-03-10 03:00:00,M4,50.0,0.2908260070577203,76.71232901010784,OpA
2025-03-10 04:00:00,M1,44.0,0.2638446104875631,77.46782213225121,OpC
2025-03-10 04:00:00,M2,59.0,0.2422481130098165,79.3208921311633,OpB
2025-03-10 04:00:00,M3,57.0,0.11108467315011447,76.3186052018321,OpC
2025-03-10 04:00:00,M4,47.0,0.270705497918789,77.52333555328389,OpA
2025-03-10 05:00:00,M1,56.0,0.2616554037324996,81.96745791574419,OpC
2025-03-10 05:00:00,M2,51.0,0.40008511791048823,76.7535897674115,OpC
2025-03-10 05:00:00,M3,40.0,0.5859358398933939,78.11569997873988,OpA
2025-03-10 05:00:00,M4,52.0,0.2950825038114568,79.55663828883385,OpB
2025-03-10 06:00:00,M1,55.0,0.2911875001098619,80.78821113552749,OpB
2025-03-10 06:00:00,M2,42.0,0.2725460188448177,81.01495574751866,OpB
2025-03-10 06:00:00,M3,57.0,0.021630390941889,78.78930425456156,OpC
2025-03-10 06:00:00,M4,67.0,0.19059642417593034,79.10563619844183,OpC
2025-03-10 07:00:00,M1,52.0,0.3685259939224459,82.5710840088446,OpB
2025-03-10 07:00:00,M2,62.0,0.4008156220298955,77.13609020651585,OpA
2025-03-10 07:00:00,M3,43.0,0.22608472420617606,81.19516495815886,OpB
2025-03-10 07:00:00,M4,43.0,0.40758256667151416,80.02106654227701,OpB
2025-03-10 08:00:00,M1,35.0,0.2956284004100046,79.36874077408017,OpA
2025-03-10 08:00:00,M2,48.0,0.23834781253952966,75.49568062497369,OpA
2025-03-10 08:00:00,M3,49.0,0.6199770175581277,81.30817610576742,OpA
2025-03-10 08:00:00,M4,52.0,0.09968686616905444,79.25693697633042,OpA
2025-03-10 09:00:00,M1,56.0,0.08710974761126,77.75148157464768,OpC
2025-03-10 09:00:00,M2,56.0,0.5492802737896373,79.59435958201382,OpC
2025-03-10 09:00:00,M3,45.0,0.10183744936546388,79.73407659208492,OpC
2025-03-10 09:00:00,M4,47.0,0.32644625400392646,79.68442101163481,OpA
2025-03-10 10:00:00,M1,46.0,0.34101293673260363,71.95574554131639,OpA
2025-03-10 10:00:00,M2,57.0,0.2817571824213386,,OpC
2025-03-10 10:00:00,M3,54.0,0.17808814279436094,72.8500224533115,OpC
2025-03-10 10:00:00,M4,49.0,0.1189154773263441,76.94839999571282,OpA
2025-03-10 11:00:00,M1,43.0,0.04066921571376429,75.95261676773418,OpA
2025-03-10 11:00:00,M2,48.0,0.2336846954756944,71.0302222237397,OpB
2025-03-10 11:00:00,M3,52.0,,69.82784283351162,OpC
2025-03-10 11:00:00,M4,55.0,0.25702803410451225,71.50704294154218,OpB
2025-03-10 12:00:00,M1,43.0,0.46443579575239036,65.71017150751368,OpA
2025-03-10 12:00:00,M2,44.0,0.13147542666110837,69.91851364186753,OpB
2025-03-10 12:00:00,M3,56.0,0.36539053828914436,69.19215733772991,OpA
2025-03-10 12:00:00,M4,57.0,0.4227574703109137,72.37042893290449,OpA
2025-03-10 13:00:00,M1,45.0,0.14229773715494975,66.3128935886415,OpA
2025-03-10 13:00:00,M2,47.0,0.15530133841838153,66.06279700097875,OpA
2025-03-10 13:00:00,M3,62.0,0.37469031516095336,66.1272443874636,OpB
2025-03-10 13:00:00,M4,49.0,0.16128397496672076,67.73214857129497,OpC
2025-03-10 14:00:00,M1,49.0,0.05351201641134669,,OpB
2025-03-10 14:00:00,M2,41.0,,66.81909058431349,OpC
2025-03-10 14:00:00,M3,55.0,0.19172655159740407,62.61599540570329,OpA
2025-03-10 14:00:00,M4,50.0,0.27950571574012223,66.92867422180235,OpB
2025-03-10 15:00:00,M1,49.0,0.18950273695711717,64.04890020002644,OpC
2025-03-10 15:00:00,M2,42.0,0.1810308335427074,62.52143449693876,OpB
2025-03-10 15:00:00,M3,49.0,0.11900722319626132,,OpA
2025-03-10 15:00:00,M4,44.0,0.17014426959993442,63.97727802831352,OpB
2025-03-10 16:00:00,M1,48.0,0.549794500596827,57.0443579027479,OpA
2025-03-10 16:00:00,M2,50.0,0.2012104048355754,61.47910921462597,OpA
2025-03-10 16:00:00,M3,49.0,0.39787171720872433,60.51694152781763,OpA
2025-03-10 16:00:00,M4,57.0,0.05317180019631776,63.953048286439746,OpC
2025-03-10 17:00:00,M1,39.0,0.4170708125481121,58.73622089854256,OpC
2025-03-10 17:00:00,M2,49.0,0.24323581280582657,60.39567636107704,OpA
2025-03-10 17:00:00,M3,51.0,0.27306441285451544,58.55799840072839,OpA
2025-03-10 17:00:00,M4,54.0,0.2509752239430189,61.63334703323492,OpB
2025-03-10 18:00:00,M1,60.0,0.008375485248800581,,OpC
2025-03-10 18:00:00,M2,53.0,0.04575719800196738,62.79539724252651,OpB
2025-03-10 18:00:00,M3,50.0,0.4135874933504381,58.53615429301107,OpC
2025-03-10 18:00:00,M4,50.0,0.507111762007642,59.44904672112818,OpC
2025-03-10 19:00:00,M1,39.0,0.35698776875944876,60.665961458783485,OpA
2025-03-10 19:00:00,M2,51.0,0.5023521945446888,56.528089921582996,OpA
2025-03-10 19:00:00,M3,46.0,0.18488591304542878,61.985181297190046,OpC
2025-03-10 19:00:00,M4,50.0,0.2876995242901333,61.63319418499098,OpC
2025-03-10 20:00:00,M1,46.0,0.15030788746271995,57.71101323813156,OpB
2025-03-10 20:00:00,M2,54.0,0.207390558296111,62.34418216756043,OpB
2025-03-10 20:00:00,M3,46.0,0.16500522835954406,59.84887593782647,OpB
2025-03-10 20:00:00,M4,53.0,,59.88057090792505,OpC
2025-03-10 21:00:00,M1,44.0,,62.28494191151302,OpA
2025-03-10 21:00:00,M2,49.0,0.3456086711941178,60.80360574868361,OpC
2025-03-10 21:00:00,M3,50.0,0.181608855462057,61.20887180720855,OpB
2025-03-10 21:00:00,M4,,0.14413422469272946,63.032594010193606,OpB
2025-03-10 22:00:00,M1,42.0,0.08177785113522391,69.29454293622342,OpA
2025-03-10 22:00:00,M2,55.0,0.33971019101908245,65.9018567115281,OpA
2025-03-10 22:00:00,M3,65.0,0.464299847262053,62.807181156805605,OpB
2025-03-10 22:00:00,M4,51.0,0.24303708876715102,66.63553078749189,OpB
2025-03-10 23:00:00,M1,50.0,0.157957743296394,68.00115850205442,OpC
2025-03-10 23:00:00,M2,43.0,0.31274952182626004,68.52780039417513,OpC
2025-03-10 23:00:00,M3,58.0,0.1884624510035352,69.65666523946442,OpC
2025-03-10 23:00:00,M4,50.0,0.1909756216717893,67.3593693735209,OpA
2025-03-11 00:00:00,M1,51.0,,72.64892425204016,OpC
2025-03-11 00:00:00,M2,41.0,0.06025818152865953,70.51570412815468,OpA
2025-03-11 00:00:00,M3,37.0,0.3268129495938242,72.86162812721288,OpB
2025-03-11 00:00:00,M4,43.0,0.17720937362128927,67.54301405653915,OpC
2025-03-11 01:00:00,M1,58.0,0.5113936052138212,72.7598460824951,OpA
2025-03-11 01:00:00,M2,53.0,0.29826628358818835,73.515773702757,OpA
2025-03-11 01:00:00,M3,61.0,0.26970473801320344,74.87562890915123,OpC
2025-03-11 01:00:00,M4,62.0,0.24059366483208353,69.66907868441184,OpB
2025-03-11 02:00:00,M1,50.0,0.3931739194521914,75.74246367571286,OpB
2025-03-11 02:00:00,M2,52.0,0.5096046911699943,79.56325505472135,OpC
2025-03-11 02:00:00,M3,56.0,0.477323474131915,73.62601975966962,OpB
2025-03-11 02:00:00,M4,45.0,0.3257199889852885,,OpB
2025-03-11 03:00:00,M1,58.0,0.12891297130278842,78.96732877142412,OpC
2025-03-11 03:00:00,M2,51.0,0.48518912831113087,75.66420920909592,OpA
2025-03-11 03:00:00,M3,51.0,0.30723707220025975,78.91595828426989,OpB
2025-03-11 03:00:00,M4,48.0,0.26399348627087443,74.18222316233559,OpC
2025-03-11 04:00:00,M1,53.0,0.37716738898014823,82.23075397286316,OpA
2025-03-11 04:00:00,M2,41.0,0.26643633633271946,78.41003757520626,OpC
2025-03-11 04:00:00,M3,58.0,0.0347565015378653,,OpC
2025-03-11 04:00:00,M4,46.0,0.510186879402278,77.83242385067538,OpA
2025-03-11 05:00:00,M1,47.0,0.13448909096855863,80.28024348891414,OpC
2025-03-11 05:00:00,M2,46.0,0.25440397761662675,78.95796045525226,OpB
2025-03-11 05:00:00,M3,35.0,0.20571533913515452,77.1535512290741,OpA
2025-03-11 05:00:00,M4,56.0,0.21747454194203106,79.20229849872817,OpB
2025-03-11 06:00:00,M1,50.0,0.09263856995925245,81.28755480957537,OpA
2025-03-11 06:00:00,M2,48.0,0.45366309253288795,,OpB
2025-03-11 06:00:00,M3,47.0,0.33163038713579995,81.8910428380216,OpA
2025-03-11 06:00:00,M4,32.0,0.02090528169761464,78.44169719452427,OpA
2025-03-11 07:00:00,M1,47.0,0.08117391894502893,,OpA
2025-03-11 07:00:00,M2,47.0,0.37175889781188953,81.60926621147337,OpB
2025-03-11 07:00:00,M3,61.0,0.2718264896474034,80.73936366051178,OpC
2025-03-11 07:00:00,M4,,0.20409056957597677,79.00341299305475,OpB
2025-03-11 08:00:00,M1,43.0,0.13614780452216088,78.76991694388698,OpC
2025-03-11 08:00:00,M2,43.0,0.3319585813512102,77.90288875676012,OpC
2025-03-11 08:00:00,M3,62.0,0.3117215592958847,81.78812551139544,OpA
2025-03-11 08:00:00,M4,42.0,0.396021681129721,77.46037682087177,OpA
2025-03-11 09:00:00,M1,61.0,0.19975417582007104,76.14038679580138,OpA
2025-03-11 09:00:00,M2,62.0,0.38146761669024704,77.96632072176669,OpA
2025-03-11 09:00:00,M3,64.0,,74.07010020374315,OpC
2025-03-11 09:00:00,M4,50.0,0.0741384791362322,78.09098782576068,OpB
2025-03-11 10:00:00,M1,40.0,0.32500764263047427,73.33875437015809,OpC
2025-03-11 10:00:00,M2,55.0,0.04483248058934211,74.55256130489933,OpB
2025-03-11 10:00:00,M3,,0.12382075200029201,74.94972750915996,OpB
2025-03-11 10:00:00,M4,47.0,0.35518718411721945,72.7465680821582,OpC
2025-03-11 11:00:00,M1,48.0,0.025247297533174156,76.43425397418017,OpB
2025-03-11 11:00:00,M2,54.0,0.2578664779794815,73.81659317788734,OpC
2025-03-11 11:00:00,M3,44.0,0.3262741500580419,72.13758874455989,OpC
2025-03-11 11:00:00,M4,,0.1106777332193127,68.21678532408048,OpC
2025-03-11 12:00:00,M1,57.0,0.369707587163279,70.24201626218229,OpC
2025-03-11 12:00:00,M2,45.0,0.09200508062641954,73.31555721724514,OpA
2025-03-11 12:00:00,M3,38.0,0.38322556394522156,69.20685526339771,OpB
2025-03-11 12:00:00,M4,60.0,0.2464858330942756,,OpB
2025-03-11 13:00:00,M1,55.0,0.38986410947604855,71.51794651293959,OpC
2025-03-11 13:00:00,M2,46.0,0.17925616128012872,69.8498235485058,OpC
2025-03-11 13:00:00,M3,47.0,0.6083236139256928,63.01331813567451,OpC
2025-03-11 13:00:00,M4,51.0,0.655090906912233,,OpA
2025-03-11 14:00:00,M1,53.0,0.20333123064757908,66.14401036982399,OpB
2025-03-11 14:00:00,M2,56.0,0.07930595090020612,64.28408989524014,OpA
2025-03-11 14:00:00,M3,31.0,0.09523622200343888,62.82740359938779,OpC
2025-03-11 14:00:00,M4,53.0,0.08642559130324791,66.18297903692323,OpC
2025-03-11 15:00:00,M1,49.0,0.35274352980210566,64.90477315977039,OpA
2025-03-11 15:00:00,M2,51.0,0.05775048510348074,61.27073038205425,OpC
2025-03-11 15:00:00,M3,46.0,0.28628956034935993,65.87241716809635,OpB
2025-03-11 15:00:00,M4,43.0,0.30174427496356204,62.32268055709797,OpA
2025-03-11 16:00:00,M1,42.0,0.15438825799339903,61.793510049898046,OpB
2025-03-11 16:00:00,M2,52.0,0.0926921053943189,60.169099661850225,OpA
2025-03-11 16:00:00,M3,40.0,0.21934830313643677,59.545928522094265,OpA
2025-03-11 16:00:00,M4,51.0,0.5139939659051271,64.60273289735645,OpC
2025-03-11 17:00:00,M1,45.0,0.2929902971965647,58.66284485048847,OpC
2025-03-11 17:00:00,M2,42.0,0.3006538019540752,61.29520952035504,OpC
2025-03-11 17:00:00,M3,49.0,0.19771232192626703,58.04607786153015,OpB
2025-03-11 17:00:00,M4,52.0,0.05755630017695162,60.34836043241878,OpA
2025-03-11 18:00:00,M1,53.0,0.2778651461121696,61.01748785455522,OpB
2025-03-11 18:00:00,M2,55.0,0.1862000240976207,59.34017206359423,OpC
2025-03-11 18:00:00,M3,44.0,0.257562953267927,61.93432900576277,OpA
2025-03-11 18:00:00,M4,48.0,0.16317119242974268,,OpB
2025-03-11 19:00:00,M1,61.0,0.29786733855946623,61.286281261336356,OpA
2025-03-11 19:00:00,M2,58.0,0.12951806381530026,56.178507238065464,OpA
2025-03-11 19:00:00,M3,58.0,0.2888857160140423,59.931738044424655,OpA
2025-03-11 19:00:00,M4,48.0,0.5148254036961881,60.92297172634818,OpA
2025-03-11 20:00:00,M1,54.0,0.36253326225818283,62.7805106329818,OpC
2025-03-11 20:00:00,M2,53.0,0.16984328073221502,62.12429588351559,OpB
2025-03-11 20:00:00,M3,53.0,0.5737579752359628,62.003398600932975,OpC
2025-03-11 20:00:00,M4,46.0,0.3251189330530815,61.34283640242409,OpB
2025-03-11 21:00:00,M1,47.0,0.5705857259438617,63.4412579478996,OpB
2025-03-11 21:00:00,M2,56.0,0.20863048250395005,61.14516473789324,OpC
2025-03-11 21:00:00,M3,42.0,0.08437414512602948,64.84116814698841,OpC
2025-03-11 21:00:00,M4,53.0,0.10186484687960039,63.63880617615725,OpB
2025-03-11 22:00:00,M1,45.0,0.33082538046165544,65.11771545232241,OpC
2025-03-11 22:00:00,M2,57.0,0.09165727518956224,66.58065907722822,OpB
2025-03-11 22:00:00,M3,38.0,0.28276378192077556,67.58309978971478,OpC
2025-03-11 22:00:00,M4,56.0,0.3650792806902491,64.42748710427705,OpB
2025-03-11 23:00:00,M1,,0.17820507049220094,,OpA
2025-03-11 23:00:00,M2,38.0,0.5813268123558172,66.43145297479785,OpB
2025-03-11 23:00:00,M3,,0.17817429742278548,,OpB
2025-03-11 23:00:00,M4,46.0,0.5221387161518126,72.00849178598652,OpA
2025-03-12 00:00:00,M1,43.0,0.2833496059098093,71.34860915391408,OpC
2025-03-12 00:00:00,M2,61.0,0.2740695170718185,70.75736551307507,OpC
2025-03-12 00:00:00,M3,,0.2295791832749994,69.20885503415742,OpC
2025-03-12 00:00:00,M4,42.0,0.1754324474137845,72.54307958954925,OpA
2025-03-12 01:00:00,M1,52.0,0.4108941951871478,73.83387252950578,OpC
2025-03-12 01:00:00,M2,52.0,0.2840051889342432,,OpB
2025-03-12 01:00:00,M3,37.0,0.10039559074380752,77.80246948889788,OpB
2025-03-12 01:00:00,M4,59.0,0.4250423129826118,71.36794504872415,OpB
2025-03-12 02:00:00,M1,52.0,0.5306040446646424,72.42203285698193,OpA
2025-03-12 02:00:00,M2,53.0,0.4100327602554282,72.81275028633813,OpB
2025-03-12 02:00:00,M3,50.0,0.18743914246628635,75.45675445699813,OpA
2025-03-12 02:00:00,M4,41.0,0.08307341693338244,74.81956899996695,OpA
2025-03-12 03:00:00,M1,40.0,0.19598304556062088,74.51722101563747,OpA
2025-03-12 03:00:00,M2,56.0,,76.93780977103462,OpB
2025-03-12 03:00:00,M3,64.0,0.254699573036893,76.92013488424017,OpA
2025-03-12 03:00:00,M4,61.0,0.6018059079027891,,OpA
2025-03-12 04:00:00,M1,50.0,0.4459885292742601,78.65234752717767,OpB
2025-03-12 04:00:00,M2,46.0,0.16380763868917297,81.11854007697787,OpA
2025-03-12 04:00:00,M3,44.0,0.1000699277651692,80.85728732960233,OpA
2025-03-12 04:00:00,M4,58.0,0.14191755168830655,78.61587779199077,OpB
2025-03-12 05:00:00,M1,37.0,0.22919108586051196,82.45158833632227,OpB
2025-03-12 05:00:00,M2,50.0,0.38568512441068337,80.00602560630357,OpC
2025-03-12 05:00:00,M3,,0.5267367782137953,79.60257469579787,OpC
2025-03-12 05:00:00,M4,58.0,,79.91852796463903,OpA
2025-03-12 06:00:00,M1,52.0,0.14566177392518584,,OpC
2025-03-12 06:00:00,M2,66.0,0.24156418248512332,81.82729839706057,OpC
2025-03-12 06:00:00,M3,45.0,0.41381156711353584,79.5246231982223,OpA
2025-03-12 06:00:00,M4,61.0,0.17164907599974868,81.01195555783629,OpB
2025-03-12 07:00:00,M1,48.0,0.45682746577086336,79.84504251299118,OpA
2025-03-12 07:00:00,M2,57.0,0.11097881640960892,81.0156166596859,OpB
2025-03-12 07:00:00,M3,43.0,0.07727177836396557,78.00146066216703,OpC
2025-03-12 07:00:00,M4,52.0,0.13074520739441117,80.91656324506565,OpA
2025-03-12 08:00:00,M1,64.0,0.2888000144244888,80.25519342360634,OpA
2025-03-12 08:00:00,M2,61.0,0.08079127705406293,79.76325383790514,OpB
2025-03-12 08:00:00,M3,50.0,0.3195401555104812,79.97965219691396,OpC
2025-03-12 08:00:00,M4,60.0,0.1578612378021403,77.53249393674713,OpB
2025-03-12 09:00:00,M1,59.0,0.5217247574961694,76.95269399750113,OpA
2025-03-12 09:00:00,M2,52.0,0.19316528190917429,77.64614593200639,OpB
2025-03-12 09:00:00,M3,45.0,0.2632432529756152,75.42270545931208,OpC
2025-03-12 09:00:00,M4,51.0,0.08206725894328906,80.57651789399858,OpB
2025-03-12 10:00:00,M1,53.0,0.5426138008864086,76.29927176797071,OpB
2025-03-12 10:00:00,M2,63.0,0.6071439516089797,72.46788220762576,OpB
2025-03-12 10:00:00,M3,45.0,0.24881358544501145,76.18867832431083,OpA
2025-03-12 10:00:00,M4,38.0,0.20619970464291348,76.30046878534206,OpB
2025-03-12 11:00:00,M1,56.0,0.08660622607205325,72.34757782591176,OpC
2025-03-12 11:00:00,M2,44.0,0.1879283107583119,71.4646902869941,OpA
2025-03-12 11:00:00,M3,46.0,,74.33986518788107,OpA
2025-03-12 11:00:00,M4,55.0,0.021854442219192645,75.45454288401287,OpC
2025-03-12 12:00:00,M1,38.0,0.4145020274859582,,OpC
2025-03-12 12:00:00,M2,48.0,0.30076215482385926,68.27329766553692,OpB
2025-03-12 12:00:00,M3,66.0,0.17807150373489436,69.75316319957047,OpC
2025-03-12 12:00:00,M4,53.0,0.09896911701487142,69.96160443435748,OpA
2025-03-12 13:00:00,M1,53.0,0.17935874895982593,69.49073228103565,OpC
2025-03-12 13:00:00,M2,54.0,0.08940575471317314,68.25241249751375,OpC
2025-03-12 13:00:00,M3,41.0,0.29516625481505193,66.64475929411458,OpC
2025-03-12 13:00:00,M4,53.0,0.2795545178122261,73.20052130690746,OpB
2025-03-12 14:00:00,M1,44.0,0.20673626284172716,65.91339704787858,OpB
2025-03-12 14:00:00,M2,51.0,0.08617970152067317,61.09763347633822,OpA
2025-03-12 14:00:00,M3,46.0,0.44634768126857577,63.45194970214099,OpA
2025-03-12 14:00:00,M4,39.0,0.49803970946611315,64.63854397549498,OpC
2025-03-12 15:00:00,M1,,0.12551841800684613,,OpC
2025-03-12 15:00:00,M2,36.0,0.0654326269859388,62.51472971141218,OpA
2025-03-12 15:00:00,M3,49.0,,62.837575900897086,OpB
2025-03-12 15:00:00,M4,40.0,0.281867253441025,63.61986175437755,OpC
2025-03-12 16:00:00,M1,57.0,0.6057415819995751,59.88841309960801,OpB
2025-03-12 16:00:00,M2,55.0,0.4164600542207537,61.9382959738737,OpB
2025-03-12 16:00:00,M3,47.0,0.20517735883612073,63.573780534442825,OpA
2025-03-12 16:00:00,M4,58.0,,59.72168786478568,OpA
2025-03-12 17:00:00,M1,53.0,0.12153299100536269,60.812903343897865,OpA
2025-03-12 17:00:00,M2,51.0,0.3991920296019482,60.70053816713605,OpA
2025-03-12 17:00:00,M3,45.0,0.17406606389520654,58.48698782362128,OpC
2025-03-12 17:00:00,M4,49.0,,55.772781719122484,OpC
2025-03-12 18:00:00,M1,52.0,0.2545924561722002,59.30999150227678,OpA
2025-03-12 18:00:00,M2,60.0,0.2987380967852521,60.84860087752305,OpA
2025-03-12 18:00:00,M3,58.0,0.45355895561169407,64.25391868586736,OpA
2025-03-12 18:00:00,M4,53.0,0.1369392940408012,55.88115830179528,OpA
2025-03-12 19:00:00,M1,40.0,0.24157214974617403,61.267562621068954,OpB
2025-03-12 19:00:00,M2,49.0,0.3156477023019724,63.08319551068879,OpA
2025-03-12 19:00:00,M3,51.0,0.10268693091249097,61.6914093435176,OpC
2025-03-12 19:00:00,M4,,0.04721308736698063,,OpB
2025-03-12 20:00:00,M1,49.0,0.5551640190275017,62.01954400440567,OpB
2025-03-12 20:00:00,M2,60.0,0.44960978455975914,60.41058188567359,OpC
2025-03-12 20:00:00,M3,50.0,0.5075980045996229,61.693057267206285,OpA
2025-03-12 20:00:00,M4,46.0,0.26501071077978544,57.425594166782865,OpA
2025-03-12 21:00:00,M1,,0.34966884580121793,61.570731630396686,OpA
2025-03-12 21:00:00,M2,53.0,0.2963964283866951,,OpB
2025-03-12 21:00:00,M3,47.0,0.4318442649178006,63.46043372126499,OpB
2025-03-12 21:00:00,M4,43.0,0.3164985639589946,62.2191806266204,OpA
2025-03-12 22:00:00,M1,60.0,0.26037901827416876,62.222969338871,OpA
2025-03-12 22:00:00,M2,42.0,0.28200339643439515,63.29382811771495,OpA
2025-03-12 22:00:00,M3,59.0,0.3226374784039646,,OpC
2025-03-12 22:00:00,M4,49.0,0.1585987174796577,65.66161714674368,OpB
2025-03-12 23:00:00,M1,,0.2183329786947726,66.56808193473752,OpB
2025-03-12 23:00:00,M2,,0.35432974242143245,66.63859951820334,OpC
2025-03-12 23:00:00,M3,,0.2278463387071359,68.74994582410655,OpA
2025-03-12 23:00:00,M4,46.0,0.3652868516803171,64.93515081714891,OpC
2025-03-13 00:00:00,M1,53.0,0.032038904122117275,69.7133180531578,OpC
2025-03-13 00:00:00,M2,43.0,0.2502040071239706,70.54008514742836,OpC
2025-03-13 00:00:00,M3,53.0,0.5159903437422182,66.534416098589,OpB
2025-03-13 00:00:00,M4,53.0,0.05141820060884636,69.25709347373433,OpA
2025-03-13 01:00:00,M1,52.0,0.24337902623655347,73.60638654221582,OpC
2025-03-13 01:00:00,M2,,0.23891410966245252,71.46246254834664,OpB
2025-03-13 01:00:00,M3,59.0,0.37364318309594313,73.26175071651362,OpA
2025-03-13 01:00:00,M4,53.0,0.07144163834416001,,OpB
2025-03-13 02:00:00,M1,43.0,0.08013848270568469,74.83605503172764,OpA
2025-03-13 02:00:00,M2,44.0,0.05529474612017658,74.36155706591636,OpC
2025-03-13 02:00:00,M3,42.0,0.2850596799516837,79.043985974218,OpB
2025-03-13 02:00:00,M4,58.0,0.5777326331478032,73.30044250800223,OpC
2025-03-13 03:00:00,M1,67.0,0.29619548859269007,79.25749581158891,OpB
2025-03-13 03:00:00,M2,,0.45081804639268963,76.18620973722577,OpB
2025-03-13 03:00:00,M3,36.0,0.3392443069236506,78.33936617746662,OpA
2025-03-13 03:00:00,M4,65.0,0.6633505528362194,74.57295117674877,OpA
2025-03-13 04:00:00,M1,56.0,0.21859750879167314,79.71331677838147,OpA
2025-03-13 04:00:00,M2,54.0,0.3901610754402925,78.54459332212596,OpB
2025-03-13 04:00:00,M3,51.0,0.07083991901679097,77.43299028702033,OpA
2025-03-13 04:00:00,M4,45.0,,78.55591141570925,OpB
2025-03-13 05:00:00,M1,50.0,0.16281868883723638,79.58611476711182,OpA
2025-03-13 05:00:00,M2,47.0,0.2062810070539553,82.15051280848823,OpA
2025-03-13 05:00:00,M3,42.0,0.7709124891250424,81.14315581309083,OpC
2025-03-13 05:00:00,M4,41.0,0.3267275201061355,82.50651235193622,OpC
2025-03-13 06:00:00,M1,42.0,0.43497821171943685,79.65086808701037,OpB
2025-03-13 06:00:00,M2,32.0,0.2239262660660033,81.83520989213051,OpC
2025-03-13 06:00:00,M3,49.0,0.14543919320193602,79.11431877202433,OpC
2025-03-13 06:00:00,M4,56.0,0.10775561961895536,79.80598997722389,OpA
2025-03-13 07:00:00,M1,49.0,0.5741219025921829,78.01681922400847,OpA
2025-03-13 07:00:00,M2,58.0,0.3750575991155842,78.06237386704572,OpC
2025-03-13 07:00:00,M3,55.0,0.16401040366382777,80.58671024147473,OpB
2025-03-13 07:00:00,M4,50.0,0.15731422673304699,78.82717285986159,OpC
2025-03-13 08:00:00,M1,61.0,0.31048208195469795,75.83872087257177,OpC
2025-03-13 08:00:00,M2,44.0,0.5532569368046641,78.68196874348867,OpC
2025-03-13 08:00:00,M3,46.0,0.19955961286597934,82.21209342270556,OpB
2025-03-13 08:00:00,M4,52.0,0.08755982018737428,78.62007684438333,OpB
2025-03-13 09:00:00,M1,62.0,0.3270178458089913,76.40226837025557,OpB
2025-03-13 09:00:00,M2,49.0,0.1335209744337925,77.77172051084175,OpB
2025-03-13 09:00:00,M3,56.0,0.08210995612169074,79.30968423947252,OpB
2025-03-13 09:00:00,M4,64.0,0.04773011717512401,74.68307299681776,OpC
2025-03-13 10:00:00,M1,58.0,0.37005460407238827,71.3505817522081,OpA
2025-03-13 10:00:00,M2,51.0,0.20516577722436882,72.4665035648467,OpC
2025-03-13 10:00:00,M3,40.0,0.3513519006133493,74.33887687242215,OpA
2025-03-13 10:00:00,M4,51.0,0.3684643811911319,71.18851995356118,OpC
2025-03-13 11:00:00,M1,56.0,0.23240144544192004,73.64982400288818,OpB
2025-03-13 11:00:00,M2,,0.07588998234340286,71.8691457136374,OpA
2025-03-13 11:00:00,M3,59.0,0.1444748270230142,74.6553083892312,OpB
2025-03-13 11:00:00,M4,46.0,0.25666791852565685,71.18313679240117,OpB
2025-03-13 12:00:00,M1,54.0,0.6461155313191799,69.16235273469944,OpA
2025-03-13 12:00:00,M2,39.0,0.15823426024058979,68.55209234465462,OpB
2025-03-13 12:00:00,M3,46.0,0.33420085184304404,70.06380097156406,OpA
2025-03-13 12:00:00,M4,58.0,0.103697792387493,71.26725164489353,OpB
2025-03-13 13:00:00,M1,66.0,0.7828515747261585,68.85113505002205,OpA
2025-03-13 13:00:00,M2,43.0,0.270841498464965,66.00313885448983,OpA
2025-03-13 13:00:00,M3,46.0,0.692373145516798,66.55428434143634,OpB
2025-03-13 13:00:00,M4,,0.06384808596016449,68.51800632981681,OpB
2025-03-13 14:00:00,M1,55.0,0.4713903917076368,68.06952540883879,OpB
2025-03-13 14:00:00,M2,47.0,0.5221729655483839,67.03787116827243,OpB
2025-03-13 14:00:00,M3,45.0,0.311168164775725,65.95860872330071,OpA
2025-03-13 14:00:00,M4,49.0,0.11819807417267987,66.4210163117145,OpA
2025-03-13 15:00:00,M1,52.0,0.46053220713157444,62.26502979745861,OpB
2025-03-13 15:00:00,M2,,0.3229760194178177,65.41083993389981,OpA
2025-03-13 15:00:00,M3,72.0,0.09460434620875609,,OpB
2025-03-13 15:00:00,M4,43.0,0.09244683537452676,63.71811497044382,OpA
2025-03-13 16:00:00,M1,40.0,0.1471334029994181,59.47400469662871,OpA
2025-03-13 16:00:00,M2,61.0,0.18461379497267152,62.29416448646806,OpB
2025-03-13 16:00:00,M3,46.0,0.24036964722351775,60.62957542443854,OpB
2025-03-13 16:00:00,M4,53.0,0.08258670940341438,58.57328467111413,OpB
2025-03-13 17:00:00,M1,68.0,0.7046047266431414,62.47549548550249,OpA
2025-03-13 17:00:00,M2,62.0,0.4221350257042826,57.18593228988986,OpA
2025-03-13 17:00:00,M3,45.0,0.5441995286513507,61.76302641751198,OpC
2025-03-13 17:00:00,M4,45.0,0.2443147957008456,58.358437050060544,OpC
2025-03-13 18:00:00,M1,52.0,0.18957876937257856,60.374126282908975,OpB
2025-03-13 18:00:00,M2,42.0,0.5356226674333217,59.14185291031767,OpC
2025-03-13 18:00:00,M3,,0.08049793659207938,61.128751385249565,OpA
2025-03-13 18:00:00,M4,42.0,0.18256699239588872,54.95266989926283,OpA
2025-03-13 19:00:00,M1,58.0,0.35313420274443796,60.34445911853727,OpC
2025-03-13 19:00:00,M2,46.0,0.315121245103835,59.40786921247314,OpB
2025-03-13 19:00:00,M3,71.0,,61.715293742201155,OpB
2025-03-13 19:00:00,M4,43.0,0.2996246542514276,60.721621465146164,OpC
2025-03-13 20:00:00,M1,46.0,0.4146415996258559,64.06081746785429,OpC
2025-03-13 20:00:00,M2,60.0,0.21116740018564184,64.32804324721043,OpA
2025-03-13 20:00:00,M3,51.0,0.17624249248084983,61.45913137678828,OpC
2025-03-13 20:00:00,M4,40.0,0.2299108265884189,60.67047934580419,OpC
2025-03-13 21:00:00,M1,52.0,0.43254874251145276,64.78211267423401,OpB
2025-03-13 21:00:00,M2,55.0,0.08104312825942922,63.18448407853256,OpA
2025-03-13 21:00:00,M3,40.0,0.041902729909181057,65.63510271706335,OpA
2025-03-13 21:00:00,M4,58.0,0.5221639270574299,62.498459345089216,OpC
2025-03-13 22:00:00,M1,57.0,0.583010017340521,,OpC
2025-03-13 22:00:00,M2,46.0,0.26665161008291743,65.784887322588,OpA
2025-03-13 22:00:00,M3,43.0,0.49248943337553835,65.5610918419944,OpB
2025-03-13 22:00:00,M4,47.0,0.3473423677683779,65.36100128157086,OpA
2025-03-13 23:00:00,M1,54.0,0.11376208520026823,68.64441720090782,OpA
2025-03-13 23:00:00,M2,56.0,0.16639184674102095,67.25429507309364,OpB
2025-03-13 23:00:00,M3,58.0,0.2114397090365301,69.90835960979246,OpB
2025-03-13 23:00:00,M4,49.0,0.6145072248608161,66.46940403970721,OpC
2025-03-14 00:00:00,M1,58.0,0.4729452238257826,70.97830418008844,OpC
2025-03-14 00:00:00,M2,47.0,0.3859354798793698,71.0828829436991,OpB
2025-03-14 00:00:00,M3,45.0,0.08814220006470988,70.20671533029467,OpB
2025-03-14 00:00:00,M4,55.0,0.28340633772183565,71.24624141722155,OpB
2025-03-14 01:00:00,M1,48.0,0.14528234953045266,71.32272494534989,OpB
2025-03-14 01:00:00,M2,54.0,0.3758421472942083,71.85920460621345,OpB
2025-03-14 01:00:00,M3,52.0,0.2426839189639303,72.13518626877564,OpC
2025-03-14 01:00:00,M4,36.0,0.4537532804646923,72.15935805108695,OpB
2025-03-14 02:00:00,M1,61.0,0.7520159826468354,74.96719906064163,OpA
2025-03-14 02:00:00,M2,44.0,0.53879315381595,76.53317634863528,OpB
2025-03-14 02:00:00,M3,50.0,0.42780940138080487,76.79115923731345,OpB
2025-03-14 02:00:00,M4,56.0,0.5536952633219996,72.39344393492657,OpC
2025-03-14 03:00:00,M1,45.0,0.4407234720216169,73.84007425870138,OpB
2025-03-14 03:00:00,M2,51.0,,77.36536938211684,OpC
2025-03-14 03:00:00,M3,54.0,0.7460280367282256,75.27707053638031,OpC
2025-03-14 03:00:00,M4,54.0,0.49503129421364656,75.64823032297245,OpA
2025-03-14 04:00:00,M1,51.0,0.10605254025979312,80.23281521843172,OpB
2025-03-14 04:00:00,M2,,0.38114053101528994,76.13185992858878,OpA
2025-03-14 04:00:00,M3,42.0,0.3325460920040664,78.2462428223455,OpC
2025-03-14 04:00:00,M4,52.0,0.14788825824117446,77.88002539732501,OpB
2025-03-14 05:00:00,M1,54.0,0.6179083860828701,79.03877327559564,OpA
2025-03-14 05:00:00,M2,48.0,0.4450843466841427,80.51695371541794,OpB
2025-03-14 05:00:00,M3,60.0,0.3395501680916295,82.66736654716736,OpC
2025-03-14 05:00:00,M4,66.0,,75.70409536678808,OpB
2025-03-14 06:00:00,M1,50.0,0.3025751845050633,83.34625126560879,OpA
2025-03-14 06:00:00,M2,,0.16283372951185496,80.08980987423566,OpA
2025-03-14 06:00:00,M3,55.0,0.3295356154582916,77.13843467719528,OpA
2025-03-14 06:00:00,M4,42.0,0.27466107028296977,79.3805618629452,OpB
2025-03-14 07:00:00,M1,58.0,0.39136762818759957,77.62288808149768,OpA
2025-03-14 07:00:00,M2,46.0,0.17838794090671492,79.17510375079902,OpC
2025-03-14 07:00:00,M3,44.0,0.5705622311601048,78.9842505084875,OpC
2025-03-14 07:00:00,M4,61.0,0.2016270282709076,,OpC
2025-03-14 08:00:00,M1,42.0,0.37654917515846026,78.13394193998465,OpA
2025-03-14 08:00:00,M2,48.0,0.021015719783063217,78.2550921862091,OpC
2025-03-14 08:00:00,M3,47.0,0.29601712084696274,82.13043550009638,OpC
2025-03-14 08:00:00,M4,44.0,0.18842240703647892,81.92201322040565,OpB
2025-03-14 09:00:00,M1,53.0,,,OpB
2025-03-14 09:00:00,M2,52.0,0.44858618020509206,77.48751927567167,OpA
2025-03-14 09:00:00,M3,47.0,0.2998992545629371,74.6677895863429,OpC
2025-03-14 09:00:00,M4,55.0,0.5163897373702544,77.05102825131246,OpA
2025-03-14 10:00:00,M1,46.0,0.15469641148394156,75.9880924022985,OpA
2025-03-14 10:00:00,M2,41.0,0.44250333287505483,75.9138070773798,OpC
2025-03-14 10:00:00,M3,36.0,0.4691650138821745,74.42543087163787,OpA
2025-03-14 10:00:00,M4,36.0,0.10140822972007574,76.09989270812653,OpA
2025-03-14 11:00:00,M1,52.0,0.15738619915809712,73.60396512197643,OpA
2025-03-14 11:00:00,M2,37.0,0.2317831963020968,73.87623137736867,OpC
2025-03-14 11:00:00,M3,,0.3033027621726195,69.62870322468673,OpC
2025-03-14 11:00:00,M4,54.0,0.07527466463465865,,OpA
2025-03-14 12:00:00,M1,50.0,0.40973483538384414,,OpC
2025-03-14 12:00:00,M2,57.0,0.408463087058431,70.1427396810589,OpB
2025-03-14 12:00:00,M3,55.0,0.13807923655859136,69.77539324852279,OpA
2025-03-14 12:00:00,M4,59.0,0.19392000044155958,67.87203964992925,OpB
2025-03-14 13:00:00,M1,47.0,0.31801421308520555,69.1573064126837,OpA
2025-03-14 13:00:00,M2,58.0,0.35725188299489136,67.71156140979379,OpB
2025-03-14 13:00:00,M3,51.0,0.1494541460913837,,OpC
2025-03-14 13:00:00,M4,46.0,0.406078308709114,68.46793985339998,OpB
2025-03-14 14:00:00,M1,62.0,0.41246275525136006,66.21143975276722,OpC
2025-03-14 14:00:00,M2,55.0,0.4213157984314335,61.06023006312255,OpB
2025-03-14 14:00:00,M3,51.0,0.37782663202160055,67.4437259686786,OpC
2025-03-14 14:00:00,M4,37.0,0.16843716415585483,61.84598408126004,OpC
2025-03-14 15:00:00,M1,55.0,0.2324082610879045,63.867004321371965,OpA
2025-03-14 15:00:00,M2,58.0,0.5758067493438791,60.204957529339886,OpB
2025-03-14 15:00:00,M3,54.0,0.08924487548088934,,OpA
2025-03-14 15:00:00,M4,54.0,0.22151012904019363,63.91465695009955,OpC
2025-03-14 16:00:00,M1,,0.11898601231538945,57.065145401397764,OpB
2025-03-14 16:00:00,M2,49.0,0.12495455498464347,59.116667759924646,OpA
2025-03-14 16:00:00,M3,57.0,0.05492769709985276,62.59803644076439,OpA
2025-03-14 16:00:00,M4,,0.19056738344027566,63.132146697802014,OpC
2025-03-14 17:00:00,M1,45.0,0.19280100744540174,61.601760547361515,OpC
2025-03-14 17:00:00,M2,42.0,0.3503260283385853,61.92387150608837,OpA
2025-03-14 17:00:00,M3,50.0,0.092712134633061,59.65466613158337,OpA
2025-03-14 17:00:00,M4,40.0,0.07478665211521796,62.79714822205735,OpB
2025-03-14 18:00:00,M1,54.0,0.14758619265623568,63.69646503883378,OpC
2025-03-14 18:00:00,M2,47.0,0.37421254383896096,61.36126373558,OpA
2025-03-14 18:00:00,M3,39.0,0.2950707075802295,,OpA
2025-03-14 18:00:00,M4,47.0,0.5391156998675435,58.456491473359435,OpB
2025-03-14 19:00:00,M1,50.0,0.7401469918865944,57.8855539357801,OpC
2025-03-14 19:00:00,M2,54.0,0.4511305474238135,60.401601354942166,OpC
2025-03-14 19:00:00,M3,,0.07606369771494714,58.41736681276341,OpB
2025-03-14 19:00:00,M4,58.0,0.3010824696181247,,OpB
2025-03-14 20:00:00,M1,43.0,0.3407184918540711,58.9574216502754,OpC
2025-03-14 20:00:00,M2,52.0,0.10214817387802268,56.404207820795044,OpA
2025-03-14 20:00:00,M3,50.0,0.4898494660311934,61.55960432055204,OpB
2025-03-14 20:00:00,M4,48.0,0.1734655206132347,,OpB
2025-03-14 21:00:00,M1,57.0,0.06734818265147909,61.719888975355225,OpB
2025-03-14 21:00:00,M2,51.0,0.1386871444384835,63.48413019072358,OpC
2025-03-14 21:00:00,M3,57.0,0.5542133468264362,61.71641355534275,OpB
2025-03-14 21:00:00,M4,50.0,0.08836434773549087,64.20700148733523,OpC
2025-03-14 22:00:00,M1,56.0,0.12567552526124853,64.22961824579377,OpB
2025-03-14 22:00:00,M2,48.0,0.17352536873889762,63.53485301116924,OpC
2025-03-14 22:00:00,M3,66.0,0.08877428558836559,68.37010370577687,OpB
2025-03-14 22:00:00,M4,47.0,0.0657222970659105,64.08293843026408,OpA
2025-03-14 23:00:00,M1,44.0,0.11044389631738255,68.91607932932422,OpA
2025-03-14 23:00:00,M2,51.0,0.07462139603503051,67.23054549090091,OpB
2025-03-14 23:00:00,M3,,0.15992492716441217,65.43848260167644,OpC
2025-03-14 23:00:00,M4,45.0,0.3986860278297869,65.47347599057899,OpC
2025-03-15 00:00:00,M1,56.0,0.2801962833437745,69.21370169861477,OpC
2025-03-15 00:00:00,M2,53.0,0.38300556050009854,67.89313272400034,OpC
2025-03-15 00:00:00,M3,53.0,0.3417019199197426,70.27871520709319,OpA
2025-03-15 00:00:00,M4,49.0,0.2863369318490908,69.13787207068087,OpA
2025-03-15 01:00:00,M1,43.0,0.24556061495688586,72.24298171274022,OpC
2025-03-15 01:00:00,M2,47.0,0.46431323000960345,71.84879715567341,OpA
2025-03-15 01:00:00,M3,42.0,0.1560964462254626,71.03062063807165,OpA
2025-03-15 01:00:00,M4,51.0,0.21140088809799984,76.22858214750683,OpC
2025-03-15 02:00:00,M1,55.0,0.2650028564000677,74.90629353993471,OpB
2025-03-15 02:00:00,M2,49.0,0.16324976858492932,74.02789870479133,OpB
2025-03-15 02:00:00,M3,50.0,0.49471012096880607,76.0876835448307,OpC
2025-03-15 02:00:00,M4,60.0,0.16624664567550035,72.43346085862287,OpA
2025-03-15 03:00:00,M1,,0.46893386229926265,76.77001057360641,OpC
2025-03-15 03:00:00,M2,49.0,0.11439744325127676,73.33598347613753,OpB
2025-03-15 03:00:00,M3,53.0,0.13123938638312022,75.62053381965718,OpC
2025-03-15 03:00:00,M4,54.0,0.5482606243372349,79.75145850966236,OpB
2025-03-15 04:00:00,M1,48.0,0.142569514557022,,OpB
2025-03-15 04:00:00,M2,46.0,0.43054717332474723,,OpA
2025-03-15 04:00:00,M3,39.0,0.11803511675804552,76.19395441084025,OpB
2025-03-15 04:00:00,M4,58.0,0.25325157835281775,76.28676962181564,OpC
2025-03-15 05:00:00,M1,55.0,0.32999010206381035,80.43716001135525,OpA
2025-03-15 05:00:00,M2,48.0,0.25652109557150826,79.85018290250301,OpC
2025-03-15 05:00:00,M3,41.0,0.2757134208947393,82.01759485888682,OpC
2025-03-15 05:00:00,M4,52.0,0.3245852119780652,79.48108139812247,OpB
2025-03-15 06:00:00,M1,54.0,0.11828736753759171,82.22318936938846,OpA
2025-03-15 06:00:00,M2,46.0,0.35627441826418144,74.87381274569879,OpA
2025-03-15 06:00:00,M3,44.0,0.06961959406203955,78.61575540156383,OpB
2025-03-15 06:00:00,M4,34.0,0.2334870068934399,79.67002555547923,OpA
2025-03-15 07:00:00,M1,56.0,0.13122034347606604,75.44482870670382,OpB
2025-03-15 07:00:00,M2,57.0,,77.67295199970579,OpA
2025-03-15 07:00:00,M3,49.0,0.07728038513867615,,OpA
2025-03-15 07:00:00,M4,42.0,,76.3547583827337,OpC
2025-03-15 08:00:00,M1,42.0,0.2932389994161044,80.61259657761627,OpC
2025-03-15 08:00:00,M2,59.0,0.058220108340379995,78.10270062928208,OpA
2025-03-15 08:00:00,M3,52.0,0.3688558984511865,79.05022982383831,OpC
2025-03-15 08:00:00,M4,41.0,0.42122094734760374,74.33423804425718,OpB
2025-03-15 09:00:00,M1,50.0,0.29632161055042405,78.04645403146736,OpB
2025-03-15 09:00:00,M2,51.0,0.46551782983521894,77.16256281406692,OpC
2025-03-15 09:00:00,M3,59.0,,75.41273005929148,OpB
2025-03-15 09:00:00,M4,59.0,0.055121421087942095,77.16983757164152,OpC
2025-03-15 10:00:00,M1,40.0,0.46344507124705964,74.42810134970784,OpC
2025-03-15 10:00:00,M2,50.0,0.6672671472564545,72.98933802409684,OpC
2025-03-15 10:00:00,M3,58.0,0.25105160337078114,,OpC
2025-03-15 10:00:00,M4,53.0,0.4055759240893468,73.90819625688145,OpA
2025-03-15 11:00:00,M1,48.0,0.5264337733504253,,OpA
2025-03-15 11:00:00,M2,,0.27381677866128706,77.21082250634271,OpA
2025-03-15 11:00:00,M3,54.0,0.3466577030257965,73.1622966068177,OpB
2025-03-15 11:00:00,M4,54.0,0.10441656090928172,71.68892059026828,OpC
2025-03-15 12:00:00,M1,54.0,0.07234160441930637,69.13683601906152,OpB
2025-03-15 12:00:00,M2,47.0,0.3110126028075827,,OpC
2025-03-15 12:00:00,M3,,0.28612323741400986,71.73527153046129,OpC
2025-03-15 12:00:00,M4,50.0,0.4175781238045849,,OpC
2025-03-15 13:00:00,M1,51.0,0.13577417861074312,68.1290608813504,OpC
2025-03-15 13:00:00,M2,48.0,0.48368035569381096,69.36492622067604,OpB
2025-03-15 13:00:00,M3,65.0,0.1205933201000195,63.89616748561504,OpA
2025-03-15 13:00:00,M4,57.0,0.07942169246015211,68.45029262992024,OpC
2025-03-15 14:00:00,M1,,0.5323732520978912,64.08317284841844,OpB
2025-03-15 14:00:00,M2,53.0,0.6811186756347766,63.16450033203827,OpB
2025-03-15 14:00:00,M3,36.0,0.2102060050117594,63.628093935824396,OpB
2025-03-15 14:00:00,M4,53.0,0.28086368458211514,67.56368952021597,OpB
2025-03-15 15:00:00,M1,,0.021147297634502935,59.871475608514736,OpA
2025-03-15 15:00:00,M2,,0.09156178728833718,62.58649429162392,OpB
2025-03-15 15:00:00,M3,44.0,0.24686270689827308,63.92445982800975,OpB
2025-03-15 15:00:00,M4,47.0,0.42369835655541116,65.63676849295183,OpA
2025-03-15 16:00:00,M1,52.0,0.5070922283936764,58.457876545705574,OpB
2025-03-15 16:00:00,M2,50.0,0.4003293405524079,63.294581879748684,OpA
2025-03-15 16:00:00,M3,,0.344425013483042,59.36216401807214,OpC
2025-03-15 16:00:00,M4,47.0,0.1709453585726623,60.69566837897255,OpC
2025-03-15 17:00:00,M1,54.0,0.1585018957671825,59.832986524307515,OpC
2025-03-15 17:00:00,M2,53.0,0.6624299632037806,61.157165444562956,OpB
2025-03-15 17:00:00,M3,47.0,,59.77286956659663,OpC
2025-03-15 17:00:00,M4,,0.2025315564498082,58.643574719957094,OpA
2025-03-15 18:00:00,M1,48.0,0.17490192663120072,60.25535071653155,OpC
2025-03-15 18:00:00,M2,66.0,0.5327202364627184,60.076777192432836,OpA
2025-03-15 18:00:00,M3,46.0,0.207505337212696,,OpB
2025-03-15 18:00:00,M4,52.0,0.49891050597997294,60.13467242818489,OpC
2025-03-15 19:00:00,M1,43.0,0.1121738451132224,59.89151334141898,OpB
2025-03-15 19:00:00,M2,53.0,,57.7454969368435,OpB
2025-03-15 19:00:00,M3,46.0,0.6466538463722923,58.13842466573057,OpA
2025-03-15 19:00:00,M4,47.0,0.15688439720248482,,OpC
2025-03-15 20:00:00,M1,56.0,0.28214632092131764,60.91440868221582,OpC
2025-03-15 20:00:00,M2,47.0,0.27258622202956556,61.2875558056899,OpB
2025-03-15 20:00:00,M3,50.0,0.1703225890280591,62.24437434697707,OpC
2025-03-15 20:00:00,M4,42.0,0.1665825158518258,58.745220367689356,OpB
2025-03-15 21:00:00,M1,44.0,0.5342650835426351,64.9143132255062,OpB
2025-03-15 21:00:00,M2,47.0,0.6284670731877811,64.07871512100854,OpB
2025-03-15 21:00:00,M3,48.0,0.45058858733523083,64.38440200881696,OpA
2025-03-15 21:00:00,M4,38.0,0.18883802640351782,63.03388401776056,OpC
2025-03-15 22:00:00,M1,55.0,0.38828665207180946,66.14856124023798,OpA
2025-03-15 22:00:00,M2,47.0,0.15716519627544792,64.29057126993631,OpB
2025-03-15 22:00:00,M3,52.0,0.5206029997941163,66.28709720351962,OpC
2025-03-15 22:00:00,M4,48.0,0.4282775532118005,65.14821011448076,OpC
2025-03-15 23:00:00,M1,51.0,0.07974910878887988,67.73940088212026,OpB
2025-03-15 23:00:00,M2,55.0,0.4523552193227649,68.41066249139195,OpA
2025-03-15 23:00:00,M3,46.0,0.2492110391474887,67.17080213470761,OpA
2025-03-15 23:00:00,M4,50.0,0.12516142260838903,69.76187406839468,OpC
2025-03-16 00:00:00,M1,41.0,0.6660861213859433,70.741004890675,OpB
2025-03-16 00:00:00,M2,,0.23281113967500217,65.88270353505294,OpC
2025-03-16 00:00:00,M3,36.0,0.4467787870194799,70.33428399772319,OpC
2025-03-16 00:00:00,M4,53.0,0.5215018284182574,71.22963096463427,OpB
2025-03-16 01:00:00,M1,57.0,0.3688151271527747,70.06224094350036,OpC
2025-03-16 01:00:00,M2,50.0,0.2663335871972475,72.83083930137741,OpB
2025-03-16 01:00:00,M3,47.0,0.7701238200344468,69.18829753474581,OpA
2025-03-16 01:00:00,M4,51.0,0.24122341112492077,71.48291347379929,OpA
2025-03-16 02:00:00,M1,50.0,0.32093907107174,74.81048658526704,OpA
2025-03-16 02:00:00,M2,63.0,0.383245408141802,73.8324655496888,OpC
2025-03-16 02:00:00,M3,47.0,0.5215818331377763,76.24236405317461,OpA
2025-03-16 02:00:00,M4,,0.4501799897047195,74.05233649441426,OpC
2025-03-16 03:00:00,M1,56.0,0.27069630385291404,79.48054124678403,OpB
2025-03-16 03:00:00,M2,53.0,0.14403780971416727,75.76248319228038,OpA
2025-03-16 03:00:00,M3,55.0,0.3093265600420044,78.17804430997656,OpC
2025-03-16 03:00:00,M4,54.0,0.23380799598028612,74.81323739290282,OpB
2025-03-16 04:00:00,M1,54.0,0.624313595405874,79.30490327393639,OpA
2025-03-16 04:00:00,M2,54.0,0.4283796678178009,81.39793552444053,OpB
2025-03-16 04:00:00,M3,49.0,0.5859498770774993,79.67034000416818,OpC
2025-03-16 04:00:00,M4,48.0,0.32309517693021494,78.70201799504595,OpA
2025-03-16 05:00:00,M1,59.0,0.3689805852934849,79.90159958214828,OpB
2025-03-16 05:00:00,M2,58.0,0.16207827313372705,77.66849020019626,OpB
2025-03-16 05:00:00,M3,40.0,0.23278326219387743,81.65382861288913,OpA
2025-03-16 05:00:00,M4,52.0,0.146219755882569,83.02372200993162,OpA
2025-03-16 06:00:00,M1,53.0,0.1439092051397714,78.15139667314247,OpB
2025-03-16 06:00:00,M2,54.0,0.2715163329572621,80.36434326086169,OpC
2025-03-16 06:00:00,M3,41.0,0.22811572694720234,81.49552050826095,OpC
2025-03-16 06:00:00,M4,50.0,0.22066481350677808,83.9448302275974,OpA
2025-03-16 07:00:00,M1,49.0,0.38228968822390963,78.66139512712533,OpC
2025-03-16 07:00:00,M2,59.0,0.1970132636130361,80.18963973590967,OpC
2025-03-16 07:00:00,M3,42.0,0.6152261732206666,82.15419067603874,OpC
2025-03-16 07:00:00,M4,39.0,0.15519325805276793,83.5800464535126,OpA
2025-03-16 08:00:00,M1,60.0,0.23131298717334972,78.70846320470581,OpA
2025-03-16 08:00:00,M2,49.0,0.2918065499554046,76.44237564348377,OpA
2025-03-16 08:00:00,M3,43.0,0.4245488555339898,78.35304956655463,OpA
2025-03-16 08:00:00,M4,38.0,0.09751903223119991,78.08028442815937,OpB
2025-03-16 09:00:00,M1,40.0,0.5295744207741252,,OpA
2025-03-16 09:00:00,M2,49.0,0.0583714730131022,78.52601981407155,OpC
2025-03-16 09:00:00,M3,63.0,0.19290153588909822,79.50438669928738,OpA
2025-03-16 09:00:00,M4,56.0,0.16001948708978436,74.1460187432927,OpC
2025-03-16 10:00:00,M1,58.0,0.3081722771283008,73.63715001459477,OpC
2025-03-16 10:00:00,M2,53.0,0.3604638962381289,78.4145799392106,OpB
2025-03-16 10:00:00,M3,57.0,0.14201080066947763,77.27891123964318,OpC
2025-03-16 10:00:00,M4,53.0,0.10644317285694993,76.2990948419495,OpB
2025-03-16 11:00:00,M1,53.0,0.5177706813162161,74.45481575116555,OpA
2025-03-16 11:00:00,M2,51.0,0.40056298320786604,72.659988010968,OpB
2025-03-16 11:00:00,M3,44.0,0.2946293497419883,72.2411854397407,OpA
2025-03-16 11:00:00,M4,67.0,0.17298618032970844,71.41047100478787,OpB
2025-03-16 12:00:00,M1,46.0,0.36673263600813316,,OpA
2025-03-16 12:00:00,M2,48.0,0.35918069518059875,69.93178007600585,OpA
2025-03-16 12:00:00,M3,45.0,0.24432708925147248,72.42627634527327,OpC
2025-03-16 12:00:00,M4,40.0,0.12145860451665504,67.65539645206469,OpB
2025-03-16 13:00:00,M1,65.0,0.09293666447522994,64.94018171063303,OpB
2025-03-16 13:00:00,M2,50.0,0.0701128368891501,64.20201898899194,OpA
2025-03-16 13:00:00,M3,50.0,0.41130586320910395,65.78829145167424,OpB
2025-03-16 13:00:00,M4,40.0,0.16658316225377023,69.85735628958932,OpB
2025-03-16 14:00:00,M1,41.0,0.05027948545849877,64.27376349415943,OpA
2025-03-16 14:00:00,M2,52.0,0.17263188631981277,67.65238687307523,OpA
2025-03-16 14:00:00,M3,55.0,0.21175277323123964,65.08548722788274,OpA
2025-03-16 14:00:00,M4,53.0,0.07678547693495166,66.63109777019066,OpC
2025-03-16 15:00:00,M1,46.0,0.39539695263159513,63.713139239880235,OpB
2025-03-16 15:00:00,M2,46.0,0.18476072275139274,56.531541927091524,OpB
2025-03-16 15:00:00,M3,,0.3772386147594231,63.12630727358537,OpA
2025-03-16 15:00:00,M4,39.0,0.024442557327643156,62.29623764566689,OpC
2025-03-16 16:00:00,M1,60.0,0.21308171763673842,56.811712931971506,OpC
2025-03-16 16:00:00,M2,56.0,0.2851943540915658,57.176180649762486,OpC
2025-03-16 16:00:00,M3,29.0,0.12022761266690803,62.164512914917005,OpA
2025-03-16 16:00:00,M4,37.0,0.3241014303068638,,OpB
2025-03-16 17:00:00,M1,48.0,0.5768536274717727,61.69617228295854,OpA
2025-03-16 17:00:00,M2,53.0,0.20991574940830326,59.80695030107259,OpA
2025-03-16 17:00:00,M3,49.0,0.19544138817447246,58.994294173303516,OpB
2025-03-16 17:00:00,M4,39.0,0.10934486638636126,58.53720859310568,OpA
2025-03-16 18:00:00,M1,51.0,0.5439282139954378,56.500555050307796,OpC
2025-03-16 18:00:00,M2,48.0,0.5330319481315975,,OpB
2025-03-16 18:00:00,M3,50.0,,,OpC
2025-03-16 18:00:00,M4,41.0,0.33285934650793964,59.45395560146621,OpB
2025-03-16 19:00:00,M1,65.0,0.36334551806370513,62.04008929053333,OpC
2025-03-16 19:00:00,M2,58.0,0.1599287900341957,59.633469574126394,OpC
2025-03-16 19:00:00,M3,56.0,0.46499343597818193,62.61707400161977,OpA
2025-03-16 19:00:00,M4,54.0,0.23911075794370384,59.66040315085007,OpB
2025-03-16 20:00:00,M1,39.0,0.16997290698087653,61.72859607547064,OpB
2025-03-16 20:00:00,M2,51.0,,56.057826141318166,OpB
2025-03-16 20:00:00,M3,44.0,0.26964990264598415,60.555736002146425,OpB
2025-03-16 20:00:00,M4,53.0,0.2944538276604449,59.88605020079507,OpA
2025-03-16 21:00:00,M1,67.0,0.059078431370383544,64.01311354807214,OpB
2025-03-16 21:00:00,M2,45.0,0.2847062006908997,61.3165982690888,OpA
2025-03-16 21:00:00,M3,49.0,0.39278923171159996,65.52249873989388,OpB
2025-03-16 21:00:00,M4,54.0,0.455808649591877,63.375595537064434,OpB
2025-03-16 22:00:00,M1,40.0,0.4599843795594803,64.4761781244394,OpA
2025-03-16 22:00:00,M2,53.0,0.6711436152072737,65.46245476989178,OpA
2025-03-16 22:00:00,M3,46.0,0.14786374531982546,65.09428717619193,OpA
2025-03-16 22:00:00,M4,,0.20210844550957804,63.028083861035206,OpA
2025-03-16 23:00:00,M1,45.0,0.02836296461086853,66.13224287985456,OpC
2025-03-16 23:00:00,M2,57.0,0.2968414754573718,67.5778364637887,OpB
2025-03-16 23:00:00,M3,45.0,0.4713563594991353,67.69378719630652,OpA
2025-03-16 23:00:00,M4,52.0,0.49073368247256766,69.39252490109784,OpA
2025-03-17 00:00:00,M1,42.0,0.17448145198096998,69.62767630972156,OpB
2025-03-17 00:00:00,M2,50.0,0.3021801828767447,72.2476434547254,OpB
2025-03-17 00:00:00,M3,49.0,0.3914455382654591,68.48402913166731,OpB
2025-03-17 00:00:00,M4,41.0,0.16559408657128097,71.71240413008088,OpB
2025-03-17 01:00:00,M1,39.0,0.4496028509460893,72.65311443847453,OpA
2025-03-17 01:00:00,M2,47.0,0.12107359703676082,,OpC
2025-03-17 01:00:00,M3,,0.2396167600786743,72.07015374676054,OpA
2025-03-17 01:00:00,M4,43.0,0.4147844758524058,71.701036214328,OpC
2025-03-17 02:00:00,M1,43.0,0.5494242072531135,76.51869068236705,OpC
2025-03-17 02:00:00,M2,51.0,0.09916133702904657,76.93556764526839,OpC
2025-03-17 02:00:00,M3,61.0,0.22859476519725952,73.3231626691076,OpA
2025-03-17 02:00:00,M4,47.0,0.11468274407910091,74.94791269079525,OpC
2025-03-17 03:00:00,M1,53.0,0.6487601511043962,77.70986834697908,OpC
2025-03-17 03:00:00,M2,61.0,0.09414033132803233,79.47285508712076,OpA
2025-03-17 03:00:00,M3,45.0,0.39336723803179546,78.23363163529316,OpA
2025-03-17 03:00:00,M4,65.0,0.552964164748732,79.84005858403823,OpC
2025-03-17 04:00:00,M1,49.0,0.27605309293859426,78.69078216960017,OpC
2025-03-17 04:00:00,M2,54.0,0.08458814269347903,76.23199894454514,OpA
2025-03-17 04:00:00,M3,59.0,0.12568122793406608,77.6639249083045,OpA
2025-03-17 04:00:00,M4,44.0,0.0456121694591866,83.83978796272066,OpA
2025-03-17 05:00:00,M1,48.0,0.7417219811752076,78.75354998847376,OpA
2025-03-17 05:00:00,M2,,0.6491260576353778,78.5410238332935,OpB
2025-03-17 05:00:00,M3,,0.4776587672965551,77.86593866027306,OpB
2025-03-17 05:00:00,M4,54.0,,78.42309170698836,OpA
2025-03-17 06:00:00,M1,48.0,0.5339612428905806,82.34157275928396,OpA
2025-03-17 06:00:00,M2,56.0,0.26963704978768027,82.74971609685706,OpA
2025-03-17 06:00:00,M3,50.0,0.25458765009132994,79.03195035640117,OpC
2025-03-17 06:00:00,M4,51.0,0.3395817368555845,82.32229866254728,OpC
2025-03-17 07:00:00,M1,38.0,0.22526537441019728,78.29867968597415,OpA
2025-03-17 07:00:00,M2,50.0,0.336357168314575,77.32866188874631,OpC
2025-03-17 07:00:00,M3,44.0,0.058966537690240094,79.51055997083502,OpB
2025-03-17 07:00:00,M4,45.0,0.280074066691722,82.1497157057223,OpC
2025-03-17 08:00:00,M1,49.0,0.37123481991996937,79.46867342072557,OpC
2025-03-17 08:00:00,M2,51.0,0.2629999824670168,79.14290952891223,OpC
2025-03-17 08:00:00,M3,45.0,0.27174466816098786,77.21807291722213,OpA
2025-03-17 08:00:00,M4,48.0,0.12471872324776674,,OpC
2025-03-17 09:00:00,M1,51.0,0.5157783697233664,75.88574999206729,OpB
2025-03-17 09:00:00,M2,44.0,0.1535004753120669,79.04633955291561,OpB
2025-03-17 09:00:00,M3,35.0,0.26836284480948924,78.21731655974831,OpA
2025-03-17 09:00:00,M4,55.0,,76.31362836741759,OpA
2025-03-17 10:00:00,M1,44.0,0.830634238810672,75.41748818372744,OpB
2025-03-17 10:00:00,M2,50.0,0.17313018317416784,77.0300813719721,OpC
2025-03-17 10:00:00,M3,51.0,0.1289273017522096,79.39424421247304,OpC
2025-03-17 10:00:00,M4,37.0,0.2847707649660038,74.84933385935766,OpC
2025-03-17 11:00:00,M1,44.0,0.3935035850104522,72.1661395781371,OpB
2025-03-17 11:00:00,M2,54.0,0.4963910093787283,70.49984031841646,OpA
2025-03-17 11:00:00,M3,56.0,0.4522138649336326,75.90797923874597,OpB
2025-03-17 11:00:00,M4,55.0,0.12974182605653847,69.23853804052196,OpA
2025-03-17 12:00:00,M1,50.0,0.1840707965806911,,OpA
2025-03-17 12:00:00,M2,56.0,0.3170962842291969,71.47485369137038,OpB
2025-03-17 12:00:00,M3,43.0,0.17594988939060296,69.32114982075115,OpB
2025-03-17 12:00:00,M4,58.0,0.35857030380172267,,OpA
2025-03-17 13:00:00,M1,45.0,0.27063430181824844,70.75493174042226,OpB
2025-03-17 13:00:00,M2,45.0,0.37928548468372675,65.35654496381855,OpC
2025-03-17 13:00:00,M3,,0.5936803883801058,66.93960517725148,OpA
2025-03-17 13:00:00,M4,54.0,,69.52170885808837,OpC
2025-03-17 14:00:00,M1,54.0,0.1949756383661095,68.51457085453598,OpB
2025-03-17 14:00:00,M2,59.0,0.31762698877091045,,OpA
2025-03-17 14:00:00,M3,38.0,0.5233776380778201,62.148569698350734,OpA
2025-03-17 14:00:00,M4,56.0,0.11859661507072025,65.96201300262712,OpC
2025-03-17 15:00:00,M1,50.0,0.38236392436222916,66.00674203226241,OpA
2025-03-17 15:00:00,M2,54.0,0.48102815310580127,59.001117909735115,OpA
2025-03-17 15:00:00,M3,41.0,0.09901125480229869,60.25424940788817,OpB
2025-03-17 15:00:00,M4,63.0,0.13525796022453992,62.76622866670116,OpC
2025-03-17 16:00:00,M1,48.0,0.24626379217975375,62.50292582409818,OpC
2025-03-17 16:00:00,M2,39.0,0.2270887018437212,60.30084260740614,OpB
2025-03-17 16:00:00,M3,,0.22320978850199563,61.251037010142326,OpA
2025-03-17 16:00:00,M4,57.0,0.3818146732733507,59.324458205211535,OpA
2025-03-17 17:00:00,M1,44.0,0.5425230648100609,,OpA
2025-03-17 17:00:00,M2,51.0,0.3567497190506309,60.12506494205448,OpB
2025-03-17 17:00:00,M3,50.0,0.4024213553121366,63.444598580453224,OpA
2025-03-17 17:00:00,M4,59.0,0.025328930287325992,59.52431878346466,OpB
2025-03-17 18:00:00,M1,54.0,0.4312262752434672,59.98112175043572,OpC
2025-03-17 18:00:00,M2,53.0,0.2410609157823256,,OpB
2025-03-17 18:00:00,M3,48.0,0.26657902199916295,61.400346833837204,OpC
2025-03-17 18:00:00,M4,48.0,0.1409316517052946,60.24306272889066,OpC
2025-03-17 19:00:00,M1,47.0,0.4242829169922072,59.91597823891824,OpB
2025-03-17 19:00:00,M2,44.0,,65.66736087819294,OpC
2025-03-17 19:00:00,M3,43.0,0.4010075171530516,60.18953365435554,OpC
2025-03-17 19:00:00,M4,66.0,0.3356314061365972,60.80424324334442,OpB
2025-03-17 20:00:00,M1,46.0,0.3785130608153643,58.6486028056655,OpC
2025-03-17 20:00:00,M2,45.0,0.2589040044065255,58.4409412567161,OpC
2025-03-17 20:00:00,M3,42.0,0.6431826896444656,61.66835194640307,OpB
2025-03-17 20:00:00,M4,49.0,0.5289435442155029,62.79416152479985,OpB
2025-03-17 21:00:00,M1,51.0,0.4278510943700866,63.480837079840875,OpB
2025-03-17 21:00:00,M2,53.0,0.28004137211413793,64.44197084871709,OpC
2025-03-17 21:00:00,M3,50.0,,63.218615928538576,OpC
2025-03-17 21:00:00,M4,,0.028925213260195377,60.606306021232015,OpB
2025-03-17 22:00:00,M1,63.0,0.35269467881914124,64.30173214752914,OpC
2025-03-17 22:00:00,M2,,0.4140214441982978,73.52327695489713,OpC
2025-03-17 22:00:00,M3,,0.2879068776985374,64.53815200238283,OpC
2025-03-17 22:00:00,M4,51.0,0.6846798779936148,65.67695342297607,OpB
2025-03-17 23:00:00,M1,54.0,0.2725965830201662,63.97740581768597,OpB
2025-03-17 23:00:00,M2,,0.49997198286437167,68.66759502291993,OpA
2025-03-17 23:00:00,M3,43.0,0.37728374552455496,68.1731738306981,OpB
2025-03-17 23:00:00,M4,50.0,0.6436431119453203,69.67486023921343,OpB
2025-03-18 00:00:00,M1,67.0,0.567246962156192,69.72538094572816,OpB
2025-03-18 00:00:00,M2,51.0,0.3125125141375368,71.98923941092063,OpB
2025-03-18 00:00:00,M3,,0.11972528982102758,70.72490047538375,OpA
2025-03-18 00:00:00,M4,49.0,0.6572903919854614,70.75390572411848,OpC
2025-03-18 01:00:00,M1,49.0,0.35521530537569107,69.95282020667243,OpC
2025-03-18 01:00:00,M2,,0.07187204599043621,71.14146446062966,OpC
2025-03-18 01:00:00,M3,52.0,0.35382788149565525,73.65180180728102,OpB
2025-03-18 01:00:00,M4,44.0,0.20442755445492453,73.00344662055248,OpB
2025-03-18 02:00:00,M1,43.0,0.1919780551098459,77.08255117617402,OpA
2025-03-18 02:00:00,M2,60.0,0.46262031363363737,80.30872891352956,OpA
2025-03-18 02:00:00,M3,57.0,0.635906308803893,73.87219457767085,OpA
2025-03-18 02:00:00,M4,48.0,0.17637094834441247,74.99135948715289,OpA
2025-03-18 03:00:00,M1,56.0,0.05821135110800867,76.67194374215315,OpA
2025-03-18 03:00:00,M2,46.0,0.659157443093303,73.0902411133578,OpB
2025-03-18 03:00:00,M3,47.0,0.33175980301737334,78.0652680955859,OpB
2025-03-18 03:00:00,M4,50.0,0.28778576391719246,73.1157418687337,OpB
2025-03-18 04:00:00,M1,55.0,0.43832719103897017,77.80482561463758,OpA
2025-03-18 04:00:00,M2,44.0,0.26014447364471427,76.13884801134142,OpA
2025-03-18 04:00:00,M3,,0.552846468945086,77.97819248079368,OpC
2025-03-18 04:00:00,M4,51.0,0.13972149219710728,79.28713009639537,OpC
2025-03-18 05:00:00,M1,51.0,0.39212657269491846,77.36126657571364,OpB
2025-03-18 05:00:00,M2,51.0,0.4025568087384356,78.82866900388242,OpB
2025-03-18 05:00:00,M3,58.0,0.19001573258272086,80.88141606101647,OpA
2025-03-18 05:00:00,M4,44.0,0.4822227791251552,80.29548621893757,OpC
2025-03-18 06:00:00,M1,56.0,0.45604285422691737,78.93513853692562,OpC
2025-03-18 06:00:00,M2,39.0,0.3177673370044121,77.98726000485146,OpA
2025-03-18 06:00:00,M3,52.0,0.4715054281324484,79.91089392729842,OpB
2025-03-18 06:00:00,M4,45.0,0.41473227642025956,80.32147644186723,OpC
2025-03-18 07:00:00,M1,49.0,0.17609491992934498,76.53183077233373,OpA
2025-03-18 07:00:00,M2,51.0,0.18865065211015616,82.69588130492036,OpA
2025-03-18 07:00:00,M3,56.0,0.3330082162009319,80.39722591536736,OpC
2025-03-18 07:00:00,M4,53.0,0.33117162688835355,75.69446606615016,OpB
2025-03-18 08:00:00,M1,42.0,0.1252668177087156,78.18582814446027,OpB
2025-03-18 08:00:00,M2,46.0,0.054779961033030754,79.20850809252845,OpA
2025-03-18 08:00:00,M3,57.0,0.2241920688460863,77.81270056416678,OpB
2025-03-18 08:00:00,M4,42.0,0.2723249921746473,78.79662154055418,OpA
2025-03-18 09:00:00,M1,45.0,0.10521936799533017,76.18938412167697,OpC
2025-03-18 09:00:00,M2,40.0,0.19305016421560575,78.18638917298851,OpA
2025-03-18 09:00:00,M3,63.0,0.409249189152654,73.42256389925626,OpA
2025-03-18 09:00:00,M4,40.0,0.43035207497285943,79.5556631951716,OpA
2025-03-18 10:00:00,M1,36.0,0.5757454490143316,76.29341838468858,OpA
2025-03-18 10:00:00,M2,71.0,0.06561512672357792,74.35579604469626,OpB
2025-03-18 10:00:00,M3,48.0,0.17237269355714463,74.22310806836761,OpC
2025-03-18 10:00:00,M4,53.0,0.18218362212398997,74.22953684969231,OpC
2025-03-18 11:00:00,M1,51.0,0.08703619622402733,74.52749864705075,OpB
2025-03-18 11:00:00,M2,,0.11076346152653319,73.80417344752317,OpB
2025-03-18 11:00:00,M3,59.0,0.28141235633603057,72.99035226382298,OpA
2025-03-18 11:00:00,M4,58.0,0.24509390908102793,71.70343686087038,OpA
2025-03-18 12:00:00,M1,47.0,0.2999984201122567,69.92385495469173,OpA
2025-03-18 12:00:00,M2,43.0,0.3129741676102008,70.14348445046707,OpA
2025-03-18 12:00:00,M3,60.0,0.4370475612082366,67.39979186531372,OpC
2025-03-18 12:00:00,M4,38.0,0.2049335066347395,69.45185250374556,OpA
2025-03-18 13:00:00,M1,56.0,0.5695316803216591,68.09790941768554,OpC
2025-03-18 13:00:00,M2,44.0,0.14141996020828806,65.55616721847346,OpB
2025-03-18 13:00:00,M3,48.0,0.11138408270487275,66.51441882389787,OpB
2025-03-18 13:00:00,M4,44.0,0.049908011843601385,67.07505086621828,OpA
2025-03-18 14:00:00,M1,59.0,0.06660721487261628,63.17447883758468,OpA
2025-03-18 14:00:00,M2,42.0,0.2515674338933087,62.90948943721139,OpB
2025-03-18 14:00:00,M3,52.0,0.4043972685574973,66.61497231861217,OpA
2025-03-18 14:00:00,M4,46.0,0.17763929032676923,66.46523014246222,OpC
2025-03-18 15:00:00,M1,46.0,0.44479267134531236,63.24650331655454,OpB
2025-03-18 15:00:00,M2,59.0,0.3215653415745067,63.02741196200285,OpC
2025-03-18 15:00:00,M3,56.0,0.21691889148241547,61.49026961657534,OpB
2025-03-18 15:00:00,M4,34.0,0.17393522086058266,66.75316031699964,OpC
2025-03-18 16:00:00,M1,51.0,0.3729862024354743,61.3397961818382,OpB
2025-03-18 16:00:00,M2,42.0,0.5232163107923123,62.57314003927278,OpC
2025-03-18 16:00:00,M3,50.0,0.14186968842764022,61.985272049855155,OpB
2025-03-18 16:00:00,M4,42.0,0.3588962162354005,60.142667321446346,OpB
2025-03-18 17:00:00,M1,,0.3103751093033126,59.86560998737905,OpA
2025-03-18 17:00:00,M2,47.0,0.1908689516489787,58.87167153876617,OpC
2025-03-18 17:00:00,M3,41.0,0.2882290435416671,57.046936541246524,OpC
2025-03-18 17:00:00,M4,,0.13972135815670705,61.34460716145828,OpC
2025-03-18 18:00:00,M1,46.0,0.46665193517339754,63.88304919919869,OpC
2025-03-18 18:00:00,M2,49.0,0.027698480137846183,55.34452815777411,OpC
2025-03-18 18:00:00,M3,61.0,0.28685211308206615,57.69304399877575,OpB
2025-03-18 18:00:00,M4,45.0,0.36667129252299085,61.65214426825249,OpB
2025-03-18 19:00:00,M1,50.0,0.25783041609523577,60.08113068506966,OpC
2025-03-18 19:00:00,M2,55.0,0.26118503554724465,63.19161089122983,OpA
2025-03-18 19:00:00,M3,48.0,0.47625785861806347,60.36655672607368,OpA
2025-03-18 19:00:00,M4,50.0,0.13402293316425842,60.40240441906059,OpB
2025-03-18 20:00:00,M1,42.0,0.4687814327492725,62.24375954373746,OpA
2025-03-18 20:00:00,M2,38.0,0.33321465231135367,61.472871256319245,OpC
2025-03-18 20:00:00,M3,44.0,0.05618915868404629,59.515491309471436,OpB
2025-03-18 20:00:00,M4,65.0,0.21789231481337623,64.51153797922235,OpB
2025-03-18 21:00:00,M1,55.0,0.19738118664492138,,OpB
2025-03-18 21:00:00,M2,45.0,0.24459996088435804,,OpA
2025-03-18 21:00:00,M3,49.0,0.3476499967028282,61.827661347685165,OpC
2025-03-18 21:00:00,M4,49.0,0.22860736942353702,59.93848516854368,OpB
2025-03-18 22:00:00,M1,38.0,0.44462320341204353,64.42455158157874,OpB
2025-03-18 22:00:00,M2,47.0,0.34191812183573783,65.38076119777077,OpC
2025-03-18 22:00:00,M3,51.0,0.1641313538393228,65.59885303233533,OpA
2025-03-18 22:00:00,M4,55.0,0.1279944760791347,63.99815049810374,OpB
2025-03-18 23:00:00,M1,62.0,0.05342037889391917,64.58251243010403,OpB
2025-03-18 23:00:00,M2,52.0,0.07448787078402633,71.99199950295264,OpC
2025-03-18 23:00:00,M3,53.0,0.14394335224811808,70.19402532184783,OpA
2025-03-18 23:00:00,M4,34.0,0.16775738710993462,73.27010470230881,OpC
2025-03-19 00:00:00,M1,45.0,0.12225796758304129,73.06083332054838,OpB
2025-03-19 00:00:00,M2,57.0,0.2837139392797226,67.27657696260076,OpA
2025-03-19 00:00:00,M3,61.0,0.508375948491546,71.52797751594683,OpA
2025-03-19 00:00:00,M4,47.0,0.262416739146323,70.27765121875888,OpA
2025-03-19 01:00:00,M1,54.0,0.27136090678362773,72.36990898547688,OpB
2025-03-19 01:00:00,M2,45.0,0.6827517105851303,69.61050843361085,OpA
2025-03-19 01:00:00,M3,52.0,0.25634464348865205,73.2463611081929,OpA
2025-03-19 01:00:00,M4,58.0,0.06270114643926591,70.71567533029386,OpB
2025-03-19 02:00:00,M1,46.0,0.32328846014810775,76.59957763669559,OpC
2025-03-19 02:00:00,M2,50.0,0.31009948174184826,76.53560443992488,OpB
2025-03-19 02:00:00,M3,50.0,0.22891892523812607,70.96076158855453,OpA
2025-03-19 02:00:00,M4,38.0,,73.68894689723838,OpB
2025-03-19 03:00:00,M1,,0.15678183535172807,74.75050037404237,OpA
2025-03-19 03:00:00,M2,40.0,0.49105486646967345,77.8135806140557,OpC
2025-03-19 03:00:00,M3,43.0,0.28719317082688167,74.52893550112347,OpA
2025-03-19 03:00:00,M4,45.0,0.054908826447343725,79.17842475417036,OpB
2025-03-19 04:00:00,M1,47.0,0.48738401149485117,77.92308972768768,OpA
2025-03-19 04:00:00,M2,51.0,0.4818205216682867,79.53539791579509,OpB
2025-03-19 04:00:00,M3,54.0,0.3093395577678165,,OpA
2025-03-19 04:00:00,M4,49.0,0.39142638427674215,75.03528056866497,OpC
2025-03-19 05:00:00,M1,46.0,0.43123842850303573,78.32139905945313,OpB
2025-03-19 05:00:00,M2,48.0,0.5864301477601456,79.7948473070547,OpA
2025-03-19 05:00:00,M3,45.0,0.41830328871337674,80.82949290846088,OpC
2025-03-19 05:00:00,M4,59.0,0.33123101747346,79.51323602028796,OpA
2025-03-19 06:00:00,M1,38.0,0.3034347569158739,82.72085817447322,OpC
2025-03-19 06:00:00,M2,49.0,0.29129735151700326,79.48523972028282,OpC
2025-03-19 06:00:00,M3,41.0,0.6579494870183158,81.38450349687841,OpC
2025-03-19 06:00:00,M4,53.0,0.04493647853115462,77.43457542086482,OpC
2025-03-19 07:00:00,M1,58.0,0.6900108008829338,82.92152776028556,OpB
2025-03-19 07:00:00,M2,47.0,0.11201144680532413,75.63334510138155,OpC
2025-03-19 07:00:00,M3,,0.22020783945991,79.85286532061039,OpA
2025-03-19 07:00:00,M4,56.0,0.15114512209886308,80.90794336517095,OpC
2025-03-19 08:00:00,M1,68.0,0.11695975961610583,75.40437981580453,OpB
2025-03-19 08:00:00,M2,55.0,0.2519584761586274,78.84310786019913,OpA
2025-03-19 08:00:00,M3,52.0,0.21003760715027756,77.61877152244823,OpC
2025-03-19 08:00:00,M4,53.0,0.31159038061246697,75.88611001671858,OpC
2025-03-19 09:00:00,M1,55.0,0.5009009090090047,74.53600107077904,OpA
2025-03-19 09:00:00,M2,58.0,,78.97474792607082,OpC
2025-03-19 09:00:00,M3,60.0,0.4184659756141016,76.4371740736016,OpB
2025-03-19 09:00:00,M4,41.0,0.32956301472626287,78.06453418127843,OpB
2025-03-19 10:00:00,M1,,0.6131875752101646,74.4439855162828,OpC
2025-03-19 10:00:00,M2,,0.49845031614241947,,OpA
2025-03-19 10:00:00,M3,43.0,0.2721482369199957,72.0344627201797,OpA
2025-03-19 10:00:00,M4,48.0,0.35858429245149087,75.04745675958588,OpB
2025-03-19 11:00:00,M1,47.0,0.5236566729871289,71.19619232790261,OpB
2025-03-19 11:00:00,M2,44.0,0.16362039151089294,75.41803828289497,OpA
2025-03-19 11:00:00,M3,48.0,0.5271676920780918,70.28250264669899,OpA
2025-03-19 11:00:00,M4,44.0,,71.7219004266106,OpA
2025-03-19 12:00:00,M1,54.0,0.1700573498826208,72.30854793646256,OpB
2025-03-19 12:00:00,M2,,0.3671415667972435,69.02176811651839,OpC
2025-03-19 12:00:00,M3,58.0,0.27900266468055207,68.24874526142891,OpB
2025-03-19 12:00:00,M4,42.0,0.18533142974943875,74.1146133010829,OpC
2025-03-19 13:00:00,M1,63.0,0.12881372250709008,65.76880590630724,OpB
2025-03-19 13:00:00,M2,33.0,0.4684830675081683,,OpA
2025-03-19 13:00:00,M3,50.0,0.6006788096103544,68.2850960832294,OpA
2025-03-19 13:00:00,M4,57.0,0.027856193543135354,67.60369466421812,OpA
2025-03-19 14:00:00,M1,50.0,0.1768010090869588,62.757084604829174,OpB
2025-03-19 14:00:00,M2,51.0,0.525360903353484,66.9775014693429,OpC
2025-03-19 14:00:00,M3,,0.2536799189922778,63.30123279355198,OpC
2025-03-19 14:00:00,M4,47.0,0.6829432119837274,,OpB
2025-03-19 15:00:00,M1,48.0,0.34803891264424724,58.612409207087374,OpB
2025-03-19 15:00:00,M2,55.0,0.19481512120671518,61.28278099628255,OpB
2025-03-19 15:00:00,M3,53.0,0.3814439712420176,62.746305394548315,OpA
2025-03-19 15:00:00,M4,57.0,0.309597252988575,62.572355542609564,OpC
2025-03-19 16:00:00,M1,46.0,0.3019229196371423,61.838902019167385,OpC
2025-03-19 16:00:00,M2,43.0,0.1102205594078071,63.248795112956934,OpB
2025-03-19 16:00:00,M3,37.0,0.08701382867321353,62.77789048518742,OpA
2025-03-19 16:00:00,M4,53.0,0.21357934629905212,63.24620790475448,OpC
2025-03-19 17:00:00,M1,49.0,0.3338216403116989,57.3512369357578,OpC
2025-03-19 17:00:00,M2,62.0,0.3294026674458645,60.600382421921175,OpB
2025-03-19 17:00:00,M3,46.0,0.3652256400905904,60.84664290955821,OpC
2025-03-19 17:00:00,M4,,0.2611777715935848,65.54058577518258,OpB
2025-03-19 18:00:00,M1,30.0,0.5836767691875159,59.65898658022804,OpA
2025-03-19 18:00:00,M2,51.0,0.28865907904826116,57.40780558447486,OpC
2025-03-19 18:00:00,M3,52.0,0.5767062005880966,58.05839074323277,OpA
2025-03-19 18:00:00,M4,48.0,0.3839622999426477,62.20120800875368,OpC
2025-03-19 19:00:00,M1,52.0,0.6279540796351538,60.17041756541875,OpA
2025-03-19 19:00:00,M2,50.0,0.24890028979498868,61.284896354398704,OpB
2025-03-19 19:00:00,M3,49.0,0.10902619102463561,61.001773824457516,OpB
2025-03-19 19:00:00,M4,66.0,0.40019119978515616,59.60129237956147,OpB
2025-03-19 20:00:00,M1,49.0,0.6285408793313245,62.86577676131206,OpC
2025-03-19 20:00:00,M2,39.0,0.6740900286146401,59.62876540351611,OpC
2025-03-19 20:00:00,M3,58.0,0.18786477199229243,61.99214053255992,OpC
2025-03-19 20:00:00,M4,55.0,0.33421543238302676,61.21141460373677,OpC
2025-03-19 21:00:00,M1,58.0,0.224667117916524,62.65481090683222,OpA
2025-03-19 21:00:00,M2,47.0,0.12729224935528202,66.39141826143222,OpB
2025-03-19 21:00:00,M3,47.0,0.09153317526031898,62.60443468032839,OpC
2025-03-19 21:00:00,M4,49.0,0.29948269110011483,63.36680782655084,OpC
2025-03-19 22:00:00,M1,50.0,0.5236675258827971,63.540275519748214,OpA
2025-03-19 22:00:00,M2,49.0,0.09616949563705435,64.23635021803797,OpA
2025-03-19 22:00:00,M3,50.0,0.6227556001981506,63.36214433689501,OpB
2025-03-19 22:00:00,M4,59.0,0.49699855359755296,65.95737706415647,OpB
2025-03-19 23:00:00,M1,43.0,0.48191797870800457,66.39781950309215,OpA
2025-03-19 23:00:00,M2,58.0,0.06043460996884743,66.75433278903098,OpC
2025-03-19 23:00:00,M3,52.0,0.3164842246655848,,OpB
2025-03-19 23:00:00,M4,,0.3107148856218849,70.98804029386845,OpC
2025-03-20 00:00:00,M1,48.0,0.09464814243151491,67.83965262712562,OpC
2025-03-20 00:00:00,M2,47.0,0.2561552843965432,68.13870584826296,OpA
2025-03-20 00:00:00,M3,52.0,0.11659239290730773,,OpA
2025-03-20 00:00:00,M4,50.0,0.25549963257507363,70.02447419600254,OpC
2025-03-20 01:00:00,M1,54.0,0.4544787377662827,74.81965470913552,OpB
2025-03-20 01:00:00,M2,50.0,0.1056352035068947,72.10262536620708,OpB
2025-03-20 01:00:00,M3,56.0,0.19576586115425665,70.66809327742554,OpB
2025-03-20 01:00:00,M4,54.0,0.2097908101069668,71.20679224117514,OpB
2025-03-20 02:00:00,M1,43.0,0.33728732442932163,73.14718057269624,OpA
2025-03-20 02:00:00,M2,34.0,0.3907427930554988,76.60802194615692,OpA
2025-03-20 02:00:00,M3,48.0,0.27667675608192166,75.41398605075474,OpA
2025-03-20 02:00:00,M4,50.0,0.41701883368567627,73.5832276535137,OpB
2025-03-20 03:00:00,M1,52.0,0.2960953208061192,76.9616055012435,OpA
2025-03-20 03:00:00,M2,59.0,0.5023592581999583,76.87057589317943,OpA
2025-03-20 03:00:00,M3,57.0,0.18664477428732956,74.72883357877824,OpC
2025-03-20 03:00:00,M4,44.0,0.1104713750141756,77.89050089283492,OpA
2025-03-20 04:00:00,M1,52.0,0.09256701229670578,81.47212538618282,OpB
2025-03-20 04:00:00,M2,54.0,0.5144749092673467,78.28166569345466,OpB
2025-03-20 04:00:00,M3,53.0,0.17097293596351412,80.00927072022245,OpA
2025-03-20 04:00:00,M4,43.0,0.396544415888265,77.04231166749932,OpA
2025-03-20 05:00:00,M1,51.0,0.4452654411293204,,OpC
2025-03-20 05:00:00,M2,51.0,0.316368492974893,79.07806500455509,OpB
2025-03-20 05:00:00,M3,46.0,0.08189677779187139,79.03703766429119,OpC
2025-03-20 05:00:00,M4,46.0,0.19221004852267978,78.59630001604906,OpA
2025-03-20 06:00:00,M1,54.0,0.2055399908611333,79.19398630373546,OpB
2025-03-20 06:00:00,M2,43.0,0.14930429153314592,79.6340966491803,OpC
2025-03-20 06:00:00,M3,45.0,0.41684444919174957,83.36238368405165,OpC
2025-03-20 06:00:00,M4,45.0,0.23316458256414072,80.68983255544785,OpA
2025-03-20 07:00:00,M1,54.0,0.45131489029287863,79.65618957737975,OpB
2025-03-20 07:00:00,M2,60.0,0.10575169284600519,78.98888619423343,OpC
2025-03-20 07:00:00,M3,53.0,0.08418367165834366,77.42509875282687,OpA
2025-03-20 07:00:00,M4,56.0,0.164967364771133,77.60878705811433,OpA
2025-03-20 08:00:00,M1,39.0,0.08504072305998978,76.0467806313887,OpB
2025-03-20 08:00:00,M2,37.0,0.5968940745078133,78.44219521597631,OpC
2025-03-20 08:00:00,M3,54.0,0.059855459463331484,,OpB
2025-03-20 08:00:00,M4,37.0,0.16682835024565923,80.9757522910191,OpA
2025-03-20 09:00:00,M1,,0.44517220735934776,,OpB
2025-03-20 09:00:00,M2,48.0,0.35673729710256,73.68778170167496,OpB
2025-03-20 09:00:00,M3,43.0,0.043209107983281765,75.40339291540758,OpC
2025-03-20 09:00:00,M4,41.0,0.5735910155597616,76.51405257000525,OpA
2025-03-20 10:00:00,M1,59.0,0.42459699704561604,74.1590348272782,OpB
2025-03-20 10:00:00,M2,36.0,0.5648575235876614,74.74850060130288,OpB
2025-03-20 10:00:00,M3,48.0,0.35043500312341436,75.0877067820685,OpA
2025-03-20 10:00:00,M4,56.0,0.3579549431267469,75.45933423286283,OpA
2025-03-20 11:00:00,M1,53.0,0.46072366327697634,74.22853023100865,OpA
2025-03-20 11:00:00,M2,59.0,0.12764520565334958,75.48609417962365,OpB
2025-03-20 11:00:00,M3,40.0,0.4147909551388831,71.57058023108256,OpA
2025-03-20 11:00:00,M4,54.0,0.273036938619074,71.53342922860216,OpC
2025-03-20 12:00:00,M1,50.0,0.16903207436130377,67.06366925038796,OpB
2025-03-20 12:00:00,M2,54.0,0.41161722272116236,70.02251497498308,OpC
2025-03-20 12:00:00,M3,,0.30894079737186286,68.51961498166789,OpA
2025-03-20 12:00:00,M4,40.0,0.45517984293850444,69.79367207952588,OpB
2025-03-20 13:00:00,M1,54.0,0.21773195669031362,65.37811754392963,OpC
2025-03-20 13:00:00,M2,44.0,0.2720534112291069,71.59916075691548,OpA
2025-03-20 13:00:00,M3,35.0,,67.86288162092933,OpA
2025-03-20 13:00:00,M4,58.0,0.11118589541319525,72.86208976536349,OpC
2025-03-20 14:00:00,M1,,0.137212350018266,63.994236125205596,OpB
2025-03-20 14:00:00,M2,56.0,0.33348546458206607,65.45207660300058,OpC
2025-03-20 14:00:00,M3,47.0,0.5097612867583935,64.67514998362638,OpA
2025-03-20 14:00:00,M4,69.0,0.47638644003735503,69.93680345588322,OpA
2025-03-20 15:00:00,M1,64.0,0.4654676525024994,64.87027653768637,OpC
2025-03-20 15:00:00,M2,49.0,0.3588666802378028,,OpA
2025-03-20 15:00:00,M3,54.0,0.1465466728762132,60.16681276823816,OpA
2025-03-20 15:00:00,M4,56.0,,64.74564310773687,OpC
2025-03-20 16:00:00,M1,46.0,0.16606063747415964,59.71503021420473,OpC
2025-03-20 16:00:00,M2,63.0,0.20045565223890788,60.97617561810376,OpC
2025-03-20 16:00:00,M3,53.0,0.1115065337650673,60.71924625215104,OpA
2025-03-20 16:00:00,M4,51.0,0.44372353254941693,59.21784951095127,OpB
2025-03-20 17:00:00,M1,61.0,0.3109499490264384,58.80328906146516,OpB
2025-03-20 17:00:00,M2,48.0,0.19864858670920083,61.69453247918237,OpC
2025-03-20 17:00:00,M3,63.0,0.429704909434216,60.5102205919913,OpB
2025-03-20 17:00:00,M4,60.0,0.5233561689733778,63.032965049865425,OpA
2025-03-20 18:00:00,M1,51.0,0.3362695680766402,61.48071726385483,OpC
2025-03-20 18:00:00,M2,,0.3518338351225561,61.402470180692156,OpC
2025-03-20 18:00:00,M3,41.0,0.17934353785676907,62.025164096867044,OpA
2025-03-20 18:00:00,M4,56.0,0.16170005284630085,60.69044727572411,OpA
2025-03-20 19:00:00,M1,,0.225516094283391,62.11557373592666,OpB
2025-03-20 19:00:00,M2,40.0,0.25145667069256633,63.3540846909586,OpC
2025-03-20 19:00:00,M3,61.0,0.23268283768437334,58.06916114326868,OpB
2025-03-20 19:00:00,M4,54.0,0.12341377851802819,60.467956338415625,OpA
2025-03-20 20:00:00,M1,51.0,0.24909240059570525,59.925034823595304,OpA
2025-03-20 20:00:00,M2,55.0,0.17589781144255606,60.937133036250735,OpA
2025-03-20 20:00:00,M3,62.0,0.30370381511457195,67.16363997423804,OpC
2025-03-20 20:00:00,M4,44.0,0.2532653919963804,62.77597360263508,OpA
2025-03-20 21:00:00,M1,,0.3116414913618065,63.20204231066718,OpC
2025-03-20 21:00:00,M2,52.0,0.18527146372085757,62.58540046654087,OpB
2025-03-20 21:00:00,M3,40.0,0.3190805687524056,62.4547748464161,OpB
2025-03-20 21:00:00,M4,48.0,0.04529698687854741,62.42270018758605,OpC
2025-03-20 22:00:00,M1,48.0,0.36969252596060614,66.46958209643587,OpC
2025-03-20 22:00:00,M2,49.0,0.22647181678270928,66.32754848182968,OpC
2025-03-20 22:00:00,M3,58.0,0.3655084249497297,64.56708807237762,OpC
2025-03-20 22:00:00,M4,,0.11854524612523684,65.19234642712219,OpB
2025-03-20 23:00:00,M1,,0.12699338297839646,68.57600785362561,OpB
2025-03-20 23:00:00,M2,57.0,0.2621395586123678,,OpC
2025-03-20 23:00:00,M3,41.0,0.3780317085212578,66.73609679900733,OpB
2025-03-20 23:00:00,M4,51.0,,68.28943682408836,OpC
2025-03-21 00:00:00,M1,38.0,,68.5628344698758,OpA
2025-03-21 00:00:00,M2,52.0,0.3137266759969056,73.56122352472393,OpA
2025-03-21 00:00:00,M3,56.0,0.13773715350951235,69.70857815403984,OpC
2025-03-21 00:00:00,M4,55.0,0.1751767557132322,,OpA
2025-03-21 01:00:00,M1,43.0,0.36178199860844157,70.69577952964222,OpC
2025-03-21 01:00:00,M2,50.0,0.2589382633452066,72.6351970796607,OpA
2025-03-21 01:00:00,M3,61.0,0.30757673962146265,68.65992042977169,OpA
2025-03-21 01:00:00,M4,49.0,0.4103921559445602,70.74775669379547,OpB
2025-03-21 02:00:00,M1,36.0,0.5545357681623512,75.05795346240593,OpC
2025-03-21 02:00:00,M2,40.0,0.18054125056623332,73.7953540986542,OpC
2025-03-21 02:00:00,M3,46.0,0.627431357247218,72.60381112317357,OpC
2025-03-21 02:00:00,M4,47.0,,72.87594478957061,OpA
2025-03-21 03:00:00,M1,56.0,0.11203994670691392,75.9617166342811,OpA
2025-03-21 03:00:00,M2,44.0,0.5180946158552527,78.09620588967111,OpB
2025-03-21 03:00:00,M3,50.0,0.4707644891459029,76.39047890266674,OpC
2025-03-21 03:00:00,M4,,0.3370304906701153,79.07395955451005,OpA
2025-03-21 04:00:00,M1,53.0,0.2755100662941938,81.60051044182705,OpC
2025-03-21 04:00:00,M2,37.0,0.3791217826252321,79.46062829219339,OpB
2025-03-21 04:00:00,M3,54.0,0.20511835953716503,74.29277969559311,OpA
2025-03-21 04:00:00,M4,49.0,0.11053675045127391,80.23576129289737,OpC
2025-03-21 05:00:00,M1,49.0,0.01061714571652885,80.13854985968386,OpC
2025-03-21 05:00:00,M2,42.0,0.35869899801672117,79.51585502806292,OpA
2025-03-21 05:00:00,M3,46.0,0.14316419230042415,78.58600017682966,OpA
2025-03-21 05:00:00,M4,35.0,0.21627589511337067,84.21338173654443,OpA
2025-03-21 06:00:00,M1,47.0,0.05159451504623669,78.143790553183,OpC
2025-03-21 06:00:00,M2,66.0,0.18526759558719408,80.22293469447649,OpA
2025-03-21 06:00:00,M3,41.0,0.4994440433083588,80.87524270682933,OpA
2025-03-21 06:00:00,M4,58.0,0.18535921801427052,82.08267647732822,OpB
2025-03-21 07:00:00,M1,41.0,0.507513290595922,77.38704959363088,OpB
2025-03-21 07:00:00,M2,49.0,0.2012222352872252,76.30428136073303,OpB
2025-03-21 07:00:00,M3,64.0,0.1776166349044137,79.99422115533314,OpC
2025-03-21 07:00:00,M4,54.0,0.39478014881692663,79.61308311456617,OpC
2025-03-21 08:00:00,M1,56.0,0.19488253850440626,78.81762102642362,OpB
2025-03-21 08:00:00,M2,,0.22310260921324734,75.5882189134964,OpC
2025-03-21 08:00:00,M3,45.0,0.26546597827322316,79.48148911469185,OpB
2025-03-21 08:00:00,M4,44.0,0.2651573986474275,77.21586101611501,OpA
2025-03-21 09:00:00,M1,52.0,0.16872806932457227,77.43193012685254,OpA
2025-03-21 09:00:00,M2,53.0,0.7351318948507599,76.32875178396405,OpB
2025-03-21 09:00:00,M3,44.0,0.09353691246259,75.40685240804038,OpA
2025-03-21 09:00:00,M4,56.0,,78.88474593081887,OpA
2025-03-21 10:00:00,M1,50.0,0.06983930517914377,73.13332210031001,OpB
2025-03-21 10:00:00,M2,41.0,0.2592474962003425,75.11129401269821,OpC
2025-03-21 10:00:00,M3,43.0,0.34455619336422,75.32095611540028,OpB
2025-03-21 10:00:00,M4,49.0,0.23204921370404666,74.11030445510485,OpC
2025-03-21 11:00:00,M1,59.0,0.655606813562331,72.39963795186581,OpB
2025-03-21 11:00:00,M2,52.0,,70.00289404690346,OpB
2025-03-21 11:00:00,M3,57.0,0.2795456438644588,73.27729328822102,OpA
2025-03-21 11:00:00,M4,51.0,0.5907300911688209,75.50897518146196,OpB
2025-03-21 12:00:00,M1,52.0,0.18079938197591103,71.98133443796458,OpB
2025-03-21 12:00:00,M2,48.0,0.07414149182083388,68.84229766684699,OpA
2025-03-21 12:00:00,M3,38.0,0.37336956017684925,,OpC
2025-03-21 12:00:00,M4,55.0,0.6097423768935041,68.48465582487366,OpB
2025-03-21 13:00:00,M1,,0.16144611991122076,69.4347022165528,OpB
2025-03-21 13:00:00,M2,49.0,0.2295138061943418,70.05158136062684,OpB
2025-03-21 13:00:00,M3,43.0,0.23656445033816204,64.94301319655797,OpA
2025-03-21 13:00:00,M4,50.0,0.3473544776916932,66.72343221587849,OpA
2025-03-21 14:00:00,M1,60.0,0.1462680982825892,65.68797475694801,OpC
2025-03-21 14:00:00,M2,52.0,0.08163108476795855,61.28012723797437,OpC
2025-03-21 14:00:00,M3,60.0,0.18531234991225237,,OpA
2025-03-21 14:00:00,M4,60.0,0.10281652300386289,67.82646928069452,OpC
2025-03-21 15:00:00,M1,60.0,0.4151351980449946,63.47306789556551,OpC
2025-03-21 15:00:00,M2,56.0,0.20543168584649393,59.59387022801539,OpC
2025-03-21 15:00:00,M3,45.0,0.09835200105397825,64.2761430281074,OpA
2025-03-21 15:00:00,M4,56.0,0.3682232003228519,66.42401429830484,OpC
2025-03-21 16:00:00,M1,48.0,0.29592488378711806,63.50323620203781,OpA
2025-03-21 16:00:00,M2,52.0,0.18831680179000032,63.0858075828791,OpB
2025-03-21 16:00:00,M3,50.0,0.5685082717094978,58.47119692433769,OpA
2025-03-21 16:00:00,M4,54.0,0.11720054757437892,60.59664977682953,OpC
2025-03-21 17:00:00,M1,48.0,0.27771773073857253,59.75412547901567,OpA
2025-03-21 17:00:00,M2,55.0,0.3500831607788559,59.11191056325667,OpA
2025-03-21 17:00:00,M3,51.0,0.6785918262691029,57.75487980010038,OpA
2025-03-21 17:00:00,M4,51.0,0.19661205865004952,59.151794640174465,OpC
2025-03-21 18:00:00,M1,39.0,0.2742660567906295,60.47246628957302,OpA
2025-03-21 18:00:00,M2,48.0,0.04058284148948588,,OpC
2025-03-21 18:00:00,M3,51.0,,59.40882320190467,OpA
2025-03-21 18:00:00,M4,53.0,0.04936849660342422,61.385358471853266,OpC
2025-03-21 19:00:00,M1,50.0,0.24381355457241607,60.4668714383903,OpC
2025-03-21 19:00:00,M2,47.0,0.3017807215624264,61.58033453831938,OpC
2025-03-21 19:00:00,M3,52.0,0.6213478311918795,59.68535045654588,OpA
2025-03-21 19:00:00,M4,46.0,0.08390364807376897,61.20105290923941,OpA
2025-03-21 20:00:00,M1,47.0,0.4678830893691988,60.72719929989043,OpB
2025-03-21 20:00:00,M2,55.0,0.32136860080544066,65.0295604123584,OpC
2025-03-21 20:00:00,M3,,0.2725743105830871,57.70442899789813,OpB
2025-03-21 20:00:00,M4,48.0,0.31006421301469195,62.40364656960102,OpC
2025-03-21 21:00:00,M1,52.0,0.472483402223774,61.1353624593995,OpC
2025-03-21 21:00:00,M2,55.0,0.4758574631391296,65.54606755819479,OpC
2025-03-21 21:00:00,M3,48.0,0.5055821394665205,61.43535070876014,OpB
2025-03-21 21:00:00,M4,65.0,0.13982330245778316,59.60062030359976,OpC
2025-03-21 22:00:00,M1,46.0,0.1250033243080787,66.53811117024654,OpA
2025-03-21 22:00:00,M2,36.0,0.18555025779971152,62.72165761794704,OpA
2025-03-21 22:00:00,M3,51.0,0.20537781494315183,64.92611753564624,OpC
2025-03-21 22:00:00,M4,,0.21981428583584509,,OpC
2025-03-21 23:00:00,M1,53.0,0.4523652732648622,70.36504986061948,OpA
2025-03-21 23:00:00,M2,43.0,0.2605287390874453,68.3652929906832,OpA
2025-03-21 23:00:00,M3,46.0,0.14566203308964934,67.37334034158937,OpA
2025-03-21 23:00:00,M4,57.0,0.3606189377164886,68.6850107855148,OpC
2025-03-22 00:00:00,M1,50.0,0.21204465309008164,70.85171570245936,OpA
2025-03-22 00:00:00,M2,41.0,,,OpB
2025-03-22 00:00:00,M3,55.0,0.1380097952839816,71.50226871263295,OpC
2025-03-22 00:00:00,M4,57.0,0.023433779691391512,68.91626330301226,OpA
2025-03-22 01:00:00,M1,57.0,0.23294318778876308,72.24051323009806,OpB
2025-03-22 01:00:00,M2,43.0,0.20233206931890266,73.26126524025774,OpC
2025-03-22 01:00:00,M3,49.0,0.21130802817803873,75.67532468641626,OpA
2025-03-22 01:00:00,M4,54.0,0.11748603219389496,74.22939590019955,OpB
2025-03-22 02:00:00,M1,52.0,0.3834702534780067,74.05813537366764,OpC
2025-03-22 02:00:00,M2,46.0,0.2280622600131724,74.10866567887226,OpC
2025-03-22 02:00:00,M3,49.0,0.3547361519091886,79.18192341196162,OpC
2025-03-22 02:00:00,M4,43.0,0.26367932135602934,77.05530774427909,OpC
2025-03-22 03:00:00,M1,44.0,,75.94615477499076,OpA
2025-03-22 03:00:00,M2,42.0,0.16450991201330342,77.11549943345945,OpC
2025-03-22 03:00:00,M3,49.0,0.16078361734132496,77.25955454685969,OpC
2025-03-22 03:00:00,M4,61.0,0.5213713246463398,76.63802610005618,OpB
2025-03-22 04:00:00,M1,41.0,0.5861937599413198,83.3696618929305,OpC
2025-03-22 04:00:00,M2,54.0,0.1497923613132908,76.88391699805373,OpC
2025-03-22 04:00:00,M3,44.0,0.2947853178024262,80.34476244283447,OpB
2025-03-22 04:00:00,M4,55.0,0.15835712274325528,80.09667549072985,OpC
2025-03-22 05:00:00,M1,59.0,0.4027838302049503,83.76691586373244,OpC
2025-03-22 05:00:00,M2,45.0,0.22293901487248016,79.09999290956722,OpA
2025-03-22 05:00:00,M3,51.0,0.5628427234658637,82.9258386274081,OpA
2025-03-22 05:00:00,M4,60.0,0.16777460438882105,81.11251211311641,OpC
2025-03-22 06:00:00,M1,44.0,0.6324870314334514,81.96230389098112,OpA
2025-03-22 06:00:00,M2,56.0,0.2721520267056366,80.87926209011255,OpA
2025-03-22 06:00:00,M3,43.0,,82.11476897376797,OpB
2025-03-22 06:00:00,M4,44.0,0.21492057250003346,79.31565860090915,OpA
2025-03-22 07:00:00,M1,58.0,0.20122865761620062,80.00397170317015,OpA
2025-03-22 07:00:00,M2,51.0,0.5410148893546217,79.5828840328319,OpB
2025-03-22 07:00:00,M3,,0.086775954577693,78.42096486042448,OpB
2025-03-22 07:00:00,M4,54.0,0.20568273822921782,78.80851359728126,OpC
2025-03-22 08:00:00,M1,,0.11196664729703841,80.90264195339391,OpB
2025-03-22 08:00:00,M2,52.0,0.0334928844531052,78.37286491626891,OpA
2025-03-22 08:00:00,M3,69.0,,76.20043392256642,OpC
2025-03-22 08:00:00,M4,71.0,0.2759946733643821,75.01488820656158,OpB
2025-03-22 09:00:00,M1,45.0,0.27316191637527926,78.26366259759038,OpA
2025-03-22 09:00:00,M2,46.0,0.24927501783678988,78.6760043081987,OpB
2025-03-22 09:00:00,M3,53.0,0.22352805858157138,72.60006560148253,OpA
2025-03-22 09:00:00,M4,53.0,0.36508114472481007,77.37364769789576,OpB
2025-03-22 10:00:00,M1,48.0,0.6484038494153112,78.24527686422212,OpA
2025-03-22 10:00:00,M2,50.0,0.30064945040488306,79.50675526961055,OpC
2025-03-22 10:00:00,M3,51.0,0.11950380437889915,74.34770375011593,OpB
2025-03-22 10:00:00,M4,43.0,0.48352124175929256,70.61951183516484,OpA
2025-03-22 11:00:00,M1,46.0,0.26185259633551783,72.2508916751705,OpA
2025-03-22 11:00:00,M2,52.0,0.29739180105684443,75.97766523602907,OpC
2025-03-22 11:00:00,M3,43.0,0.5699652718623841,70.63408644096675,OpA
2025-03-22 11:00:00,M4,37.0,0.5278011334199649,75.39157359768146,OpB
2025-03-22 12:00:00,M1,49.0,0.11167135257937984,67.91954780210875,OpC
2025-03-22 12:00:00,M2,64.0,0.2603362921779684,73.48035804146716,OpC
2025-03-22 12:00:00,M3,59.0,0.10922087185730325,72.08542399164091,OpA
2025-03-22 12:00:00,M4,43.0,0.5767269529895365,,OpC
2025-03-22 13:00:00,M1,45.0,0.16180976525628943,68.6538318919186,OpC
2025-03-22 13:00:00,M2,38.0,0.2261230007538317,65.98799064321766,OpA
2025-03-22 13:00:00,M3,50.0,0.1392678771783175,66.45830965951286,OpC
2025-03-22 13:00:00,M4,56.0,0.22094167013014424,62.38960999661129,OpA
2025-03-22 14:00:00,M1,48.0,0.5992083896470145,65.75974066921144,OpB
2025-03-22 14:00:00,M2,61.0,0.16724719397455914,64.67808991602013,OpA
2025-03-22 14:00:00,M3,45.0,0.32900143507578794,61.979402161815884,OpC
2025-03-22 14:00:00,M4,52.0,0.10295361405652775,63.007409668230856,OpB
2025-03-22 15:00:00,M1,47.0,0.3067921624403771,62.22564228387208,OpA
2025-03-22 15:00:00,M2,42.0,0.0945820387971523,63.94467431007875,OpA
2025-03-22 15:00:00,M3,59.0,0.44399931229621986,64.42431515110317,OpB
2025-03-22 15:00:00,M4,46.0,0.536345182095165,62.70588041167172,OpC
2025-03-22 16:00:00,M1,50.0,0.7425110716388402,58.275848417475764,OpB
2025-03-22 16:00:00,M2,46.0,0.54899666311358,62.357426824453675,OpB
2025-03-22 16:00:00,M3,47.0,0.5119930673654878,62.061304366905986,OpA
2025-03-22 16:00:00,M4,42.0,0.13298873117465057,61.548270987365385,OpA
2025-03-22 17:00:00,M1,,0.13827036345989135,60.27904456782455,OpA
2025-03-22 17:00:00,M2,49.0,0.2852896616132221,,OpC
2025-03-22 17:00:00,M3,47.0,0.48410085641522166,59.93646791633737,OpB
2025-03-22 17:00:00,M4,48.0,0.21753375689515472,61.02405580229406,OpB
2025-03-22 18:00:00,M1,61.0,0.20151299494828018,59.78378548466317,OpC
2025-03-22 18:00:00,M2,,0.45765303187631934,61.01754170459666,OpC
2025-03-22 18:00:00,M3,37.0,0.22048445136854664,61.45815315179476,OpB
2025-03-22 18:00:00,M4,62.0,0.28317405378176286,60.33866759559157,OpA
2025-03-22 19:00:00,M1,61.0,0.1476128801484529,57.968427085895776,OpC
2025-03-22 19:00:00,M2,50.0,0.4157838109393212,58.90014091999173,OpA
2025-03-22 19:00:00,M3,60.0,0.24715120836211463,58.80257333398179,OpA
2025-03-22 19:00:00,M4,49.0,0.3294481965679601,61.4641034867768,OpC
2025-03-22 20:00:00,M1,53.0,0.11942257233544915,59.64460361202714,OpB
2025-03-22 20:00:00,M2,40.0,0.09804357677119667,57.80466264516858,OpA
2025-03-22 20:00:00,M3,62.0,0.26942630474309043,61.02261895223004,OpA
2025-03-22 20:00:00,M4,52.0,0.0186836159463199,60.47943702736735,OpB
2025-03-22 21:00:00,M1,53.0,0.12952452782740223,63.52552756694833,OpB
2025-03-22 21:00:00,M2,55.0,0.5835959919191823,63.687738555720685,OpA
2025-03-22 21:00:00,M3,58.0,0.1419507296645252,61.766630769029675,OpC
2025-03-22 21:00:00,M4,42.0,0.34208974676799836,58.94787892324895,OpB
2025-03-22 22:00:00,M1,36.0,0.7238358233047787,64.56412253618764,OpA
2025-03-22 22:00:00,M2,46.0,0.4995961464490747,64.61897182386176,OpA
2025-03-22 22:00:00,M3,46.0,,67.04449117736186,OpC
2025-03-22 22:00:00,M4,45.0,0.35602670424888744,62.6889005369531,OpC
2025-03-22 23:00:00,M1,54.0,0.27083448578285324,66.50062125407669,OpC
2025-03-22 23:00:00,M2,53.0,0.18860417938791485,65.97339208776367,OpC
2025-03-22 23:00:00,M3,52.0,0.06394610561337223,69.59925222132387,OpB
2025-03-22 23:00:00,M4,53.0,0.22068628031119628,68.3670566696747,OpB
2025-03-23 00:00:00,M1,49.0,0.28715193064410316,67.6875995380889,OpA
2025-03-23 00:00:00,M2,45.0,0.3882608192359219,70.73892478928839,OpA
2025-03-23 00:00:00,M3,54.0,0.2628769626141263,69.05255613769451,OpC
2025-03-23 00:00:00,M4,46.0,0.16291210025715788,71.89997157155514,OpA
2025-03-23 01:00:00,M1,51.0,0.16168406323322077,76.46244557905649,OpA
2025-03-23 01:00:00,M2,52.0,0.3122147934690204,75.80913756465353,OpB
2025-03-23 01:00:00,M3,42.0,0.044882070814527296,74.31608720894998,OpB
2025-03-23 01:00:00,M4,52.0,0.17531497797780357,73.61881832339493,OpC
2025-03-23 02:00:00,M1,56.0,0.22031337339362161,72.53037887450469,OpC
2025-03-23 02:00:00,M2,45.0,0.7199228021428908,72.74457044355533,OpA
2025-03-23 02:00:00,M3,,0.434026761722356,76.53492902580084,OpC
2025-03-23 02:00:00,M4,46.0,0.5743455631027605,78.12056259088703,OpC
2025-03-23 03:00:00,M1,37.0,0.4713231129434468,74.83363662627059,OpC
2025-03-23 03:00:00,M2,56.0,0.21895627240823612,76.62544032029787,OpA
2025-03-23 03:00:00,M3,49.0,0.3244635835364396,75.86866410271894,OpC
2025-03-23 03:00:00,M4,52.0,0.595425856152182,75.47049361421,OpA
2025-03-23 04:00:00,M1,46.0,0.2617343894658304,80.83607355057345,OpC
2025-03-23 04:00:00,M2,59.0,0.41515399053491514,79.44650349463333,OpB
2025-03-23 04:00:00,M3,59.0,0.5587497935991096,78.23454069065858,OpC
2025-03-23 04:00:00,M4,46.0,0.06976454625232979,79.37027957705143,OpB
2025-03-23 05:00:00,M1,,0.12787170840215153,79.64512339117204,OpC
2025-03-23 05:00:00,M2,55.0,0.03524906160446489,82.50295077227557,OpA
2025-03-23 05:00:00,M3,48.0,0.2815317904473472,81.48534878724077,OpC
2025-03-23 05:00:00,M4,55.0,0.47862238523107725,,OpB
2025-03-23 06:00:00,M1,56.0,0.15308621209571308,79.51328702023478,OpC
2025-03-23 06:00:00,M2,51.0,,80.49943893238641,OpC
2025-03-23 06:00:00,M3,46.0,0.0539350358474407,,OpB
2025-03-23 06:00:00,M4,52.0,0.08116460685972594,,OpC
2025-03-23 07:00:00,M1,46.0,0.06779696126245506,81.26531753719956,OpB
2025-03-23 07:00:00,M2,50.0,0.2779776156288925,79.71977098411972,OpB
2025-03-23 07:00:00,M3,62.0,0.3833566623181267,77.23105588957814,OpA
2025-03-23 07:00:00,M4,50.0,0.5889449423016677,80.06285020870882,OpB
2025-03-23 08:00:00,M1,51.0,0.4646513073220306,77.01848327189796,OpB
2025-03-23 08:00:00,M2,44.0,0.34183434840597426,78.86660224307104,OpA
2025-03-23 08:00:00,M3,35.0,0.5845528432692984,80.44164243925096,OpB
2025-03-23 08:00:00,M4,61.0,0.11950849860492928,76.40041269236086,OpA
2025-03-23 09:00:00,M1,49.0,0.7541928148470044,76.14708510396927,OpA
2025-03-23 09:00:00,M2,63.0,0.2793556817848855,78.86562631288913,OpB
2025-03-23 09:00:00,M3,60.0,0.26591300746481344,79.56781480805219,OpC
2025-03-23 09:00:00,M4,54.0,0.16125245028716745,81.13243402354337,OpA
2025-03-23 10:00:00,M1,44.0,0.28436318081090706,71.6713370902783,OpB
2025-03-23 10:00:00,M2,69.0,0.27901328851729335,73.78769310533949,OpB
2025-03-23 10:00:00,M3,55.0,0.23746805607716961,78.10501052689263,OpC
2025-03-23 10:00:00,M4,42.0,0.37735523184280334,71.85184623015503,OpA
2025-03-23 11:00:00,M1,44.0,0.12657414987743942,74.3334396797405,OpB
2025-03-23 11:00:00,M2,54.0,0.16184121070229396,75.67085938739817,OpA
2025-03-23 11:00:00,M3,39.0,0.14078783920941154,70.4758186072858,OpC
2025-03-23 11:00:00,M4,,0.13423337371877428,71.98162499607932,OpA
2025-03-23 12:00:00,M1,54.0,0.3259071864214403,68.15993428310858,OpC
2025-03-23 12:00:00,M2,50.0,0.44043271526540917,67.8348922628567,OpA
2025-03-23 12:00:00,M3,42.0,0.48782974125932266,68.47742751019362,OpC
2025-03-23 12:00:00,M4,58.0,0.21354774920706476,66.44194396416482,OpC
2025-03-23 13:00:00,M1,51.0,0.26584766278986544,67.37867152141949,OpB
2025-03-23 13:00:00,M2,45.0,0.17251507885217385,67.14576750062083,OpA
2025-03-23 13:00:00,M3,51.0,0.08928239896213036,69.71737152963327,OpC
2025-03-23 13:00:00,M4,53.0,0.367795800137301,68.7637842406317,OpA
2025-03-23 14:00:00,M1,55.0,0.4935771352391541,64.50807097518563,OpB
2025-03-23 14:00:00,M2,42.0,0.29205328949684095,64.51769749930294,OpB
2025-03-23 14:00:00,M3,52.0,0.3740152171949211,68.00377882380242,OpB
2025-03-23 14:00:00,M4,41.0,0.10840333383671097,69.22836192248512,OpA
2025-03-23 15:00:00,M1,46.0,0.2116935769592632,,OpC
2025-03-23 15:00:00,M2,51.0,0.5959224919063812,62.35929035659444,OpA
2025-03-23 15:00:00,M3,57.0,0.152874684496457,61.74115055488524,OpB
2025-03-23 15:00:00,M4,,0.38211833114139226,62.81427131214983,OpA
2025-03-23 16:00:00,M1,54.0,0.03494037849819153,59.52121411506973,OpA
2025-03-23 16:00:00,M2,51.0,0.11504199122570764,63.730738291671,OpA
2025-03-23 16:00:00,M3,43.0,0.5022365112407716,63.582847405303674,OpB
2025-03-23 16:00:00,M4,53.0,0.15935850515321762,61.48415895414687,OpB
2025-03-23 17:00:00,M1,44.0,0.1745007906933676,64.14106922731001,OpC
2025-03-23 17:00:00,M2,49.0,0.16755347317259342,59.60881692237808,OpA
2025-03-23 17:00:00,M3,51.0,0.07868116355786918,57.28278583894901,OpB
2025-03-23 17:00:00,M4,51.0,0.19568726832450187,61.981397784763786,OpB
2025-03-23 18:00:00,M1,55.0,0.14355850159723668,,OpC
2025-03-23 18:00:00,M2,57.0,0.3326760418271417,62.491922321973696,OpC
2025-03-23 18:00:00,M3,47.0,0.26363454175830936,61.27884001058186,OpA
2025-03-23 18:00:00,M4,30.0,0.7222256752390226,60.51927561768216,OpC
2025-03-23 19:00:00,M1,60.0,0.12515215758647663,59.27532629613235,OpA
2025-03-23 19:00:00,M2,69.0,0.15717858627948555,60.69011991413558,OpA
2025-03-23 19:00:00,M3,56.0,0.2849757639538216,60.69691597871724,OpC
2025-03-23 19:00:00,M4,49.0,0.1498465188187939,61.159990285716496,OpB
2025-03-23 20:00:00,M1,47.0,0.3992801153818445,58.40972306931682,OpA
2025-03-23 20:00:00,M2,56.0,0.6686265795098144,60.19990188428092,OpC
2025-03-23 20:00:00,M3,51.0,0.2948246059807458,62.0939895597899,OpB
2025-03-23 20:00:00,M4,,0.18958262080341695,58.13066153014061,OpB
2025-03-23 21:00:00,M1,47.0,0.2989097747076662,61.57072503278149,OpB
2025-03-23 21:00:00,M2,53.0,0.5691318597463882,61.59430125453455,OpC
2025-03-23 21:00:00,M3,44.0,0.3431932283138279,63.10069749564045,OpC
2025-03-23 21:00:00,M4,47.0,0.36189207453742334,65.91811688858954,OpA
2025-03-23 22:00:00,M1,66.0,0.3328248281266268,62.50567585889132,OpC
2025-03-23 22:00:00,M2,43.0,0.22056660877019973,67.9648424883676,OpA
2025-03-23 22:00:00,M3,53.0,0.23194272298900506,60.956335207860874,OpA
2025-03-23 22:00:00,M4,40.0,0.2504369866668565,65.7968914617127,OpC
2025-03-23 23:00:00,M1,48.0,0.39589664621324117,67.45925630469145,OpA
2025-03-23 23:00:00,M2,52.0,0.33782378751767556,66.64076167621155,OpB
2025-03-23 23:00:00,M3,57.0,0.19096336042141954,72.47778421114224,OpC
2025-03-23 23:00:00,M4,52.0,0.5600212030211189,66.8683628076963,OpB
2025-03-24 00:00:00,M1,51.0,0.24829874291981996,69.44693058297308,OpA
2025-03-24 00:00:00,M2,,0.5077970112480705,70.57194147752023,OpA
2025-03-24 00:00:00,M3,45.0,0.19850010970952406,67.17820119471968,OpB
2025-03-24 00:00:00,M4,47.0,0.5028915667578189,72.28532178197935,OpB
2025-03-24 01:00:00,M1,48.0,0.5444883374514553,71.53453518837576,OpA
2025-03-24 01:00:00,M2,41.0,0.18109066264985765,74.37496645448033,OpA
2025-03-24 01:00:00,M3,43.0,0.17840374584646956,73.20257050242951,OpC
2025-03-24 01:00:00,M4,46.0,,71.85507663140565,OpC
2025-03-24 02:00:00,M1,48.0,0.5008248922859407,74.15166789188783,OpA
2025-03-24 02:00:00,M2,38.0,0.48850935469344053,75.70318869290851,OpC
2025-03-24 02:00:00,M3,64.0,0.10367662107728737,76.48948664190553,OpA
2025-03-24 02:00:00,M4,49.0,0.19696187229272374,75.62710751775055,OpB
2025-03-24 03:00:00,M1,51.0,0.3352398110532249,74.97327442828909,OpA
2025-03-24 03:00:00,M2,39.0,0.19666607832200372,76.88987240055837,OpC
2025-03-24 03:00:00,M3,50.0,0.43765369601981857,78.78858607085411,OpA
2025-03-24 03:00:00,M4,53.0,0.31501344731304826,78.21144291668536,OpA
2025-03-24 04:00:00,M1,,0.1379191789381378,75.70329236526106,OpA
2025-03-24 04:00:00,M2,46.0,0.1461169033891219,77.2654739822245,OpA
2025-03-24 04:00:00,M3,54.0,0.37592555344357753,77.41667230316713,OpC
2025-03-24 04:00:00,M4,50.0,0.1450459574990924,76.48263797524037,OpA
2025-03-24 05:00:00,M1,55.0,0.34401069015267105,77.97118866755159,OpC
2025-03-24 05:00:00,M2,56.0,0.1999559611216518,80.24000124225627,OpA
2025-03-24 05:00:00,M3,46.0,0.6404490885340717,79.31925364610935,OpA
2025-03-24 05:00:00,M4,51.0,0.08685496773677105,81.76014941011059,OpA
2025-03-24 06:00:00,M1,52.0,,79.09055639274669,OpC
2025-03-24 06:00:00,M2,39.0,0.19723827760355328,79.89236861751014,OpC
2025-03-24 06:00:00,M3,53.0,,83.53931164972674,OpA
2025-03-24 06:00:00,M4,50.0,0.2491729979119655,80.10792770243036,OpC
2025-03-24 07:00:00,M1,58.0,0.6738251523315327,81.76526910791662,OpA
2025-03-24 07:00:00,M2,59.0,0.15800145267422971,77.21363338063344,OpA
2025-03-24 07:00:00,M3,45.0,0.407941860029619,79.7725362951846,OpB
2025-03-24 07:00:00,M4,52.0,,78.21576515381821,OpA
2025-03-24 08:00:00,M1,47.0,0.1447217991103643,76.4166351342506,OpA
2025-03-24 08:00:00,M2,50.0,0.22542714496641938,78.27368973047741,OpB
2025-03-24 08:00:00,M3,49.0,0.17084122285208633,79.53515606408008,OpB
2025-03-24 08:00:00,M4,64.0,0.18297082501062056,84.86735261220738,OpA
2025-03-24 09:00:00,M1,43.0,0.6254898784183212,77.00843960909587,OpC
2025-03-24 09:00:00,M2,57.0,0.6671626062833781,77.90936659991077,OpA
2025-03-24 09:00:00,M3,48.0,0.10852425079488005,77.885735198345,OpA
2025-03-24 09:00:00,M4,,0.2690106112924448,75.065648376112,OpC
2025-03-24 10:00:00,M1,52.0,0.5590981091924981,74.45566034076647,OpA
2025-03-24 10:00:00,M2,36.0,0.4708822254434348,75.4799962488992,OpB
2025-03-24 10:00:00,M3,57.0,0.07549537800088715,78.68438066251092,OpB
2025-03-24 10:00:00,M4,52.0,0.28309927707921734,78.9453477280277,OpA
2025-03-24 11:00:00,M1,49.0,0.162648928674764,75.8501025511559,OpA
2025-03-24 11:00:00,M2,63.0,0.3090626077922425,72.92977814445003,OpA
2025-03-24 11:00:00,M3,45.0,0.30704491797229594,70.37101418115233,OpB
2025-03-24 11:00:00,M4,48.0,0.15318697628098618,74.10784610008974,OpB
2025-03-24 12:00:00,M1,49.0,0.1795251254319322,71.8846728253094,OpA
2025-03-24 12:00:00,M2,44.0,0.4714888836110174,70.45046293188709,OpC
2025-03-24 12:00:00,M3,73.0,0.4887941986936307,72.63297124817827,OpB
2025-03-24 12:00:00,M4,53.0,0.2729274533139874,72.162104824206,OpA
2025-03-24 13:00:00,M1,42.0,0.6232303599285132,65.64699548820903,OpA
2025-03-24 13:00:00,M2,33.0,0.3226051541665895,68.9273396209879,OpB
2025-03-24 13:00:00,M3,44.0,0.20234979212010623,66.95203472350535,OpA
2025-03-24 13:00:00,M4,58.0,0.397312702185281,68.40747417778594,OpB
2025-03-24 14:00:00,M1,45.0,0.04509161653559851,64.93585793898248,OpB
2025-03-24 14:00:00,M2,50.0,0.31775399474649857,64.17929686108012,OpA
2025-03-24 14:00:00,M3,47.0,0.5430659165411287,63.10298989169818,OpA
2025-03-24 14:00:00,M4,51.0,0.30105319447960105,66.66265732625008,OpC
2025-03-24 15:00:00,M1,53.0,0.08180805330607914,62.020736598306165,OpA
2025-03-24 15:00:00,M2,,0.3495257347013688,59.02713742214063,OpB
2025-03-24 15:00:00,M3,64.0,0.3144886958111923,64.44926833541501,OpA
2025-03-24 15:00:00,M4,,0.3853646405072043,58.1110131755932,OpC
2025-03-24 16:00:00,M1,53.0,0.1406671311443812,61.86246295751217,OpC
2025-03-24 16:00:00,M2,61.0,0.27903100410989434,60.84110607304068,OpB
2025-03-24 16:00:00,M3,50.0,0.06155262163587891,62.305127130586946,OpA
2025-03-24 16:00:00,M4,43.0,0.05740574674591917,57.459371762576616,OpA
2025-03-24 17:00:00,M1,52.0,0.16220995949645886,56.500489122575665,OpB
2025-03-24 17:00:00,M2,44.0,0.09655820445387793,59.90722521510636,OpB
2025-03-24 17:00:00,M3,61.0,0.02560211325924931,57.91198344978739,OpB
2025-03-24 17:00:00,M4,43.0,0.5298443648602271,63.09681493366094,OpC
2025-03-24 18:00:00,M1,42.0,0.1691091249282334,58.755158483953224,OpA
2025-03-24 18:00:00,M2,56.0,0.20484266458831685,58.68011812783333,OpC
2025-03-24 18:00:00,M3,40.0,0.34819556282285963,61.08459251922227,OpA
2025-03-24 18:00:00,M4,49.0,0.42419102369397466,57.7348546733294,OpC
2025-03-24 19:00:00,M1,50.0,0.30632752362681737,59.521619395235405,OpC
2025-03-24 19:00:00,M2,46.0,0.4304419889504013,58.10063830514651,OpB
2025-03-24 19:00:00,M3,44.0,0.18027301610337887,60.29805355780007,OpA
2025-03-24 19:00:00,M4,44.0,0.5512418248269672,61.68964019357759,OpA
2025-03-24 20:00:00,M1,50.0,0.16188017704671404,61.63631314761038,OpA
2025-03-24 20:00:00,M2,52.0,0.08310400435397014,65.8859644876461,OpC
2025-03-24 20:00:00,M3,58.0,0.5749945952448053,61.160972567287665,OpC
2025-03-24 20:00:00,M4,51.0,0.4941661279738953,63.50147034086092,OpC
2025-03-24 21:00:00,M1,34.0,0.6216538719217698,62.90256669989337,OpA
2025-03-24 21:00:00,M2,52.0,0.5309215618910922,,OpA
2025-03-24 21:00:00,M3,42.0,0.22992298372585157,64.90316426088683,OpC
2025-03-24 21:00:00,M4,43.0,0.15054179256926997,64.94554220041725,OpB
2025-03-24 22:00:00,M1,54.0,0.12449967860372972,65.55454095594195,OpB
2025-03-24 22:00:00,M2,56.0,0.17427328094011513,66.96252311212578,OpA
2025-03-24 22:00:00,M3,52.0,0.42598365459797205,66.7229555218097,OpA
2025-03-24 22:00:00,M4,60.0,0.07842786562964149,67.44206090302404,OpA
2025-03-24 23:00:00,M1,45.0,0.4981964422390889,65.52559570566153,OpA
2025-03-24 23:00:00,M2,67.0,0.26297072130283716,66.19400122074467,OpC
2025-03-24 23:00:00,M3,43.0,0.15018994165279886,68.96001856433318,OpC
2025-03-24 23:00:00,M4,57.0,0.13924279882694238,67.9930473908161,OpC
2025-03-25 00:00:00,M1,41.0,0.027214006980768222,71.46502533661777,OpB
2025-03-25 00:00:00,M2,41.0,0.12488254228625939,68.03495361001822,OpC
2025-03-25 00:00:00,M3,52.0,0.06032156089708208,73.44808711454023,OpA
2025-03-25 00:00:00,M4,41.0,0.5334728905392594,72.2537792830728,OpB
2025-03-25 01:00:00,M1,61.0,0.6068615056687356,71.25313040715237,OpC
2025-03-25 01:00:00,M2,48.0,0.13405158540520973,70.72166006314117,OpA
2025-03-25 01:00:00,M3,71.0,0.2006169855770439,73.41925772538632,OpC
2025-03-25 01:00:00,M4,44.0,0.085184181258825,74.36958857618771,OpB
2025-03-25 02:00:00,M1,49.0,0.5835832812695159,75.38770258003122,OpB
2025-03-25 02:00:00,M2,49.0,0.1964850223326816,72.66758689131325,OpC
2025-03-25 02:00:00,M3,46.0,0.2467930619959016,75.68470689412324,OpB
2025-03-25 02:00:00,M4,53.0,0.5288599859772427,74.35801677118707,OpA
2025-03-25 03:00:00,M1,,0.14873313610903507,76.37123823105838,OpA
2025-03-25 03:00:00,M2,69.0,0.5134694934405862,76.84650891385193,OpB
2025-03-25 03:00:00,M3,42.0,,77.91329272636187,OpA
2025-03-25 03:00:00,M4,58.0,0.257828620939194,78.32496759677292,OpB
2025-03-25 04:00:00,M1,58.0,0.22554118048336882,80.48152978307763,OpA
2025-03-25 04:00:00,M2,49.0,0.284701665949853,80.84372942233652,OpC
2025-03-25 04:00:00,M3,41.0,0.25370689418358483,79.56790362945246,OpB
2025-03-25 04:00:00,M4,55.0,0.18932891652692344,74.68021271403231,OpC
2025-03-25 05:00:00,M1,50.0,0.48290445803936993,82.48221874338999,OpC
2025-03-25 05:00:00,M2,41.0,0.20281698779671611,77.67214746479824,OpB
2025-03-25 05:00:00,M3,41.0,0.1471716884303829,76.86557959022656,OpC
2025-03-25 05:00:00,M4,,0.3446104176119747,79.68657036060408,OpA
2025-03-25 06:00:00,M1,59.0,0.2874027918888769,79.93790432287925,OpC
2025-03-25 06:00:00,M2,46.0,0.1917132337126816,76.88845813848715,OpC
2025-03-25 06:00:00,M3,53.0,0.23756646537369988,77.28020129282184,OpA
2025-03-25 06:00:00,M4,,0.03457894827296269,79.44970061665926,OpA
2025-03-25 07:00:00,M1,,0.14338301908467374,79.9185867852559,OpB
2025-03-25 07:00:00,M2,63.0,0.4770263873435872,81.46725689142909,OpC
2025-03-25 07:00:00,M3,,0.33398179600053995,80.8552202074511,OpB
2025-03-25 07:00:00,M4,42.0,0.5887399775262666,,OpA
2025-03-25 08:00:00,M1,49.0,0.07147899576733856,79.88871975099565,OpB
2025-03-25 08:00:00,M2,,0.31472757412519264,,OpB
2025-03-25 08:00:00,M3,52.0,0.05739898501351484,79.12840279153195,OpC
2025-03-25 08:00:00,M4,53.0,0.3615180730537634,78.65073382115646,OpA
2025-03-25 09:00:00,M1,47.0,0.1568159521495499,76.79650510211451,OpA
2025-03-25 09:00:00,M2,49.0,0.21333594159992492,76.14528384413892,OpC
2025-03-25 09:00:00,M3,43.0,0.586133086586196,75.44365609901715,OpA
2025-03-25 09:00:00,M4,48.0,0.21131422795602792,73.9245246360059,OpA
2025-03-25 10:00:00,M1,,0.30192168426789856,72.84644376600355,OpB
2025-03-25 10:00:00,M2,53.0,0.6323982702518681,73.57408755780757,OpA
2025-03-25 10:00:00,M3,,,72.40874160787209,OpA
2025-03-25 10:00:00,M4,48.0,0.3126131398083561,,OpC
2025-03-25 11:00:00,M1,46.0,0.7109362912753907,75.54001360165036,OpC
2025-03-25 11:00:00,M2,65.0,0.11548626522017387,70.36214585870809,OpB
2025-03-25 11:00:00,M3,48.0,0.4389428852897982,71.49743470894929,OpC
2025-03-25 11:00:00,M4,47.0,0.1529828027863684,72.96295993601504,OpA
2025-03-25 12:00:00,M1,36.0,0.29899275457988006,72.08279106980608,OpA
2025-03-25 12:00:00,M2,42.0,0.12580093430637562,72.14174696321227,OpB
2025-03-25 12:00:00,M3,51.0,0.4872534283529598,65.66341771883015,OpA
2025-03-25 12:00:00,M4,49.0,,,OpB
2025-03-25 13:00:00,M1,47.0,0.31642804086879933,66.44719104169067,OpC
2025-03-25 13:00:00,M2,42.0,0.18623538295156064,62.66329081665762,OpC
2025-03-25 13:00:00,M3,50.0,0.06732697964034044,66.64599343869422,OpC
2025-03-25 13:00:00,M4,51.0,0.07468799665958788,66.53488409674462,OpC
2025-03-25 14:00:00,M1,48.0,0.197341778135039,67.28143272122563,OpA
2025-03-25 14:00:00,M2,48.0,0.16136640466859906,67.00207947114207,OpC
2025-03-25 14:00:00,M3,50.0,0.14548879750602697,61.999847279032025,OpC
2025-03-25 14:00:00,M4,46.0,0.3694244271149039,64.70353313274046,OpA
2025-03-25 15:00:00,M1,42.0,0.10669797142398262,66.53010505226537,OpB
2025-03-25 15:00:00,M2,40.0,0.13844256821185202,60.860537410413244,OpC
2025-03-25 15:00:00,M3,43.0,0.14009373398184471,61.29031488032897,OpB
2025-03-25 15:00:00,M4,37.0,0.37684244023453844,65.23610529280906,OpB
2025-03-25 16:00:00,M1,42.0,0.20475321987117834,62.527655877508174,OpB
2025-03-25 16:00:00,M2,50.0,0.29722408794220634,61.63635452818516,OpB
2025-03-25 16:00:00,M3,42.0,0.3422726127077114,60.93905668430131,OpA
2025-03-25 16:00:00,M4,62.0,0.508935954679956,61.59747526020941,OpB
2025-03-25 17:00:00,M1,57.0,0.14279172200671864,61.45210966633085,OpC
2025-03-25 17:00:00,M2,45.0,0.13410601470928907,56.79305223718082,OpA
2025-03-25 17:00:00,M3,58.0,0.3424891997959301,57.24963820549558,OpB
2025-03-25 17:00:00,M4,46.0,0.41542325011559683,,OpB
2025-03-25 18:00:00,M1,39.0,0.31732287997225717,58.004343005323086,OpC
2025-03-25 18:00:00,M2,52.0,0.420307433058549,,OpC
2025-03-25 18:00:00,M3,,0.12657730286696062,57.925746462607556,OpA
2025-03-25 18:00:00,M4,46.0,0.19830150734034438,59.76294635236324,OpB
2025-03-25 19:00:00,M1,49.0,0.12473929976196471,62.43025281340363,OpA
2025-03-25 19:00:00,M2,45.0,0.3056545543491034,58.77437841860826,OpB
2025-03-25 19:00:00,M3,51.0,0.2655129103826165,63.2223517953507,OpA
2025-03-25 19:00:00,M4,,0.7781098497640164,60.564067564374646,OpA
2025-03-25 20:00:00,M1,51.0,0.14785085845560594,58.825370475110326,OpC
2025-03-25 20:00:00,M2,40.0,0.23212364989834833,61.367560288437176,OpC
2025-03-25 20:00:00,M3,40.0,0.06826612918004354,62.4361940320455,OpC
2025-03-25 20:00:00,M4,57.0,0.07325234208506642,65.86054039060333,OpB
2025-03-25 21:00:00,M1,54.0,0.1637905618388414,64.66014385701482,OpC
2025-03-25 21:00:00,M2,55.0,,62.44899057867088,OpB
2025-03-25 21:00:00,M3,57.0,0.43915567084279067,62.58749901932298,OpA
2025-03-25 21:00:00,M4,46.0,0.3983053923128653,65.918825820828,OpB
2025-03-25 22:00:00,M1,50.0,0.4736733815248179,59.783598364728576,OpC
2025-03-25 22:00:00,M2,40.0,0.5402381648195596,66.64817790287849,OpC
2025-03-25 22:00:00,M3,57.0,0.34308995908594253,67.19878432533851,OpC
2025-03-25 22:00:00,M4,62.0,0.23111742686099623,64.4475889695783,OpB
2025-03-25 23:00:00,M1,59.0,0.5212557408172642,65.208490871938,OpC
2025-03-25 23:00:00,M2,54.0,0.20257823663737595,67.29550865073516,OpA
2025-03-25 23:00:00,M3,34.0,0.29231531025820123,66.3195448575328,OpC
2025-03-25 23:00:00,M4,46.0,0.24411812799348304,67.42081125014334,OpA
2025-03-26 00:00:00,M1,57.0,0.21579790490116257,68.51585260552015,OpC
2025-03-26 00:00:00,M2,54.0,0.24150455381455535,66.2585635407027,OpA
2025-03-26 00:00:00,M3,56.0,0.3896408258945879,71.75115389712845,OpB
2025-03-26 00:00:00,M4,44.0,0.4353106471270949,69.92652935279501,OpA
2025-03-26 01:00:00,M1,40.0,0.08703888526017123,73.97258310282017,OpB
2025-03-26 01:00:00,M2,45.0,0.254863555688253,71.84011001599937,OpC
2025-03-26 01:00:00,M3,45.0,0.06615968056698278,73.68391485665434,OpB
2025-03-26 01:00:00,M4,58.0,0.4717781620467109,74.414536747406,OpA
2025-03-26 02:00:00,M1,53.0,0.31240965877511573,76.00089859326796,OpA
2025-03-26 02:00:00,M2,49.0,0.5312549047281758,75.87634482434909,OpA
2025-03-26 02:00:00,M3,53.0,0.3261304668755341,76.18081920700322,OpA
2025-03-26 02:00:00,M4,56.0,0.32689088711034775,72.49385090093146,OpB
2025-03-26 03:00:00,M1,40.0,0.15191911756280974,78.22222719615397,OpB
2025-03-26 03:00:00,M2,33.0,0.28757467761376615,80.338603646664,OpA
2025-03-26 03:00:00,M3,56.0,0.04454516931110505,74.97049601205849,OpB
2025-03-26 03:00:00,M4,60.0,0.2600011259309308,77.39547101182568,OpC
2025-03-26 04:00:00,M1,45.0,0.1970627291004533,81.50710052321445,OpB
2025-03-26 04:00:00,M2,62.0,,75.73340393943188,OpB
2025-03-26 04:00:00,M3,,0.060190721170834925,84.10104310302498,OpC
2025-03-26 04:00:00,M4,38.0,0.7242974514125409,79.07201833254997,OpC
2025-03-26 05:00:00,M1,55.0,0.10471361841225238,79.42385129429307,OpC
2025-03-26 05:00:00,M2,48.0,0.14762501450776497,76.72416490245143,OpB
2025-03-26 05:00:00,M3,50.0,0.37826395966455295,80.6843896926745,OpA
2025-03-26 05:00:00,M4,46.0,0.3171431176097845,,OpC
2025-03-26 06:00:00,M1,46.0,0.23688057460967174,82.23328018225641,OpB
2025-03-26 06:00:00,M2,56.0,0.08877626337870578,80.75435697390733,OpB
2025-03-26 06:00:00,M3,46.0,0.4152887302509731,,OpC
2025-03-26 06:00:00,M4,59.0,0.3952022297621783,81.21652338304341,OpB
2025-03-26 07:00:00,M1,49.0,0.20085159103893532,75.81082683835243,OpC
2025-03-26 07:00:00,M2,52.0,0.34084174411717244,80.10180358542182,OpA
2025-03-26 07:00:00,M3,50.0,0.165746478149456,77.72749633491327,OpB
2025-03-26 07:00:00,M4,47.0,0.429952147923552,76.20029841139052,OpB
2025-03-26 08:00:00,M1,54.0,0.4003436582599279,79.73103629736568,OpB
2025-03-26 08:00:00,M2,60.0,0.375654678616792,77.943947763946,OpA
2025-03-26 08:00:00,M3,55.0,0.5327714516804731,79.09527225109363,OpA
2025-03-26 08:00:00,M4,49.0,0.14637948232009584,75.32794027760588,OpA
2025-03-26 09:00:00,M1,59.0,0.04315171444039043,76.31500809225759,OpA
2025-03-26 09:00:00,M2,46.0,0.2645064054177781,74.70544570838139,OpB
2025-03-26 09:00:00,M3,65.0,0.29210612612631487,78.81813551633576,OpA
2025-03-26 09:00:00,M4,,0.17554578537943583,75.32037298823334,OpC
2025-03-26 10:00:00,M1,52.0,0.3725157793915355,72.22163419420731,OpB
2025-03-26 10:00:00,M2,32.0,0.12438440741474058,73.74534389939245,OpA
2025-03-26 10:00:00,M3,51.0,0.28697969360840414,74.26107776013386,OpA
2025-03-26 10:00:00,M4,53.0,0.36882168015092226,73.65950831316475,OpC
2025-03-26 11:00:00,M1,45.0,0.2384391029843686,71.84608930010438,OpA
2025-03-26 11:00:00,M2,34.0,0.3352307619436439,75.50071726350743,OpB
2025-03-26 11:00:00,M3,52.0,0.3118872328519739,,OpC
2025-03-26 11:00:00,M4,49.0,0.2427386941546772,73.92212034262744,OpC
2025-03-26 12:00:00,M1,58.0,0.10226445268104685,72.02548177226167,OpB
2025-03-26 12:00:00,M2,55.0,0.42475437560237805,68.94142819250003,OpB
2025-03-26 12:00:00,M3,50.0,0.41804061447626456,72.10796628739946,OpB
2025-03-26 12:00:00,M4,52.0,0.20994703300148954,71.92546936258078,OpA
2025-03-26 13:00:00,M1,44.0,0.2325198867199604,67.14809936427963,OpB
2025-03-26 13:00:00,M2,50.0,0.20942697555167716,64.93036779905965,OpB
2025-03-26 13:00:00,M3,54.0,0.29924382011638395,65.42232166297744,OpC
2025-03-26 13:00:00,M4,51.0,0.15779820950174314,64.74001580362071,OpC
2025-03-26 14:00:00,M1,43.0,,62.33307331214661,OpB
2025-03-26 14:00:00,M2,51.0,0.22433124487067127,64.95273910205684,OpA
2025-03-26 14:00:00,M3,49.0,0.3059454604974375,,OpA
2025-03-26 14:00:00,M4,51.0,0.509998595609215,65.38711233783941,OpB
2025-03-26 15:00:00,M1,50.0,0.6790689783664253,65.49008144814468,OpC
2025-03-26 15:00:00,M2,43.0,,62.78974644056157,OpA
2025-03-26 15:00:00,M3,52.0,0.06720120513766899,58.551657238315684,OpA
2025-03-26 15:00:00,M4,49.0,0.28522828777529347,63.62149457718771,OpA
2025-03-26 16:00:00,M1,50.0,0.5096001190612369,61.464409114753394,OpB
2025-03-26 16:00:00,M2,43.0,0.30385636019111933,59.60651864243906,OpA
2025-03-26 16:00:00,M3,53.0,0.23362865888845324,,OpC
2025-03-26 16:00:00,M4,64.0,0.19182631236302106,60.091819419288534,OpA
2025-03-26 17:00:00,M1,37.0,0.3842960137623408,,OpC
2025-03-26 17:00:00,M2,57.0,0.11055130479011764,59.30906888254449,OpA
2025-03-26 17:00:00,M3,50.0,0.27845798512259134,61.71222325587422,OpC
2025-03-26 17:00:00,M4,46.0,0.41110400467922315,60.70307942192741,OpC
2025-03-26 18:00:00,M1,36.0,0.337042867894996,58.98469714579459,OpB
2025-03-26 18:00:00,M2,38.0,0.02811748282867145,59.780545790475095,OpA
2025-03-26 18:00:00,M3,57.0,0.35789006234651677,57.866684716114264,OpA
2025-03-26 18:00:00,M4,54.0,0.22761484853742342,60.25702987886311,OpB
2025-03-26 19:00:00,M1,52.0,0.3278200008989292,62.52499029933822,OpC
2025-03-26 19:00:00,M2,52.0,,57.744867808781535,OpB
2025-03-26 19:00:00,M3,55.0,0.058102629477351134,60.057685396179465,OpC
2025-03-26 19:00:00,M4,52.0,0.32073020143554687,60.446815158026254,OpB
2025-03-26 20:00:00,M1,43.0,0.2519444734986322,62.4794896775642,OpB
2025-03-26 20:00:00,M2,61.0,0.266338491412637,60.44496641269625,OpB
2025-03-26 20:00:00,M3,62.0,,59.72776536578269,OpB
2025-03-26 20:00:00,M4,46.0,0.30503855795590545,58.77467132856798,OpA
2025-03-26 21:00:00,M1,50.0,0.09929463385920428,58.529840819731454,OpC
2025-03-26 21:00:00,M2,51.0,0.30354723380973986,63.909643106348774,OpB
2025-03-26 21:00:00,M3,59.0,0.36016532707709753,61.50292481738295,OpA
2025-03-26 21:00:00,M4,61.0,0.2448133641312136,63.56829030675327,OpC
2025-03-26 22:00:00,M1,53.0,0.11204600803158515,,OpA
2025-03-26 22:00:00,M2,40.0,0.19321296500701915,68.28674807181814,OpA
2025-03-26 22:00:00,M3,53.0,0.12948164589049602,66.2630312786464,OpB
2025-03-26 22:00:00,M4,47.0,0.26394132238789375,66.36438635149348,OpA
2025-03-26 23:00:00,M1,49.0,0.3334353584875257,68.7077564137803,OpB
2025-03-26 23:00:00,M2,61.0,0.28587751597739686,70.36825614547682,OpB
2025-03-26 23:00:00,M3,39.0,0.23193385603278538,68.8886094506499,OpB
2025-03-26 23:00:00,M4,51.0,0.1754533747927334,68.02630801177216,OpB
2025-03-27 00:00:00,M1,47.0,0.42248213905211307,67.61229600091109,OpB
2025-03-27 00:00:00,M2,54.0,0.19362261146392634,69.93720060827225,OpC
2025-03-27 00:00:00,M3,49.0,,,OpB
2025-03-27 00:00:00,M4,43.0,0.6579426103669419,68.984251064262,OpB
2025-03-27 01:00:00,M1,48.0,0.21121911146158825,73.54103493558364,OpA
2025-03-27 01:00:00,M2,62.0,0.1421863768799419,72.65475884174535,OpA
2025-03-27 01:00:00,M3,57.0,0.12973865863866976,72.62570130746725,OpA
2025-03-27 01:00:00,M4,49.0,0.1574921009295285,72.2722746416829,OpC
2025-03-27 02:00:00,M1,48.0,0.22972228061210914,73.60041504175562,OpC
2025-03-27 02:00:00,M2,44.0,0.3744371165266649,72.57540063276244,OpA
2025-03-27 02:00:00,M3,51.0,0.3993465031296079,73.29259419936109,OpC
2025-03-27 02:00:00,M4,39.0,0.0657056052469792,,OpB
2025-03-27 03:00:00,M1,52.0,0.19996683366618057,78.5278242914319,OpA
2025-03-27 03:00:00,M2,55.0,0.16130931127325313,71.50521528282209,OpC
2025-03-27 03:00:00,M3,,0.4607155515777843,78.54404984635804,OpC
2025-03-27 03:00:00,M4,45.0,0.1833991688629579,76.26586725168355,OpC
2025-03-27 04:00:00,M1,,0.4311508895529034,74.48401353791355,OpA
2025-03-27 04:00:00,M2,36.0,0.35500036633058246,80.03753164053452,OpC
2025-03-27 04:00:00,M3,54.0,0.19611038636710107,78.13684932507515,OpC
2025-03-27 04:00:00,M4,53.0,0.6432582455280379,78.8327518127207,OpA
2025-03-27 05:00:00,M1,54.0,0.12927108288601008,82.88882993392271,OpA
2025-03-27 05:00:00,M2,53.0,0.09214624601070665,78.57121879086067,OpC
2025-03-27 05:00:00,M3,41.0,0.09115533827066466,77.96106811800826,OpC
2025-03-27 05:00:00,M4,45.0,0.23370648277144992,78.10892534270009,OpA
2025-03-27 06:00:00,M1,55.0,0.37983675896722086,81.09312716543916,OpC
2025-03-27 06:00:00,M2,58.0,,84.23326191843658,OpB
2025-03-27 06:00:00,M3,53.0,0.3617881138463368,80.73299449211544,OpB
2025-03-27 06:00:00,M4,55.0,0.20491100094572118,80.32858102246081,OpC
2025-03-27 07:00:00,M1,58.0,0.24125834468240837,81.57159305771616,OpA
2025-03-27 07:00:00,M2,55.0,0.12225836193950494,82.06856954766872,OpA
2025-03-27 07:00:00,M3,52.0,,80.80465463431553,OpB
2025-03-27 07:00:00,M4,33.0,0.5571061035957866,77.76868803095863,OpA
2025-03-27 08:00:00,M1,47.0,0.3422172957770318,78.17066880074091,OpC
2025-03-27 08:00:00,M2,35.0,0.1610293336041933,76.74085782899516,OpC
2025-03-27 08:00:00,M3,42.0,0.14856142980633025,79.18822095590325,OpB
2025-03-27 08:00:00,M4,,0.19740030419534135,79.14517265034902,OpB
2025-03-27 09:00:00,M1,65.0,0.3290995487083765,77.24482466136331,OpB
2025-03-27 09:00:00,M2,58.0,0.2607127715048839,75.50090676260345,OpC
2025-03-27 09:00:00,M3,,0.30232944756323693,74.25863796675539,OpB
2025-03-27 09:00:00,M4,57.0,0.30119303327745023,79.6463284911731,OpC
2025-03-27 10:00:00,M1,44.0,0.08177421963615716,73.23508145555331,OpC
2025-03-27 10:00:00,M2,63.0,0.06859871217482903,74.75440122480927,OpA
2025-03-27 10:00:00,M3,48.0,0.06868288081629799,74.6137685354836,OpB
2025-03-27 10:00:00,M4,39.0,0.3282929451334255,76.34202771801272,OpC
2025-03-27 11:00:00,M1,56.0,0.19262803453454444,75.53397114586124,OpB
2025-03-27 11:00:00,M2,55.0,0.5474780311694303,68.55184130693875,OpA
2025-03-27 11:00:00,M3,41.0,0.09800349158376054,72.83350212621642,OpB
2025-03-27 11:00:00,M4,43.0,0.4230126773646174,69.57224470536715,OpB
2025-03-27 12:00:00,M1,53.0,0.21019488154879343,67.94265815123772,OpA
2025-03-27 12:00:00,M2,38.0,0.2465969799007781,67.11046061768766,OpC
2025-03-27 12:00:00,M3,53.0,0.5074099085537759,69.71099760134172,OpC
2025-03-27 12:00:00,M4,60.0,0.19720057910902392,66.52954417696247,OpA
2025-03-27 13:00:00,M1,51.0,0.1449922736745908,67.78753692068601,OpB
2025-03-27 13:00:00,M2,58.0,0.2614379138224216,68.35629136843482,OpC
2025-03-27 13:00:00,M3,51.0,0.307692998116881,67.94298294975667,OpB
2025-03-27 13:00:00,M4,48.0,0.1747765702462804,69.38260526498871,OpB
2025-03-27 14:00:00,M1,49.0,0.4424008490700905,66.52897912570887,OpA
2025-03-27 14:00:00,M2,46.0,0.19465120175430403,65.52865400467309,OpC
2025-03-27 14:00:00,M3,51.0,0.14147329552905027,67.87219313442596,OpA
2025-03-27 14:00:00,M4,38.0,0.4719050055378674,64.63496384446371,OpA
2025-03-27 15:00:00,M1,,0.368751192352994,58.937479522683404,OpA
2025-03-27 15:00:00,M2,44.0,0.5435521124542532,65.58469634716211,OpB
2025-03-27 15:00:00,M3,55.0,0.21946329698812167,62.467601943029685,OpA
2025-03-27 15:00:00,M4,57.0,0.3546741494167318,63.93242734587932,OpC
2025-03-27 16:00:00,M1,55.0,,61.87661048512641,OpC
2025-03-27 16:00:00,M2,44.0,0.2997896779586779,61.784251859435194,OpB
2025-03-27 16:00:00,M3,34.0,0.21436935667261411,59.507596453224465,OpA
2025-03-27 16:00:00,M4,57.0,0.24015461861720638,62.37574674550191,OpB
2025-03-27 17:00:00,M1,46.0,,59.19536067949256,OpC
2025-03-27 17:00:00,M2,60.0,0.03235445637930678,57.20699996549719,OpA
2025-03-27 17:00:00,M3,52.0,0.12674293821900282,,OpA
2025-03-27 17:00:00,M4,52.0,0.1768725785448501,,OpA
2025-03-27 18:00:00,M1,39.0,0.3496757402157837,55.71142395093217,OpC
2025-03-27 18:00:00,M2,52.0,0.3200652541388802,60.10541366456811,OpA
2025-03-27 18:00:00,M3,36.0,0.18148706020136401,58.412334835956486,OpB
2025-03-27 18:00:00,M4,39.0,0.08773639955667366,60.782148551583205,OpB
2025-03-27 19:00:00,M1,52.0,0.12335456751744166,61.37925205512716,OpA
2025-03-27 19:00:00,M2,42.0,0.24756560660694715,60.44633903446118,OpB
2025-03-27 19:00:00,M3,49.0,0.12338150155990353,58.90312178846399,OpB
2025-03-27 19:00:00,M4,39.0,0.2899957789671478,61.926135711860454,OpB
2025-03-27 20:00:00,M1,51.0,0.35014535455363116,63.342567532082874,OpC
2025-03-27 20:00:00,M2,36.0,0.14250550230917838,63.17062222621936,OpB
2025-03-27 20:00:00,M3,60.0,0.546022588487123,62.17540753696751,OpC
2025-03-27 20:00:00,M4,,0.10317725289094724,63.92675701891957,OpB
2025-03-27 21:00:00,M1,50.0,0.1641895303364432,66.55800586682884,OpC
2025-03-27 21:00:00,M2,38.0,0.5073511943129292,58.93934523818933,OpA
2025-03-27 21:00:00,M3,55.0,0.42234833422953144,64.86096971203578,OpA
2025-03-27 21:00:00,M4,44.0,0.5569663733621545,62.37114901125707,OpB
2025-03-27 22:00:00,M1,51.0,0.47376751629886066,65.10281692111384,OpB
2025-03-27 22:00:00,M2,32.0,0.22908565231674327,65.46882409664303,OpB
2025-03-27 22:00:00,M3,52.0,0.3289907833144791,61.85305565877477,OpC
2025-03-27 22:00:00,M4,55.0,0.2850170521740679,,OpA
2025-03-27 23:00:00,M1,44.0,,72.10239531307535,OpA
2025-03-27 23:00:00,M2,58.0,0.24897381530899343,71.61128557237467,OpB
2025-03-27 23:00:00,M3,47.0,0.24444793570221557,69.12960010753498,OpA
2025-03-27 23:00:00,M4,54.0,,66.46703401374097,OpC
2025-03-28 00:00:00,M1,43.0,0.3781143148247859,69.729027934731,OpB
2025-03-28 00:00:00,M2,50.0,0.31807165733993603,,OpC
2025-03-28 00:00:00,M3,58.0,0.17579337242008838,66.86419907226184,OpA
2025-03-28 00:00:00,M4,64.0,0.24449753430676766,64.75064839899333,OpA
2025-03-28 01:00:00,M1,49.0,0.22938376753141865,75.64197434696197,OpA
2025-03-28 01:00:00,M2,,,75.4155109705929,OpA
2025-03-28 01:00:00,M3,65.0,0.10801202933404817,69.8418397745689,OpB
2025-03-28 01:00:00,M4,43.0,0.4265957838994085,73.39350338911339,OpA
2025-03-28 02:00:00,M1,56.0,0.09999723180897215,75.16232540111251,OpA
2025-03-28 02:00:00,M2,55.0,0.15743559714223873,79.44593611696692,OpB
2025-03-28 02:00:00,M3,44.0,0.4323565017023113,75.44408072923859,OpB
2025-03-28 02:00:00,M4,54.0,0.13116266346004493,77.20310289011611,OpC
2025-03-28 03:00:00,M1,37.0,0.17466107813234166,79.79429618960572,OpA
2025-03-28 03:00:00,M2,60.0,0.04450235865346283,76.00799385758329,OpA
2025-03-28 03:00:00,M3,59.0,0.31656287929891036,78.52817636914483,OpA
2025-03-28 03:00:00,M4,45.0,0.3041254689712562,,OpA
2025-03-28 04:00:00,M1,,0.3079265951075179,76.56729221060748,OpA
2025-03-28 04:00:00,M2,44.0,0.16738691923744345,78.03958136303287,OpB
2025-03-28 04:00:00,M3,49.0,0.4841298522087852,81.05693725073372,OpC
2025-03-28 04:00:00,M4,49.0,0.24774064761051207,78.72593328902435,OpB
2025-03-28 05:00:00,M1,,0.2047666494605566,,OpA
2025-03-28 05:00:00,M2,61.0,0.327835731711891,77.71257151063575,OpC
2025-03-28 05:00:00,M3,58.0,0.5490528442324286,78.94520102752487,OpB
2025-03-28 05:00:00,M4,42.0,0.1589487188647904,77.78385161757419,OpB
2025-03-28 06:00:00,M1,36.0,0.22254846661045474,81.4174823017917,OpB
2025-03-28 06:00:00,M2,33.0,0.22925050593353802,81.52317525211974,OpA
2025-03-28 06:00:00,M3,51.0,0.19115112487052516,81.98520997817172,OpC
2025-03-28 06:00:00,M4,49.0,0.45186679850384515,80.71067930853724,OpB
2025-03-28 07:00:00,M1,45.0,0.29005572999461776,78.69375974040246,OpC
2025-03-28 07:00:00,M2,59.0,0.05339958781881398,83.66887094043187,OpA
2025-03-28 07:00:00,M3,,0.4023695704259815,78.35466778971555,OpA
2025-03-28 07:00:00,M4,36.0,,76.45223732989109,OpB
2025-03-28 08:00:00,M1,45.0,,79.17924859003841,OpC
2025-03-28 08:00:00,M2,47.0,0.1474971409434216,78.72507967282014,OpA
2025-03-28 08:00:00,M3,44.0,0.34140550280316556,79.41612774291632,OpC
2025-03-28 08:00:00,M4,40.0,0.16893967002844276,78.28502412163239,OpB
2025-03-28 09:00:00,M1,60.0,0.03576834707055157,75.59007273410822,OpB
2025-03-28 09:00:00,M2,56.0,0.4010452803349141,77.02341920490099,OpA
2025-03-28 09:00:00,M3,45.0,0.05650846616949834,74.55945094909181,OpC
2025-03-28 09:00:00,M4,51.0,0.19948146441438455,,OpC
2025-03-28 10:00:00,M1,47.0,0.2100182136551129,72.78644413762534,OpB
2025-03-28 10:00:00,M2,42.0,0.1729491357061799,72.55452140201977,OpB
2025-03-28 10:00:00,M3,38.0,0.35757619237967336,73.99953131374058,OpB
2025-03-28 10:00:00,M4,45.0,0.3049154004551361,73.43028016490942,OpC
2025-03-28 11:00:00,M1,63.0,,70.3814517541091,OpB
2025-03-28 11:00:00,M2,58.0,0.37894474570324543,73.185396380448,OpB
2025-03-28 11:00:00,M3,,0.33353954423478704,74.81641782676893,OpB
2025-03-28 11:00:00,M4,43.0,0.3860423172165674,74.32776806783015,OpC
2025-03-28 12:00:00,M1,38.0,0.11892478630872755,70.75808529513525,OpB
2025-03-28 12:00:00,M2,62.0,0.6097036946424647,68.09793267385241,OpA
2025-03-28 12:00:00,M3,46.0,0.2992866202561802,69.15427366328728,OpB
2025-03-28 12:00:00,M4,40.0,0.3695535465977075,,OpA
2025-03-28 13:00:00,M1,45.0,0.6859544816057604,65.74173631015144,OpC
2025-03-28 13:00:00,M2,42.0,0.2121951130776342,68.79173222464172,OpA
2025-03-28 13:00:00,M3,48.0,0.029167613712957844,70.43390153586756,OpC
2025-03-28 13:00:00,M4,,0.18416060785612526,67.61504775071634,OpC
2025-03-28 14:00:00,M1,55.0,0.04229854818624296,64.77087761772707,OpC
2025-03-28 14:00:00,M2,51.0,0.6750827049334769,63.46241948241028,OpA
2025-03-28 14:00:00,M3,41.0,0.3350760779060039,64.96008486451412,OpB
2025-03-28 14:00:00,M4,,0.030387990354829315,65.67984541696526,OpB
2025-03-28 15:00:00,M1,59.0,0.08272889534338027,62.846957297631086,OpB
2025-03-28 15:00:00,M2,,0.5492617962190464,61.491566563799324,OpC
2025-03-28 15:00:00,M3,49.0,0.3349265573255484,60.96978370355071,OpC
2025-03-28 15:00:00,M4,,,62.913008069343704,OpA
2025-03-28 16:00:00,M1,45.0,0.33940403930853835,66.03467111354124,OpA
2025-03-28 16:00:00,M2,45.0,0.6520628155624858,59.32725521077674,OpC
2025-03-28 16:00:00,M3,57.0,0.16782967237152824,63.664267613334225,OpB
2025-03-28 16:00:00,M4,47.0,0.29673086719260205,62.884670039629945,OpB
2025-03-28 17:00:00,M1,46.0,0.2724658115075615,60.12614135134731,OpC
2025-03-28 17:00:00,M2,49.0,0.2469031978233731,62.85521834568785,OpB
2025-03-28 17:00:00,M3,36.0,0.2746639844882574,58.938209971402514,OpA
2025-03-28 17:00:00,M4,65.0,0.41048086908327425,61.508652755170466,OpC
2025-03-28 18:00:00,M1,43.0,0.283487551409495,62.73313123474221,OpB
2025-03-28 18:00:00,M2,49.0,0.3587546403964094,63.24864956287595,OpA
2025-03-28 18:00:00,M3,55.0,0.32958125423105467,59.92910701400614,OpA
2025-03-28 18:00:00,M4,68.0,0.06677011904727281,57.059403385114834,OpC
2025-03-28 19:00:00,M1,54.0,0.23838559043123833,60.54593808391637,OpB
2025-03-28 19:00:00,M2,44.0,,59.34442287957213,OpC
2025-03-28 19:00:00,M3,49.0,0.06273982816683628,60.0143333961362,OpA
2025-03-28 19:00:00,M4,40.0,0.15491992743100114,62.75328353500918,OpB
2025-03-28 20:00:00,M1,44.0,0.2185821349228796,61.432665014501204,OpB
2025-03-28 20:00:00,M2,66.0,,63.785126428039,OpB
2025-03-28 20:00:00,M3,40.0,0.21595656746088396,63.68341421546309,OpC
2025-03-28 20:00:00,M4,54.0,0.4224930896473639,57.76600500326232,OpC
2025-03-28 21:00:00,M1,45.0,,61.425579919011334,OpA
2025-03-28 21:00:00,M2,,0.010555742323580043,60.417148309723,OpC
2025-03-28 21:00:00,M3,45.0,0.4075882382971678,64.67400533256595,OpC
2025-03-28 21:00:00,M4,41.0,0.2249838171093519,64.18751922163594,OpA
2025-03-28 22:00:00,M1,50.0,0.27905518252248607,63.847644641464804,OpC
2025-03-28 22:00:00,M2,49.0,0.2557335128964049,67.29317855209617,OpA
2025-03-28 22:00:00,M3,52.0,0.13503159745024232,62.49091643776878,OpB
2025-03-28 22:00:00,M4,,0.41897403176185216,67.22345768535857,OpA
2025-03-28 23:00:00,M1,62.0,0.39008959545822613,67.94814492543522,OpA
2025-03-28 23:00:00,M2,59.0,0.09029833143948393,65.60855534063742,OpC
2025-03-28 23:00:00,M3,56.0,0.24708211001214636,62.42401811737198,OpA
2025-03-28 23:00:00,M4,58.0,0.2916383312411167,70.68620473683482,OpA
2025-03-29 00:00:00,M1,47.0,0.01667149954732,69.00821475897891,OpB
2025-03-29 00:00:00,M2,39.0,0.1986073669298647,69.49071101934454,OpB
2025-03-29 00:00:00,M3,55.0,0.3529803432583165,71.35776823899057,OpB
2025-03-29 00:00:00,M4,44.0,0.3353398054633891,65.29740190349936,OpA
2025-03-29 01:00:00,M1,,0.48368490954068855,73.1412381475552,OpC
2025-03-29 01:00:00,M2,45.0,0.24318385965628123,72.00470384428483,OpA
2025-03-29 01:00:00,M3,52.0,0.3226162434038459,73.85658535820293,OpB
2025-03-29 01:00:00,M4,53.0,0.12457729238452452,71.57759856359102,OpA
2025-03-29 02:00:00,M1,50.0,0.49861786684463383,75.72099234419218,OpA
2025-03-29 02:00:00,M2,43.0,0.3789650465333287,74.89537318273835,OpB
2025-03-29 02:00:00,M3,36.0,0.623309973629611,71.68838216210165,OpB
2025-03-29 02:00:00,M4,50.0,0.6131870271483055,76.6973253255297,OpA
2025-03-29 03:00:00,M1,40.0,0.06267448536567685,78.20538697261372,OpA
2025-03-29 03:00:00,M2,65.0,0.3790630873854498,81.85595200774209,OpA
2025-03-29 03:00:00,M3,51.0,0.2779497748705442,75.92733494870551,OpC
2025-03-29 03:00:00,M4,42.0,0.17862455023008358,77.16225975409652,OpA
2025-03-29 04:00:00,M1,,0.3623779282773,,OpC
2025-03-29 04:00:00,M2,51.0,0.14014101012871422,78.95776166138728,OpC
2025-03-29 04:00:00,M3,44.0,0.21175907432812077,80.98543477392384,OpC
2025-03-29 04:00:00,M4,47.0,,80.29115183014363,OpC
2025-03-29 05:00:00,M1,67.0,0.13134209061603883,76.83421343747524,OpA
2025-03-29 05:00:00,M2,55.0,0.3542877724606507,80.74088765885607,OpB
2025-03-29 05:00:00,M3,54.0,0.5248389767832974,78.88418221252213,OpB
2025-03-29 05:00:00,M4,45.0,0.41501044082098654,82.36339053738739,OpB
2025-03-29 06:00:00,M1,44.0,0.16739350033554942,80.90933752069574,OpB
2025-03-29 06:00:00,M2,46.0,0.2207941143408968,83.01493854267424,OpC
2025-03-29 06:00:00,M3,55.0,0.4316303408868866,76.98016601577844,OpC
2025-03-29 06:00:00,M4,46.0,0.567296559703067,78.00303877862105,OpA
2025-03-29 07:00:00,M1,54.0,0.09037810843972216,77.28402340400882,OpA
2025-03-29 07:00:00,M2,50.0,,,OpA
2025-03-29 07:00:00,M3,52.0,0.23822268489807089,76.08266229313632,OpC
2025-03-29 07:00:00,M4,44.0,0.08949351479900038,81.92314230094534,OpC
2025-03-29 08:00:00,M1,39.0,0.1350438496671734,76.12974738410682,OpB
2025-03-29 08:00:00,M2,45.0,0.5895662237447059,79.6773227454218,OpC
2025-03-29 08:00:00,M3,57.0,0.27433693181607666,78.64797901722802,OpC
2025-03-29 08:00:00,M4,35.0,0.35596797024931415,79.37753568265518,OpC
2025-03-29 09:00:00,M1,47.0,0.13415061239484008,76.05528506024615,OpA
2025-03-29 09:00:00,M2,46.0,0.09486089840478266,78.20630116229476,OpC
2025-03-29 09:00:00,M3,54.0,0.2289831618364643,77.42250899747926,OpA
2025-03-29 09:00:00,M4,47.0,0.1671960084956903,81.15792097397755,OpC
2025-03-29 10:00:00,M1,56.0,0.02963127175507215,74.37703932924161,OpA
2025-03-29 10:00:00,M2,47.0,0.2636549742022378,75.91392539096675,OpA
2025-03-29 10:00:00,M3,55.0,0.38241071767184975,76.60792974469952,OpB
2025-03-29 10:00:00,M4,43.0,0.12706832852963146,78.02749152084516,OpB
2025-03-29 11:00:00,M1,47.0,0.10807479613704775,73.66815333142831,OpA
2025-03-29 11:00:00,M2,46.0,0.36543623800908526,75.59874543747661,OpA
2025-03-29 11:00:00,M3,41.0,0.2800804549108211,75.94365330046955,OpB
2025-03-29 11:00:00,M4,53.0,0.7175298700188014,72.10566726401652,OpA
2025-03-29 12:00:00,M1,37.0,0.5554077747926035,68.47929916173743,OpC
2025-03-29 12:00:00,M2,57.0,,70.29242118768414,OpC
2025-03-29 12:00:00,M3,53.0,0.166502782584964,70.58940107542007,OpC
2025-03-29 12:00:00,M4,44.0,0.1222044077056897,68.07704613595769,OpC
2025-03-29 13:00:00,M1,54.0,0.10572450489289205,67.844529652515,OpB
2025-03-29 13:00:00,M2,47.0,0.17160589229939915,69.2824196259002,OpA
2025-03-29 13:00:00,M3,55.0,0.3383481089865894,71.99087078992393,OpA
2025-03-29 13:00:00,M4,46.0,0.38960407824737964,67.7251038972938,OpC
2025-03-29 14:00:00,M1,60.0,0.12732554798200307,,OpB
2025-03-29 14:00:00,M2,46.0,0.3744775306105078,66.60775956939237,OpB
2025-03-29 14:00:00,M3,58.0,0.2960864651731663,,OpB
2025-03-29 14:00:00,M4,63.0,0.3428281076317392,59.08281032676601,OpB
2025-03-29 15:00:00,M1,46.0,0.22382165857314978,60.855178502033965,OpA
2025-03-29 15:00:00,M2,50.0,0.2181174987259717,60.76113159577151,OpA
2025-03-29 15:00:00,M3,51.0,0.031589793161444696,63.662472497969844,OpC
2025-03-29 15:00:00,M4,50.0,0.2766184432766166,61.09785461256288,OpB
2025-03-29 16:00:00,M1,56.0,0.14937550074098335,58.56760357540909,OpB
2025-03-29 16:00:00,M2,51.0,0.575027447656354,62.125482276306606,OpB
2025-03-29 16:00:00,M3,58.0,0.4394971757115509,57.874542966202796,OpA
2025-03-29 16:00:00,M4,51.0,0.09268959421393634,59.74703192220374,OpA
2025-03-29 17:00:00,M1,46.0,0.09591309821853682,60.34947554008658,OpB
2025-03-29 17:00:00,M2,50.0,0.27713913739073043,59.56150028228882,OpB
2025-03-29 17:00:00,M3,40.0,0.3411134208097021,62.29450362949054,OpB
2025-03-29 17:00:00,M4,63.0,0.010568878768195861,54.9232070643788,OpA
2025-03-29 18:00:00,M1,47.0,0.13556620253052332,58.36483743538038,OpA
2025-03-29 18:00:00,M2,55.0,0.21698699026335222,64.20654640556921,OpB
2025-03-29 18:00:00,M3,49.0,0.06580228748839859,60.417602811696085,OpA
2025-03-29 18:00:00,M4,49.0,0.6564759275381924,61.978354641184204,OpA
2025-03-29 19:00:00,M1,54.0,0.516680132135304,58.66482258335028,OpC
2025-03-29 19:00:00,M2,44.0,0.33688664352654313,62.041576650860144,OpA
2025-03-29 19:00:00,M3,47.0,0.06445822469722362,61.66064991667925,OpA
2025-03-29 19:00:00,M4,60.0,0.4117415099093506,61.52208573908139,OpB
2025-03-29 20:00:00,M1,41.0,0.15761808888812961,65.56292575090758,OpB
2025-03-29 20:00:00,M2,57.0,0.10999408704107869,59.061473146912604,OpA
2025-03-29 20:00:00,M3,,0.07509579352024598,63.58559140341054,OpA
2025-03-29 20:00:00,M4,50.0,0.4842294501440333,62.454838706746685,OpB
2025-03-29 21:00:00,M1,52.0,0.23627347059281523,64.81840119319598,OpB
2025-03-29 21:00:00,M2,50.0,0.3721991573498017,64.42591345152549,OpB
2025-03-29 21:00:00,M3,51.0,0.370252104914133,63.748339292275475,OpC
2025-03-29 21:00:00,M4,53.0,0.572815034428242,62.12206758700325,OpC
2025-03-29 22:00:00,M1,47.0,0.21060767444818432,65.25163186184797,OpA
2025-03-29 22:00:00,M2,50.0,0.2706056497186975,63.32971487176884,OpC
2025-03-29 22:00:00,M3,56.0,0.23306301271189783,66.56765271079446,OpC
2025-03-29 22:00:00,M4,60.0,0.24041791634657483,60.11147475766287,OpA
2025-03-29 23:00:00,M1,47.0,0.3695927744205946,68.40602565990203,OpA
2025-03-29 23:00:00,M2,53.0,0.6392865150185287,67.43563908176353,OpC
2025-03-29 23:00:00,M3,42.0,0.12012266749948602,61.26275563342239,OpA
2025-03-29 23:00:00,M4,45.0,,66.30574271280196,OpB
2025-03-30 00:00:00,M1,43.0,0.3054600814913456,70.44647665558438,OpA
2025-03-30 00:00:00,M2,47.0,0.11792953492074243,74.44595286369758,OpA
2025-03-30 00:00:00,M3,52.0,0.38032249759929726,67.86361320443547,OpB
2025-03-30 00:00:00,M4,45.0,0.2558910665229064,71.72604102514138,OpA
2025-03-30 01:00:00,M1,52.0,0.061448787251816864,74.99705952265458,OpA
2025-03-30 01:00:00,M2,45.0,0.14434577928173678,74.33574950237303,OpC
2025-03-30 01:00:00,M3,49.0,0.3521388521991583,73.05454773671839,OpC
2025-03-30 01:00:00,M4,51.0,0.2781639299296482,71.56300145869433,OpB
2025-03-30 02:00:00,M1,55.0,0.10908081936039574,73.9738679439483,OpB
2025-03-30 02:00:00,M2,55.0,0.3180675736502233,74.8015984099524,OpA
2025-03-30 02:00:00,M3,57.0,0.30736095594575463,74.35079561238001,OpC
2025-03-30 02:00:00,M4,45.0,0.132222131993564,74.49378569181785,OpB
2025-03-30 03:00:00,M1,61.0,0.3646660641841443,74.7390386293619,OpC
2025-03-30 03:00:00,M2,50.0,0.25450305162166637,77.50864694907524,OpB
2025-03-30 03:00:00,M3,54.0,0.2307211211925831,73.07346096304026,OpA
2025-03-30 03:00:00,M4,53.0,0.2016562039891782,72.57321280513655,OpA
2025-03-30 04:00:00,M1,61.0,0.3041996396591608,76.70452703273533,OpB
2025-03-30 04:00:00,M2,51.0,0.2738639251737829,81.09259670289387,OpA
2025-03-30 04:00:00,M3,,0.146511471482152,75.54650451640742,OpB
2025-03-30 04:00:00,M4,52.0,0.16293884433949846,80.71944119662199,OpB
2025-03-30 05:00:00,M1,45.0,0.21120880673405312,78.11081239280414,OpC
2025-03-30 05:00:00,M2,,0.08198051617335275,77.53050297283335,OpC
2025-03-30 05:00:00,M3,60.0,0.38505606178172325,76.89201584212975,OpB
2025-03-30 05:00:00,M4,55.0,0.12692515192735315,80.89204737217511,OpB
2025-03-30 06:00:00,M1,48.0,0.3199386496329796,79.02922256869,OpB
2025-03-30 06:00:00,M2,49.0,0.7307164863804456,80.63719051681602,OpA
2025-03-30 06:00:00,M3,59.0,0.3397739836027692,76.48027776235193,OpA
2025-03-30 06:00:00,M4,45.0,0.30752695669578295,79.207468418458,OpA
2025-03-30 07:00:00,M1,54.0,0.22536512680495338,76.35820038815064,OpA
2025-03-30 07:00:00,M2,45.0,0.26141007219724716,83.70333460490522,OpB
2025-03-30 07:00:00,M3,28.0,0.44205141204924453,81.05257186527182,OpC
2025-03-30 07:00:00,M4,,0.06714813352385114,79.51402860388406,OpA
2025-03-30 08:00:00,M1,49.0,0.24558188594125974,78.09738668333831,OpB
2025-03-30 08:00:00,M2,55.0,0.1753365808378768,79.02337027253687,OpA
2025-03-30 08:00:00,M3,47.0,0.12687525889718468,78.70383383538237,OpB
2025-03-30 08:00:00,M4,58.0,0.18198228865607263,78.5066818005614,OpA
2025-03-30 09:00:00,M1,39.0,0.3417601182091086,75.43234709397372,OpC
2025-03-30 09:00:00,M2,53.0,0.18303952696362696,74.80032199888434,OpA
2025-03-30 09:00:00,M3,48.0,0.06599193390294768,73.94519153482952,OpA
2025-03-30 09:00:00,M4,52.0,0.5820839027947812,76.96229795711174,OpA
2025-03-30 10:00:00,M1,51.0,0.20066673435127272,74.6045945917026,OpA
2025-03-30 10:00:00,M2,43.0,0.2764501942937468,74.25134256217147,OpA
2025-03-30 10:00:00,M3,51.0,0.2178544678589126,74.03462164446465,OpB
2025-03-30 10:00:00,M4,61.0,0.19623556419567448,69.4200508129773,OpB
2025-03-30 11:00:00,M1,59.0,0.21102753776823752,69.92483968582088,OpB
2025-03-30 11:00:00,M2,54.0,0.4641768104847499,72.46130303906983,OpC
2025-03-30 11:00:00,M3,54.0,0.10738107402781913,71.35875008012783,OpA
2025-03-30 11:00:00,M4,51.0,0.6432237875491295,69.70020678369974,OpB
2025-03-30 12:00:00,M1,52.0,0.30033240390114013,70.42945407209335,OpA
2025-03-30 12:00:00,M2,,0.10076099690908855,72.19222434727386,OpB
2025-03-30 12:00:00,M3,,0.3600444316166289,66.5345220147697,OpB
2025-03-30 12:00:00,M4,51.0,0.20753337558062362,71.3584706030194,OpB
2025-03-30 13:00:00,M1,48.0,0.4478691333492543,67.26442286591269,OpB
2025-03-30 13:00:00,M2,64.0,0.5685597098811199,63.134437917713825,OpB
2025-03-30 13:00:00,M3,49.0,0.3938245254731695,66.45905410811014,OpC
2025-03-30 13:00:00,M4,39.0,0.2934395549400053,68.38286403348003,OpB
2025-03-30 14:00:00,M1,49.0,0.18195183696584488,61.63837326842591,OpA
2025-03-30 14:00:00,M2,47.0,0.4955519495181904,,OpA
2025-03-30 14:00:00,M3,52.0,0.5829312057254756,62.13990267499658,OpB
2025-03-30 14:00:00,M4,48.0,0.5885030193037097,62.97737293782654,OpB
2025-03-30 15:00:00,M1,50.0,0.3086766526405202,64.0880334351389,OpC
2025-03-30 15:00:00,M2,46.0,0.4608780799673007,,OpC
2025-03-30 15:00:00,M3,49.0,0.539385647367214,65.4314493126761,OpB
2025-03-30 15:00:00,M4,54.0,0.08067687655385658,62.41041014285605,OpA
2025-03-30 16:00:00,M1,54.0,0.10226708383938206,57.39649071840337,OpA
2025-03-30 16:00:00,M2,47.0,0.27078358658157164,61.97388159144822,OpB
2025-03-30 16:00:00,M3,59.0,0.13839906034755606,63.647361502831146,OpC
2025-03-30 16:00:00,M4,52.0,0.14677523678332355,68.02794525756839,OpB
2025-03-30 17:00:00,M1,47.0,0.08973061017032027,62.08896792106793,OpA
2025-03-30 17:00:00,M2,,0.4042243023591701,65.1054181439385,OpB
2025-03-30 17:00:00,M3,53.0,0.4129001007022572,61.739129404559264,OpC
2025-03-30 17:00:00,M4,38.0,0.34308294864737604,62.373142256512594,OpC
2025-03-30 18:00:00,M1,37.0,0.4409918676257257,60.838891296837694,OpA
2025-03-30 18:00:00,M2,45.0,0.19020687940952477,63.49673898915054,OpA
2025-03-30 18:00:00,M3,53.0,0.23134780134343388,61.07003855413343,OpC
2025-03-30 18:00:00,M4,56.0,0.21198800830821599,58.41927714362577,OpB
2025-03-30 19:00:00,M1,46.0,0.2775466863774275,56.0232040045388,OpC
2025-03-30 19:00:00,M2,44.0,0.21815155292869443,57.84593866047835,OpB
2025-03-30 19:00:00,M3,47.0,0.15144658517436188,59.091441916778,OpB
2025-03-30 19:00:00,M4,49.0,0.20584178900525643,61.328200792019636,OpC
2025-03-30 20:00:00,M1,65.0,0.19134006481234714,62.399601536920834,OpC
2025-03-30 20:00:00,M2,57.0,0.2816444567605755,62.89412773738776,OpA
2025-03-30 20:00:00,M3,51.0,0.17725210937712949,63.3858676931215,OpC
2025-03-30 20:00:00,M4,64.0,0.24708038412582203,61.894227211088996,OpB
2025-03-30 21:00:00,M1,49.0,0.23770076427578996,60.59537958710276,OpA
2025-03-30 21:00:00,M2,51.0,0.469967414247179,63.43207482375295,OpC
2025-03-30 21:00:00,M3,43.0,0.13251817609027833,63.319994843569084,OpA
2025-03-30 21:00:00,M4,57.0,0.27688213442966475,62.977073819490975,OpC
2025-03-30 22:00:00,M1,,0.159137587463119,64.0781293446509,OpC
2025-03-30 22:00:00,M2,58.0,,,OpC
2025-03-30 22:00:00,M3,43.0,0.41528140232705507,66.58755956916488,OpA
2025-03-30 22:00:00,M4,47.0,0.2250602880153887,63.55155302706951,OpA
2025-03-30 23:00:00,M1,50.0,0.24556706627725852,66.39276514597614,OpA
2025-03-30 23:00:00,M2,49.0,0.25458929746386194,68.19775863661422,OpB
2025-03-30 23:00:00,M3,54.0,0.1793777005058416,69.31965730699353,OpB
2025-03-30 23:00:00,M4,52.0,0.3547738483759671,68.21645906637933,OpB
2025-03-31 00:00:00,M1,50.0,0.2822723893785323,73.38357124572941,OpC
2025-03-31 00:00:00,M2,34.0,0.24223812853389648,71.45331422501484,OpC
2025-03-31 00:00:00,M3,39.0,0.2778548914464627,72.00214720020195,OpB
2025-03-31 00:00:00,M4,56.0,0.2239238375192997,66.27332991672324,OpA
2025-03-31 01:00:00,M1,60.0,,74.08077102927706,OpC
2025-03-31 01:00:00,M2,57.0,0.11696382924469566,72.99813964716867,OpA
2025-03-31 01:00:00,M3,61.0,0.40538887274266217,77.00813650565769,OpC
2025-03-31 01:00:00,M4,49.0,0.1497009264421979,,OpB
2025-03-31 02:00:00,M1,58.0,0.019155647442472275,74.3228586567624,OpA
2025-03-31 02:00:00,M2,49.0,,70.84349967389853,OpC
2025-03-31 02:00:00,M3,61.0,0.24173187016420664,75.78204386129278,OpC
2025-03-31 02:00:00,M4,53.0,0.8137629771068197,,OpB
2025-03-31 03:00:00,M1,45.0,0.17184141791143023,,OpA
2025-03-31 03:00:00,M2,51.0,0.08136904771550646,77.2722463749737,OpA
2025-03-31 03:00:00,M3,53.0,0.48757466188603754,74.83002498562985,OpC
2025-03-31 03:00:00,M4,44.0,0.5138669508610867,77.00334738160433,OpB
2025-03-31 04:00:00,M1,63.0,0.09414000959911224,80.28638252946152,OpA
2025-03-31 04:00:00,M2,51.0,0.44293371027322903,77.53213970011448,OpA
2025-03-31 04:00:00,M3,45.0,0.4805741601541934,77.3093008028346,OpC
2025-03-31 04:00:00,M4,45.0,0.10148818951715546,78.69077841860981,OpA
2025-03-31 05:00:00,M1,51.0,0.10984556792266728,80.06573459163738,OpC
2025-03-31 05:00:00,M2,60.0,0.3763632529328652,77.06635000217494,OpC
2025-03-31 05:00:00,M3,58.0,0.358694432993623,80.98899691213339,OpC
2025-03-31 05:00:00,M4,45.0,0.4595552983291669,79.89034400667008,OpA
2025-03-31 06:00:00,M1,57.0,0.16050535234887184,78.38977638013084,OpC
2025-03-31 06:00:00,M2,48.0,0.3556307820510957,80.17012169383095,OpB
2025-03-31 06:00:00,M3,51.0,0.5082739438752716,77.83908185415811,OpA
2025-03-31 06:00:00,M4,58.0,0.3409002185470588,81.04722843528586,OpC
2025-03-31 07:00:00,M1,50.0,0.14401229552822659,77.9451523505755,OpA
2025-03-31 07:00:00,M2,49.0,,80.8260471088921,OpA
2025-03-31 07:00:00,M3,,0.1650131497114684,78.61871341651666,OpB
2025-03-31 07:00:00,M4,54.0,0.33487317080089174,82.14802003845904,OpA
2025-03-31 08:00:00,M1,43.0,0.17566389038079597,78.1094251207897,OpB
2025-03-31 08:00:00,M2,50.0,0.25341095924565427,83.40922498711119,OpA
2025-03-31 08:00:00,M3,50.0,0.35169288840550084,79.67141763881443,OpA
2025-03-31 08:00:00,M4,54.0,0.25576397596987516,82.69837564292574,OpB
2025-03-31 09:00:00,M1,58.0,0.34089108173868987,76.59795651034793,OpB
2025-03-31 09:00:00,M2,49.0,0.187615960562801,80.06578206589704,OpB
2025-03-31 09:00:00,M3,61.0,0.4324510573413629,78.45799276236482,OpC
2025-03-31 09:00:00,M4,58.0,0.3201707232488933,75.55423607551623,OpB
2025-03-31 10:00:00,M1,49.0,0.48649062432141693,73.57807408754118,OpC
2025-03-31 10:00:00,M2,53.0,0.23482941378378006,75.55239572700467,OpB
2025-03-31 10:00:00,M3,42.0,0.19396689167851916,73.49248631108412,OpA
2025-03-31 10:00:00,M4,53.0,0.1384845933095779,71.54434881058297,OpA
2025-03-31 11:00:00,M1,56.0,0.2346089446029359,72.86128057972827,OpB
2025-03-31 11:00:00,M2,56.0,0.4380687993419059,70.19569847484647,OpA
2025-03-31 11:00:00,M3,45.0,0.5053248833542259,72.7118433488747,OpC
2025-03-31 11:00:00,M4,49.0,0.15298473595987644,71.43784263797187,OpA
2025-03-31 12:00:00,M1,57.0,,67.66317689183433,OpA
2025-03-31 12:00:00,M2,56.0,0.1201185986329833,67.94956343565899,OpB
2025-03-31 12:00:00,M3,36.0,0.4674658626021021,70.1301406990995,OpA
2025-03-31 12:00:00,M4,49.0,0.5300710588013402,72.46620458677764,OpA
2025-03-31 13:00:00,M1,49.0,0.22691834148996914,67.55316882113263,OpB
2025-03-31 13:00:00,M2,46.0,0.41781041540961916,68.90866734340462,OpC
2025-03-31 13:00:00,M3,42.0,0.10784626134444072,63.85807447553366,OpC
2025-03-31 13:00:00,M4,51.0,0.328681560775156,66.2119694044875,OpB
2025-03-31 14:00:00,M1,53.0,0.3207804238811538,65.75296343702267,OpA
2025-03-31 14:00:00,M2,44.0,0.4522817805374959,64.20529405794963,OpB
2025-03-31 14:00:00,M3,50.0,0.20869016622591546,63.203554107780505,OpC
2025-03-31 14:00:00,M4,49.0,0.12504730096588215,64.93648217394022,OpB
2025-03-31 15:00:00,M1,52.0,0.4470888997973847,62.48538317422337,OpA
2025-03-31 15:00:00,M2,45.0,0.28193420412528836,59.72218582838001,OpB
2025-03-31 15:00:00,M3,57.0,0.06784662505681904,62.36207129077059,OpA
2025-03-31 15:00:00,M4,56.0,,58.58368057926124,OpA
2025-03-31 16:00:00,M1,50.0,0.4234771530901891,61.82628614494004,OpC
2025-03-31 16:00:00,M2,57.0,0.074594552173939,63.06457482685687,OpC
2025-03-31 16:00:00,M3,53.0,0.5371913941489569,63.72970271286594,OpA
2025-03-31 16:00:00,M4,43.0,0.45953300089513266,61.63464866076983,OpA
2025-03-31 17:00:00,M1,51.0,0.042124162115067615,56.723433343398234,OpA
2025-03-31 17:00:00,M2,50.0,0.03261546228411151,57.44085618811268,OpA
2025-03-31 17:00:00,M3,40.0,0.029985271130843753,66.35174456581674,OpB
2025-03-31 17:00:00,M4,54.0,0.39714550926413783,59.576464931281606,OpB
2025-03-31 18:00:00,M1,48.0,0.2447356510704319,59.91241965053381,OpC
2025-03-31 18:00:00,M2,55.0,0.11696841275658648,57.766180105129585,OpB
2025-03-31 18:00:00,M3,49.0,0.3392914675409849,59.390644127711525,OpA
2025-03-31 18:00:00,M4,70.0,0.26943454190458904,63.55942774607364,OpB
2025-03-31 19:00:00,M1,65.0,0.26464442917629644,62.362647495385566,OpA
2025-03-31 19:00:00,M2,49.0,0.17226258599245856,61.58246765930087,OpC
2025-03-31 19:00:00,M3,40.0,,62.58085167405117,OpC
2025-03-31 19:00:00,M4,41.0,0.09428878946809219,59.414578783961566,OpA
2025-03-31 20:00:00,M1,55.0,0.12374201810220432,60.1546450057103,OpC
2025-03-31 20:00:00,M2,47.0,0.07710946932385512,56.90437357096641,OpA
2025-03-31 20:00:00,M3,49.0,0.5926846887324648,63.88116532986183,OpA
2025-03-31 20:00:00,M4,50.0,0.1348863993243002,56.88897262934759,OpC
2025-03-31 21:00:00,M1,64.0,0.34396576871537543,63.38789304751752,OpB
2025-03-31 21:00:00,M2,56.0,0.22396569671490513,59.986188106622436,OpA
2025-03-31 21:00:00,M3,48.0,0.08811639472410254,63.22384423999505,OpB
2025-03-31 21:00:00,M4,55.0,0.34129763275969166,66.00824483388872,OpA
2025-03-31 22:00:00,M1,43.0,0.4917940483209402,65.5612562130972,OpB
2025-03-31 22:00:00,M2,39.0,0.3416718219830421,64.41466959565122,OpA
2025-03-31 22:00:00,M3,43.0,0.18385151107345638,64.72167278652735,OpA
2025-03-31 22:00:00,M4,46.0,0.16824525721303799,64.93920408247739,OpA
2025-03-31 23:00:00,M1,49.0,0.3894027695126797,72.01788703316353,OpC
2025-03-31 23:00:00,M2,43.0,0.28679870854871853,63.672314227699175,OpA
2025-03-31 23:00:00,M3,38.0,,68.91180941289045,OpC
2025-03-31 23:00:00,M4,45.0,0.34017115456313873,71.11623845863943,OpA
2025-03-28 23:00:00,M4,58.0,0.2916383312411167,70.68620473683482,OpA
2025-02-20 00:00:00,M3,45.0,0.03364406086282842,69.43938126891679,OpB
2025-01-16 05:00:00,M3,50.0,0.39024721422534536,81.7171695156982,OpB
2025-01-18 07:00:00,M4,50.0,0.35313255587701553,81.31589808336572,OpC
2025-03-04 01:00:00,M1,53.0,0.40451580513736024,71.78231225371377,OpB
2025-02-25 04:00:00,M4,39.0,0.49559554097974384,76.45279891345196,OpB
2025-03-14 12:00:00,M4,59.0,0.19392000044155958,67.87203964992925,OpB
2025-01-03 02:00:00,M4,38.0,0.47562350756985433,73.8630996924561,OpC
2025-02-16 12:00:00,M1,46.0,0.2273416358890307,69.21334634500023,OpC
2025-02-14 08:00:00,M4,42.0,0.42762767979541577,75.03375495831912,OpC
2025-03-07 21:00:00,M3,47.0,,65.4660422519827,OpB
2025-01-23 16:00:00,M2,38.0,0.17284561821074065,61.28459478532471,OpC
2025-02-15 19:00:00,M4,44.0,0.22613497478394595,58.103744022762996,OpB
2025-02-16 04:00:00,M2,47.0,0.07513278746779287,81.37600349577195,OpA
2025-03-20 17:00:00,M1,61.0,0.3109499490264384,58.80328906146516,OpB
2025-02-17 12:00:00,M3,47.0,0.32181556992855015,72.79206196485787,OpB
2025-01-23 01:00:00,M4,53.0,0.2518688896712289,75.17514073844566,OpA
2025-03-16 00:00:00,M1,41.0,0.6660861213859433,70.741004890675,OpB
2025-03-08 04:00:00,M2,62.0,0.2586450413904443,80.90591730859576,OpA
2025-03-22 17:00:00,M2,49.0,0.2852896616132221,,OpC
2025-03-01 00:00:00,M2,57.0,0.3334903203106007,66.82500595302952,OpC
2025-01-28 09:00:00,M1,57.0,0.39115047716483814,78.89984944416825,OpC
2025-02-19 12:00:00,M3,50.0,0.14830929474462748,68.53256655939678,OpB
2025-03-05 21:00:00,M1,56.0,0.21601834331816966,65.52825288149114,OpC
2025-02-06 04:00:00,M3,63.0,0.6154932531559147,74.26099359579547,OpA
2025-03-12 05:00:00,M2,50.0,0.38568512441068337,80.00602560630357,OpC
2025-02-01 03:00:00,M3,52.0,0.092147641450007,78.87965628474007,OpB
2025-01-26 18:00:00,M2,49.0,0.25047540713425076,61.080179254098404,OpB
2025-02-05 05:00:00,M2,63.0,0.5161879965792865,79.41906354990005,OpC
2025-02-27 15:00:00,M1,39.0,0.4727070214108092,63.1986508516171,OpA
2025-01-16 00:00:00,M4,40.0,0.2575593738603192,,OpA
2025-03-21 09:00:00,M4,56.0,,78.88474593081887,OpA
2025-03-13 17:00:00,M1,68.0,0.7046047266431414,62.47549548550249,OpA
2025-03-16 14:00:00,M4,53.0,0.07678547693495166,66.63109777019066,OpC
2025-01-03 21:00:00,M4,56.0,0.28353603059232385,62.224337424744775,OpB
2025-02-16 15:00:00,M4,63.0,0.3356356146087487,65.05163654724804,OpA
2025-03-06 02:00:00,M1,46.0,0.10132798957048783,78.17106128703176,OpC
2025-01-28 23:00:00,M2,58.0,0.5127736845341954,64.46921843297858,OpB
2025-01-13 20:00:00,M3,52.0,0.31684616501907326,60.88778361956532,OpB
2025-02-09 11:00:00,M2,46.0,0.038036826816405585,71.9816960332347,OpA
2025-01-16 01:00:00,M3,56.0,0.3821128227841298,75.33768396273021,OpB
2025-03-07 17:00:00,M1,46.0,0.5429334619654262,62.791267871055844,OpB
2025-02-24 13:00:00,M4,48.0,0.20124397546108078,67.50782687351723,OpA
2025-02-19 23:00:00,M4,50.0,0.11248591207895488,62.73227996751213,OpC
2025-01-13 20:00:00,M4,47.0,0.42018017885289216,58.80094678320249,OpC
2025-02-12 15:00:00,M3,35.0,0.37203352960319536,61.54230693442714,OpC
2025-02-23 15:00:00,M4,51.0,0.22251384567348645,,OpA
2025-01-01 18:00:00,M3,41.0,0.1488351826962627,57.41218133521712,OpA
2025-03-03 07:00:00,M3,53.0,0.17171554973085423,78.7668910022765,OpC
2025-01-01 05:00:00,M3,49.0,,78.91131268708837,OpB
2025-02-01 04:00:00,M1,65.0,0.43415913865870037,79.34281141087524,OpC
2025-02-13 21:00:00,M2,61.0,0.16474101449301776,63.22317774493186,OpC
2025-02-13 02:00:00,M3,51.0,0.2988920682010766,73.49111784724069,OpC
2025-03-27 03:00:00,M3,,0.4607155515777843,78.54404984635804,OpC
2025-01-24 15:00:00,M1,61.0,0.4787685029270202,65.02967658114531,OpA
2025-02-04 17:00:00,M2,,0.3542842050343886,59.597677947215594,OpB
2025-01-01 09:00:00,M2,43.0,0.5400041833502446,76.94700740053975,OpA
2025-01-06 14:00:00,M4,40.0,0.37358179973717526,64.68958052740165,OpB
2025-01-14 00:00:00,M1,55.0,0.407370925737751,69.50618208189206,OpA
2025-01-10 16:00:00,M1,46.0,0.40511130664176126,63.429279088453946,OpC
2025-01-01 05:00:00,M4,,0.30270480959033796,80.7434951851033,OpB
2025-03-17 12:00:00,M3,43.0,0.17594988939060296,69.32114982075115,OpB
2025-01-07 02:00:00,M4,52.0,0.3863120104617471,75.71811407953334,OpC
2025-03-10 04:00:00,M3,57.0,0.11108467315011447,76.3186052018321,OpC
2025-03-06 05:00:00,M2,45.0,0.35874265544038936,76.55017342260581,OpA
2025-03-05 10:00:00,M3,63.0,,74.83813560559217,OpA
2025-01-31 20:00:00,M4,46.0,0.2183470703965565,61.81890331743862,OpB
2025-03-09 12:00:00,M4,41.0,0.32871951866430565,68.00730788795899,OpC
2025-03-23 19:00:00,M2,69.0,0.15717858627948555,60.69011991413558,OpA
2025-01-13 18:00:00,M1,45.0,0.3951060365717874,57.340776101435026,OpA
2025-02-13 07:00:00,M2,54.0,0.033650528510438905,83.19151546605224,OpA
2025-03-14 20:00:00,M2,52.0,0.10214817387802268,56.404207820795044,OpA
2025-03-21 18:00:00,M2,48.0,0.04058284148948588,,OpC
2025-03-20 04:00:00,M4,43.0,0.396544415888265,77.04231166749932,OpA
2025-03-01 05:00:00,M3,40.0,0.3927179097553244,79.88118121810626,OpB
2025-03-02 20:00:00,M2,55.0,0.15580768673077433,59.74724676526297,OpA
2025-02-05 00:00:00,M2,53.0,0.4050177781801347,71.09560231834816,OpA
2025-03-16 04:00:00,M1,54.0,0.624313595405874,79.30490327393639,OpA
2025-01-01 04:00:00,M4,47.0,0.1240266259720778,76.1285564644432,OpC
2025-03-11 07:00:00,M2,47.0,0.37175889781188953,81.60926621147337,OpB
2025-02-08 21:00:00,M1,47.0,0.6797012061861126,,OpB
2025-02-19 12:00:00,M1,56.0,0.2615356687958678,69.8663746278649,OpA
2025-02-11 06:00:00,M2,53.0,0.11360158894693553,79.65083707953322,OpB
2025-01-05 07:00:00,M4,65.0,0.11700884758652495,81.61091942161623,OpB
2025-02-11 22:00:00,M1,58.0,0.13601888260853945,59.77861882295146,OpA
2025-02-07 22:00:00,M1,47.0,0.12880397988969525,66.52303219284138,OpA
2025-01-20 23:00:00,M4,50.0,0.13671809561534262,64.09972805588525,OpC
2025-02-01 22:00:00,M4,52.0,0.5241746715066992,66.43044305969876,OpC
2025-02-27 01:00:00,M4,53.0,0.14643687402168098,76.48065326035443,OpC
2025-03-27 01:00:00,M4,49.0,0.1574921009295285,72.2722746416829,OpC
2025-03-03 07:00:00,M1,40.0,0.15011571556381673,83.15055128104962,OpB
2025-02-28 19:00:00,M3,46.0,0.20954317994138047,62.05040466425601,OpB
2025-02-04 04:00:00,M2,52.0,0.3900421235493674,77.42740237181944,OpC
2025-03-06 23:00:00,M2,57.0,0.5181349448451947,66.08696515702148,OpC
2025-02-24 00:00:00,M1,58.0,0.1720527862236221,70.30344095726004,OpC
2025-01-10 21:00:00,M4,49.0,0.4205544777079757,62.43400663809858,OpC
2025-01-14 18:00:00,M1,48.0,0.26403445040878915,60.77659738499519,OpC
2025-02-06 08:00:00,M2,52.0,,78.09661045388599,OpA
2025-01-15 12:00:00,M3,46.0,0.31030906964246574,64.93010503119228,OpB
2025-01-26 10:00:00,M2,57.0,0.195617863404088,76.02098232975781,OpC
2025-01-25 03:00:00,M3,54.0,0.35024497911206154,72.58299709746261,OpC
2025-01-16 02:00:00,M4,41.0,0.09546721759427275,74.3891382777312,OpB
2025-01-29 19:00:00,M4,59.0,0.25952072304061247,59.09502708592085,OpA
2025-02-10 11:00:00,M2,43.0,0.2718405328494174,72.4281705364947,OpA
2025-01-14 18:00:00,M2,49.0,0.3739627186044646,59.47527110126773,OpB
2025-01-27 22:00:00,M4,50.0,0.36899434756756494,62.37324092299609,OpA
2025-01-28 06:00:00,M1,56.0,0.40355430951515975,79.98351245090994,OpC
2025-03-15 04:00:00,M3,39.0,0.11803511675804552,76.19395441084025,OpB
2025-02-11 13:00:00,M3,49.0,0.12748742044404215,66.45726756152513,OpC
2025-02-24 01:00:00,M3,55.0,0.23164454360907274,73.03883728839007,OpA
2025-02-01 20:00:00,M1,60.0,0.24729114923206796,60.36583232257725,OpC
2025-01-16 10:00:00,M1,58.0,0.33785558082091444,74.93158847651526,OpC
2025-01-24 08:00:00,M3,42.0,0.28494065431148274,78.77294760364306,OpB
2025-02-21 05:00:00,M3,55.0,0.4368567111010287,79.27806805582857,OpB
2025-01-24 07:00:00,M4,47.0,0.06748031103077888,,OpB
2025-02-11 20:00:00,M4,38.0,0.22583127023370375,58.137862997145696,OpC
2025-01-29 17:00:00,M2,39.0,0.3065346385111833,63.15342296432254,OpC
2025-03-08 05:00:00,M4,48.0,0.38837841321825745,79.92993874426381,OpA
2025-02-03 16:00:00,M1,,0.41507655293185197,60.793012797154205,OpB
2025-01-14 08:00:00,M3,51.0,0.03584758352996332,80.28242599236758,OpC
2025-03-23 20:00:00,M4,,0.18958262080341695,58.13066153014061,OpB
2025-02-20 06:00:00,M4,61.0,0.27071397042435097,82.05618259571574,OpC
2025-03-11 05:00:00,M1,47.0,0.13448909096855863,80.28024348891414,OpC
2025-03-01 10:00:00,M3,60.0,0.41222685053856595,73.4191697842876,OpC
2025-01-21 16:00:00,M1,47.0,0.4271302395087834,62.68184358385463,OpA
2025-03-26 08:00:00,M4,49.0,0.14637948232009584,75.32794027760588,OpA
2025-01-26 12:00:00,M2,57.0,0.20521343810194287,67.68773849086324,OpC
2025-03-29 16:00:00,M2,51.0,0.575027447656354,62.125482276306606,OpB
2025-01-06 23:00:00,M3,34.0,,68.107802851274,OpC
2025-02-07 13:00:00,M3,50.0,0.2893051345373529,68.50410046583161,OpB
2025-01-24 01:00:00,M4,38.0,0.4407288152214867,75.05108953863623,OpB
2025-03-27 16:00:00,M4,57.0,0.24015461861720638,62.37574674550191,OpB
2025-03-14 05:00:00,M3,60.0,0.3395501680916295,82.66736654716736,OpC
2025-01-10 02:00:00,M3,41.0,0.3467347238808839,78.22576347285566,OpC
2025-03-18 09:00:00,M2,40.0,0.19305016421560575,78.18638917298851,OpA
2025-02-23 02:00:00,M4,44.0,0.3260557898024897,75.39409554770315,OpA
2025-01-18 12:00:00,M2,43.0,0.07536248221924899,70.09822371833191,OpB
2025-01-05 20:00:00,M3,50.0,0.0382711750946947,60.59183390894767,OpB
2025-02-12 01:00:00,M3,47.0,0.0859163197181665,70.2754780088033,OpA
2025-02-12 22:00:00,M2,41.0,0.1219358666800257,61.83605051989039,OpC
2025-02-28 17:00:00,M3,47.0,0.3992573575449171,60.664204335769845,OpB
2025-03-15 09:00:00,M1,50.0,0.29632161055042405,78.04645403146736,OpB
2025-02-25 22:00:00,M3,60.0,0.21544048749032407,63.22528822020452,OpC
2025-02-07 23:00:00,M3,,0.45103676078166327,60.87002622030881,OpC
2025-02-17 15:00:00,M3,61.0,0.37042900679205787,,OpA
2025-01-21 02:00:00,M1,65.0,0.24233105779787956,74.56660558514903,OpB
2025-03-02 09:00:00,M2,55.0,0.5096333758011824,76.76751126071326,OpB
2025-01-16 14:00:00,M3,56.0,0.5646484555320076,62.796733186697566,OpC
2025-01-25 14:00:00,M2,56.0,0.645554828176856,65.05032684859768,OpA
2025-03-27 00:00:00,M1,47.0,0.42248213905211307,67.61229600091109,OpB
2025-01-03 13:00:00,M2,55.0,0.5127669266990003,69.7804488295343,OpC
2025-01-28 15:00:00,M2,,0.2688360282873098,61.43990420207818,OpB
2025-03-05 01:00:00,M1,52.0,0.07653040946193466,74.86027584083098,OpB
2025-01-18 02:00:00,M3,,0.31486034777884364,76.58154008468208,OpB
2025-01-17 18:00:00,M4,51.0,0.11362249791817453,58.682004067114576,OpB
2025-02-18 15:00:00,M3,42.0,0.23322279199491472,,OpA
2025-01-22 08:00:00,M1,50.0,0.25009825226091087,75.45255737826926,OpA
2025-03-13 12:00:00,M2,39.0,0.15823426024058979,68.55209234465462,OpB
2025-03-26 01:00:00,M3,45.0,0.06615968056698278,73.68391485665434,OpB
2025-01-20 03:00:00,M1,49.0,0.3125337497464842,77.13676823632453,OpA
2025-02-28 02:00:00,M4,49.0,0.32198925370919396,75.07902107727831,OpA
2025-01-08 09:00:00,M3,47.0,,73.17262534934648,OpB
2025-02-07 13:00:00,M1,53.0,0.4314668216226236,66.87680581394098,OpB
2025-03-07 07:00:00,M4,46.0,0.31490825951958284,80.6354837390155,OpB
2025-03-25 03:00:00,M2,69.0,0.5134694934405862,76.84650891385193,OpB
2025-01-02 15:00:00,M2,45.0,,64.22570346137827,OpC
2025-03-30 05:00:00,M3,60.0,0.38505606178172325,76.89201584212975,OpB
2025-02-19 13:00:00,M1,64.0,0.07657981275511595,68.5998348300286,OpC
2025-03-22 03:00:00,M4,61.0,0.5213713246463398,76.63802610005618,OpB
2025-01-13 15:00:00,M2,40.0,0.2874457258449823,65.17650439305982,OpA
2025-03-22 16:00:00,M4,42.0,0.13298873117465057,61.548270987365385,OpA
2025-01-11 08:00:00,M4,64.0,,74.80297865948017,OpA
2025-01-05 11:00:00,M4,53.0,0.5152435452118194,,OpC
